{"type": "FeatureCollection", "features": [{"type": "Feature", "properties": {"ref": "4", "name": "Schwabing-West"}, "geometry": {"type": "Polygon", "coordinates": [[[11.58045738, 48.17759137], [11.57972627, 48.17764552], [11.57913152, 48.17770389], [11.57680788, 48.1779322], [11.5756923, 48.17801522], [11.57456638, 48.17804981], [11.57339481, 48.17803029], [11.57332165, 48.17802363], [11.57299334, 48.17799608], [11.57285656, 48.17798496], [11.57224663, 48.17791886], [11.5716366, 48.17780495], [11.5708696, 48.17759698], [11.57079504, 48.17757656], [11.56851625, 48.17693097], [11.56765349, 48.17667313], [11.56688889, 48.17644594], [11.56624776, 48.17626166], [11.56537245, 48.17608931], [11.5641372, 48.17600396], [11.56125567, 48.17605346], [11.55845753, 48.1761], [11.55831624, 48.17590677], [11.55944006, 48.17497667], [11.55986764, 48.1746545], [11.56032123, 48.17420664], [11.56039757, 48.17411918], [11.56039959, 48.17391294], [11.56039797, 48.17380431], [11.56040062, 48.17362437], [11.56040999, 48.17344445], [11.56042672, 48.173265], [11.56042673, 48.17326491], [11.56045126, 48.17308584], [11.56048238, 48.17290718], [11.56051713, 48.17272876], [11.56054576, 48.17258947], [11.56055418, 48.17254885], [11.56059347, 48.17237093], [11.56064465, 48.1721945], [11.56070637, 48.17201967], [11.56075597, 48.17188075], [11.56076825, 48.17184492], [11.56081634, 48.17172627], [11.56083859, 48.1716714], [11.56065879, 48.17165563], [11.56063309, 48.17165337], [11.56092119, 48.17016054], [11.56158557, 48.16843254], [11.55999586, 48.16856072], [11.55920058, 48.16860541], [11.55839808, 48.16860987], [11.55760076, 48.16857462], [11.55689693, 48.16850893], [11.55620574, 48.16839722], [11.55552378, 48.16822742], [11.55506355, 48.16803912], [11.55449992, 48.16773659], [11.55414657, 48.16746176], [11.55373314, 48.16706472], [11.55341628, 48.16662748], [11.55320321, 48.16616544], [11.55304993, 48.1655089], [11.55298923, 48.16478993], [11.55295755, 48.16149044], [11.5514006, 48.16147145], [11.55077973, 48.16130302], [11.54963276, 48.16068153], [11.54964086, 48.16067553], [11.55211362, 48.15863028], [11.55426684, 48.15685262], [11.55598808, 48.15543137], [11.56004248, 48.15763436], [11.56050996, 48.15756476], [11.56063337, 48.15751934], [11.56074409, 48.15748426], [11.56210856, 48.15721163], [11.562368, 48.15716405], [11.56376045, 48.15694773], [11.5639961, 48.15692815], [11.56574438, 48.15678389], [11.56602987, 48.15679994], [11.56811295, 48.15677052], [11.56859086, 48.1567136], [11.56876044, 48.15669415], [11.57011845, 48.15659536], [11.57060373, 48.15651613], [11.57072614, 48.15648018], [11.57085217, 48.1564433], [11.57515426, 48.15520714], [11.57535568, 48.15515928], [11.57549981, 48.15512566], [11.5760766, 48.15502816], [11.57631657, 48.15501189], [11.57682472, 48.15495215], [11.57885938, 48.15472783], [11.57928764, 48.15468092], [11.57959079, 48.15574285], [11.57984616, 48.15768635], [11.5798651, 48.15781505], [11.57988851, 48.15795183], [11.58002298, 48.15873773], [11.58005361, 48.15891696], [11.58020298, 48.15986841], [11.58022912, 48.16002862], [11.58038748, 48.16099928], [11.58039957, 48.16107702], [11.57966719, 48.16113562], [11.57982608, 48.16212991], [11.57992765, 48.16279722], [11.57993949, 48.16287503], [11.57952763, 48.1638796], [11.57950318, 48.16396175], [11.57948158, 48.16403689], [11.57907742, 48.1664656], [11.57907092, 48.1665276], [11.57905338, 48.16667554], [11.57916801, 48.16711328], [11.57931637, 48.16711058], [11.58109996, 48.16708709], [11.5813283, 48.16709701], [11.58262413, 48.16714453], [11.58262988, 48.16776133], [11.58270392, 48.16830446], [11.58285988, 48.16887682], [11.58304468, 48.16903224], [11.58314914, 48.16932044], [11.58289575, 48.17008128], [11.58274079, 48.17090209], [11.58270896, 48.17106738], [11.58242543, 48.17229368], [11.5821184, 48.1736533], [11.58163454, 48.17627016], [11.58327376, 48.17640566], [11.5839813, 48.17646446], [11.58437956, 48.1764967], [11.58496713, 48.17654544], [11.58536338, 48.17657858], [11.58527482, 48.17756896], [11.58526834, 48.17764154], [11.58485427, 48.17763469], [11.58325423, 48.17760832], [11.58118771, 48.17757973], [11.58045738, 48.17759137]]]}}, {"type": "Feature", "properties": {"ref": "19", "name": "Thalkirchen-Obersendling-Forstenried-Fürstenried-Solln"}, "geometry": {"type": "MultiPolygon", "coordinates": [[[[11.49093845, 48.07407154], [11.49097942, 48.07410163], [11.49085557, 48.07417787], [11.49076116, 48.07423596], [11.49072723, 48.07425683], [11.49053587, 48.07411702], [11.49058624, 48.07408576], [11.49056799, 48.07407232], [11.49022452, 48.07381955], [11.49030239, 48.07377232], [11.49064551, 48.07402361], [11.49067088, 48.07400868], [11.49077188, 48.07394925], [11.49084636, 48.07400391], [11.49093845, 48.07407154]]], [[[11.55200804, 48.10675875], [11.55193472, 48.1067608], [11.55193325, 48.10674406], [11.55187121, 48.10674535], [11.55187146, 48.1067476], [11.5516817, 48.10675343], [11.55165931, 48.1067181], [11.55165908, 48.10671297], [11.55165576, 48.10664561], [11.55164757, 48.10664531], [11.55164646, 48.1066346], [11.55160096, 48.10663433], [11.55157436, 48.1062268], [11.55162769, 48.10622459], [11.55154687, 48.1057768], [11.55154018, 48.1057122], [11.55158559, 48.10570924], [11.55155308, 48.1056036], [11.55151792, 48.10550777], [11.55146997, 48.10538228], [11.55142523, 48.10528785], [11.55137916, 48.10519494], [11.55133065, 48.10510904], [11.55130781, 48.10506408], [11.55124955, 48.10496996], [11.55117858, 48.10486915], [11.55111606, 48.1047876], [11.55101483, 48.10466838], [11.55091715, 48.10454982], [11.55074403, 48.10460361], [11.55064208, 48.10463558], [11.55029025, 48.10474598], [11.55047716, 48.10490638], [11.55048542, 48.10491388], [11.55051327, 48.10493782], [11.55052576, 48.10495075], [11.54925728, 48.10536768], [11.54896531, 48.1054745], [11.54886359, 48.10551292], [11.54805364, 48.10572334], [11.54762876, 48.10500264], [11.54693775, 48.10517571], [11.54647618, 48.10526175], [11.54623825, 48.10529033], [11.54550102, 48.10532221], [11.54489873, 48.10541218], [11.5441229, 48.10541692], [11.54370832, 48.10519533], [11.54342742, 48.10501745], [11.54317623, 48.10474234], [11.54281466, 48.10432229], [11.54261088, 48.10411901], [11.54233812, 48.10388816], [11.54167164, 48.10338151], [11.5413626, 48.10313772], [11.54126783, 48.10300244], [11.54125244, 48.1028897], [11.54129686, 48.10221797], [11.54128842, 48.10188048], [11.54120193, 48.10188514], [11.5411768, 48.10188738], [11.54117162, 48.10194115], [11.54116656, 48.10196716], [11.54116121, 48.10199462], [11.54114897, 48.10204906], [11.54114121, 48.10208359], [11.54111867, 48.10217227], [11.54107444, 48.10232867], [11.54093219, 48.10277939], [11.54089374, 48.10290604], [11.54085645, 48.10302399], [11.54086281, 48.10303291], [11.5408551, 48.10305676], [11.54084837, 48.1030762], [11.54072547, 48.10343027], [11.54070261, 48.10350156], [11.54067199, 48.10359674], [11.54063913, 48.1037237], [11.54059977, 48.10391617], [11.54059407, 48.1039579], [11.54040095, 48.10393428], [11.53920649, 48.10378252], [11.53791361, 48.1036625], [11.53638975, 48.10356256], [11.53640062, 48.10361754], [11.53640461, 48.10363753], [11.53641438, 48.10368829], [11.5364125, 48.10368801], [11.5363168, 48.10366742], [11.53626511, 48.10365629], [11.53621468, 48.10364544], [11.53614699, 48.10363087], [11.53613228, 48.1036277], [11.53604908, 48.10360981], [11.5360224, 48.10360407], [11.53586899, 48.10357109], [11.53562463, 48.10351858], [11.53565513, 48.10357609], [11.53567691, 48.10392791], [11.53567996, 48.10397702], [11.53568921, 48.10412706], [11.53558946, 48.10440023], [11.53555793, 48.1044868], [11.53529771, 48.10519909], [11.53409848, 48.1050922], [11.53364166, 48.10505149], [11.53368353, 48.10482846], [11.53357941, 48.10483533], [11.53350089, 48.10447858], [11.53351997, 48.1044773], [11.53364049, 48.10446942], [11.53365472, 48.10435184], [11.53353093, 48.10434802], [11.53353822, 48.10425355], [11.53350291, 48.10425251], [11.53331417, 48.10424635], [11.53328103, 48.10424405], [11.5331423, 48.10423511], [11.53302236, 48.10422589], [11.53285609, 48.10421369], [11.53283167, 48.10421191], [11.53275599, 48.10420584], [11.53245461, 48.10418277], [11.53211264, 48.10415675], [11.53194019, 48.10414355], [11.53177542, 48.10413182], [11.53172297, 48.10412684], [11.53147314, 48.10410182], [11.53131295, 48.10408735], [11.53125956, 48.10408247], [11.53104114, 48.10406409], [11.53102248, 48.10406284], [11.53098457, 48.10402333], [11.53098177, 48.1040204], [11.53087294, 48.10389485], [11.53076939, 48.1037651], [11.53067311, 48.1036333], [11.53038794, 48.1036028], [11.52947387, 48.10394028], [11.52945121, 48.10393722], [11.52925677, 48.10390928], [11.52920435, 48.10390106], [11.52909975, 48.10388499], [11.5289569, 48.10386642], [11.52870977, 48.1038308], [11.52859673, 48.10381676], [11.52845741, 48.10379945], [11.52829862, 48.10377955], [11.52814915, 48.10376392], [11.52802949, 48.10375173], [11.52799864, 48.10374927], [11.52781352, 48.10373465], [11.52781131, 48.10374094], [11.52767642, 48.10372401], [11.52744779, 48.10369519], [11.5271719, 48.1036605], [11.52703363, 48.10364302], [11.52691227, 48.10362776], [11.52666917, 48.10359706], [11.52654415, 48.10358136], [11.5265365, 48.10358043], [11.52643248, 48.10357425], [11.52617928, 48.10355907], [11.52594976, 48.10354544], [11.52581984, 48.10353771], [11.52569374, 48.10352792], [11.52570252, 48.1034749], [11.52460115, 48.10343496], [11.52437325, 48.10344325], [11.52413078, 48.10345145], [11.52287897, 48.10341291], [11.52242444, 48.10340283], [11.52218736, 48.10341633], [11.52191048, 48.10341167], [11.52177731, 48.10341266], [11.5210206, 48.10335146], [11.52026586, 48.10332532], [11.52006483, 48.10331817], [11.51996932, 48.10331366], [11.51986388, 48.10330869], [11.51966406, 48.10329141], [11.51946592, 48.10326688], [11.51927406, 48.10322595], [11.51909094, 48.10316976], [11.51907341, 48.10316285], [11.51891705, 48.1031021], [11.51886817, 48.10314507], [11.51879934, 48.10319553], [11.51869953, 48.10325594], [11.51849224, 48.10337009], [11.51838875, 48.10342731], [11.5183601, 48.10344688], [11.51826212, 48.10351375], [11.51818283, 48.10357645], [11.51811304, 48.10364253], [11.51806884, 48.10368768], [11.51804492, 48.10374864], [11.5180267, 48.10381683], [11.51798956, 48.10400307], [11.51796646, 48.10411892], [11.51795558, 48.10417349], [11.51794148, 48.10421749], [11.51791465, 48.10425857], [11.51768366, 48.10450968], [11.51752613, 48.10454613], [11.51532178, 48.10352875], [11.51445597, 48.10311308], [11.51427264, 48.10302428], [11.51354799, 48.10261948], [11.51286305, 48.10218381], [11.51215272, 48.10168498], [11.51200164, 48.10170908], [11.51197852, 48.1017106], [11.51194506, 48.10171298], [11.51163291, 48.10173481], [11.51148811, 48.10174451], [11.51131485, 48.10175241], [11.51115682, 48.10175366], [11.5110019, 48.10174705], [11.51077964, 48.10173368], [11.51057031, 48.10172059], [11.51036945, 48.10170549], [11.51029207, 48.10169743], [11.51021265, 48.10168918], [11.5101917, 48.101687], [11.5101252, 48.10168009], [11.51016852, 48.10123278], [11.51011448, 48.10122571], [11.50959612, 48.1011579], [11.5094228, 48.10113513], [11.5089685, 48.10106716], [11.5088515, 48.10104578], [11.50885825, 48.10089724], [11.50886336, 48.1007806], [11.50886376, 48.10069525], [11.50886725, 48.10069527], [11.5088448, 48.1006144], [11.50877675, 48.10037018], [11.50876791, 48.10033884], [11.50868434, 48.10003842], [11.50866835, 48.09998475], [11.50864005, 48.09988433], [11.50862226, 48.09982238], [11.50859753, 48.09972864], [11.50858554, 48.09967822], [11.50857276, 48.099626], [11.50852912, 48.09950271], [11.5085494, 48.09950163], [11.50856057, 48.09947058], [11.50859081, 48.09939689], [11.50859343, 48.09938971], [11.50859605, 48.09938262], [11.50863133, 48.09928738], [11.50865529, 48.0991981], [11.50865924, 48.09916494], [11.50866625, 48.09910707], [11.50865666, 48.09904345], [11.50850867, 48.09899496], [11.50832156, 48.09906266], [11.50824843, 48.09908538], [11.50817159, 48.09910179], [11.5080924, 48.09911162], [11.50800785, 48.09911028], [11.50774644, 48.09911422], [11.50757986, 48.09911375], [11.50746571, 48.09911425], [11.50742557, 48.09911444], [11.50697547, 48.09910736], [11.50694242, 48.09912232], [11.50651865, 48.09916275], [11.50635722, 48.09906867], [11.50601406, 48.0993317], [11.50488702, 48.10024066], [11.50441231, 48.10056871], [11.50412075, 48.10075176], [11.50365721, 48.10099245], [11.50311274, 48.10126842], [11.502709, 48.10148568], [11.50231374, 48.10172984], [11.50199381, 48.10201113], [11.50174091, 48.10232502], [11.50167268, 48.10245042], [11.50156797, 48.10266386], [11.50147456, 48.10261652], [11.50093983, 48.10234548], [11.50083838, 48.10232561], [11.50082391, 48.10232267], [11.50058301, 48.10230348], [11.50056437, 48.102302], [11.50034571, 48.10229564], [11.50031506, 48.10227077], [11.50032024, 48.1022627], [11.50031261, 48.10226086], [11.50031124, 48.10226347], [11.5002918, 48.10224575], [11.50026925, 48.10223144], [11.5000097, 48.10209814], [11.50003326, 48.10207738], [11.49999718, 48.10205897], [11.49996969, 48.10208322], [11.49997317, 48.10208476], [11.49991993, 48.1021321], [11.49963985, 48.10215752], [11.49920154, 48.10193519], [11.49912808, 48.10189791], [11.49908887, 48.10170815], [11.49920048, 48.10161006], [11.49536272, 48.09966421], [11.4945734, 48.09926404], [11.49433738, 48.09934836], [11.48999433, 48.09751084], [11.487508, 48.09626916], [11.48737045, 48.09620122], [11.48728864, 48.09616948], [11.48715927, 48.09615128], [11.48714278, 48.09614896], [11.48702761, 48.0961327], [11.48703595, 48.09606339], [11.48703206, 48.09606301], [11.48645116, 48.09591559], [11.48214748, 48.0953921], [11.4821071, 48.09557774], [11.48202974, 48.09563606], [11.48201391, 48.09562151], [11.48200716, 48.09562472], [11.482023, 48.09563936], [11.48198313, 48.09565885], [11.48196557, 48.09566744], [11.48195442, 48.09567288], [11.48190901, 48.09569506], [11.48183035, 48.09573509], [11.48094289, 48.09659426], [11.48067668, 48.0964974], [11.48063975, 48.0964851], [11.48055815, 48.09665434], [11.48053611, 48.0966974], [11.48025111, 48.09728092], [11.48013782, 48.0975048], [11.480108, 48.09756032], [11.47989869, 48.09750459], [11.47986844, 48.09749609], [11.47957394, 48.09741329], [11.47930154, 48.09730551], [11.47893322, 48.09721024], [11.47867316, 48.09711037], [11.4784084, 48.09705789], [11.4771557, 48.09672257], [11.47678927, 48.09662772], [11.4763284, 48.09652788], [11.47620929, 48.09645198], [11.47566034, 48.09627608], [11.475215, 48.09615094], [11.47476967, 48.09602591], [11.47432509, 48.09587845], [11.47424264, 48.09585442], [11.47396794, 48.09577423], [11.47393618, 48.09566527], [11.47392215, 48.09559586], [11.47391272, 48.0953906], [11.47411428, 48.09537498], [11.47411093, 48.09536356], [11.47410147, 48.09533124], [11.47409182, 48.09529826], [11.4740787, 48.09525395], [11.47394913, 48.094812], [11.4738431, 48.09439534], [11.47382246, 48.09429839], [11.47375034, 48.09395785], [11.47361392, 48.0935681], [11.47359578, 48.09351649], [11.47356562, 48.09332506], [11.47353257, 48.0931144], [11.4734681, 48.09270377], [11.47301319, 48.09185863], [11.47300028, 48.0918342], [11.47293584, 48.09171502], [11.47275453, 48.09137782], [11.47250271, 48.09091003], [11.47229189, 48.09051894], [11.47222381, 48.09039253], [11.47215207, 48.09025926], [11.47207477, 48.09011536], [11.47271762, 48.08984253], [11.47304168, 48.0896933], [11.47366688, 48.08937278], [11.4739814, 48.08921659], [11.47421108, 48.08911721], [11.47434295, 48.08907229], [11.47448683, 48.08902319], [11.4747576, 48.08894397], [11.47475842, 48.08892985], [11.47476005, 48.08890225], [11.4747273, 48.08887682], [11.4750246, 48.08881491], [11.47520145, 48.08879041], [11.47526907, 48.08878325], [11.47547, 48.08877231], [11.47578918, 48.08876661], [11.47622432, 48.08876748], [11.47634551, 48.08876778], [11.47632869, 48.08874621], [11.47628826, 48.08869646], [11.47619139, 48.08857701], [11.47609503, 48.08846134], [11.47592244, 48.08825385], [11.47571716, 48.08802722], [11.47568377, 48.08798533], [11.47555794, 48.08784987], [11.47529837, 48.08756565], [11.47525605, 48.0875186], [11.47512789, 48.08738699], [11.47496158, 48.0872132], [11.47481763, 48.08706214], [11.47472449, 48.0869848], [11.47461682, 48.08693593], [11.47451081, 48.0868958], [11.47437766, 48.08685688], [11.47404043, 48.08676298], [11.47386101, 48.08671388], [11.4738424, 48.08670849], [11.4737689, 48.08669045], [11.47373981, 48.08668654], [11.47362796, 48.08666437], [11.47342568, 48.08643938], [11.47313552, 48.08605221], [11.47309328, 48.08599582], [11.47299767, 48.08586279], [11.4729741, 48.08583003], [11.47265014, 48.08537956], [11.4724931, 48.08519528], [11.47234081, 48.08503103], [11.4718717, 48.08452718], [11.47171391, 48.08435736], [11.47167282, 48.08430465], [11.4716502, 48.08427225], [11.47149793, 48.08408183], [11.47144108, 48.08401035], [11.4714037, 48.08395174], [11.47131348, 48.08380999], [11.47129763, 48.08378447], [11.47127375, 48.08374434], [11.47123544, 48.08368363], [11.47115029, 48.08354502], [11.47114528, 48.08353654], [11.47105871, 48.08335256], [11.47100234, 48.08325992], [11.47091714, 48.08318038], [11.47092211, 48.08317987], [11.47113353, 48.08308948], [11.47136054, 48.08299371], [11.4715878, 48.08289796], [11.47181512, 48.08280225], [11.47192849, 48.08275429], [11.47204241, 48.0827065], [11.4722696, 48.08261076], [11.47245869, 48.08253124], [11.47255371, 48.0824912], [11.47257731, 48.08248124], [11.47258904, 48.08247635], [11.47283807, 48.08237148], [11.47287284, 48.08235671], [11.47306381, 48.08227638], [11.47318878, 48.08222381], [11.47324352, 48.08220058], [11.47325525, 48.08219578], [11.47292585, 48.08196205], [11.47284066, 48.08200904], [11.47252428, 48.08218348], [11.47246955, 48.08221366], [11.47237512, 48.08226573], [11.47194268, 48.08180474], [11.47232634, 48.08159284], [11.47254871, 48.08141997], [11.47255505, 48.08141668], [11.47292817, 48.08122225], [11.47339595, 48.08162563], [11.47301858, 48.08182191], [11.47302968, 48.0819048], [11.47336919, 48.08214853], [11.47372912, 48.08200018], [11.47401484, 48.08188239], [11.47428888, 48.08176952], [11.47455222, 48.08166089], [11.47482681, 48.08154778], [11.47497503, 48.08148678], [11.47512315, 48.08142565], [11.47523571, 48.0813792], [11.47536418, 48.08132626], [11.47562694, 48.08121794], [11.47563301, 48.08121536], [11.47589622, 48.08110307], [11.47619201, 48.08097697], [11.47635009, 48.08090953], [11.47651238, 48.08084022], [11.47673914, 48.08074369], [11.47676165, 48.08073417], [11.47678456, 48.08072448], [11.47690772, 48.08067244], [11.47700354, 48.08063186], [11.47701108, 48.08062875], [11.47711444, 48.08058503], [11.47714893, 48.08057043], [11.4772221, 48.08053927], [11.47744793, 48.0804432], [11.47756088, 48.08039517], [11.47767381, 48.08034712], [11.47789939, 48.0802511], [11.47812499, 48.08015501], [11.47835047, 48.08005894], [11.47857582, 48.07996305], [11.47921399, 48.07969176], [11.47949038, 48.07957411], [11.47965846, 48.07950241], [11.47980525, 48.07944007], [11.4799795, 48.07936612], [11.4800828, 48.07932188], [11.48009571, 48.07931635], [11.480184, 48.07927931], [11.48069154, 48.0790641], [11.48114821, 48.0788708], [11.48143837, 48.0787473], [11.48152345, 48.0787113], [11.48189534, 48.07855512], [11.48252552, 48.0782845], [11.48268744, 48.07821509], [11.48306861, 48.07805142], [11.48315638, 48.07801378], [11.48376055, 48.07775439], [11.48413931, 48.07759166], [11.48476872, 48.07732002], [11.48510531, 48.0771754], [11.48574022, 48.07690296], [11.48589868, 48.07683498], [11.48595729, 48.07680979], [11.48610189, 48.07674784], [11.4862163, 48.0766987], [11.48630321, 48.0766615], [11.48637773, 48.07662892], [11.48639013, 48.07662385], [11.48639579, 48.07662153], [11.48648812, 48.07658202], [11.48667884, 48.07650079], [11.48669742, 48.07649261], [11.48674056, 48.07647364], [11.48681279, 48.07644302], [11.48700278, 48.07636515], [11.48703646, 48.07635145], [11.48644251, 48.07536553], [11.48622363, 48.07512792], [11.48611343, 48.07494985], [11.48613552, 48.07494315], [11.48616126, 48.07493534], [11.48625575, 48.07490666], [11.48631482, 48.07488873], [11.48618771, 48.07470215], [11.48580339, 48.07421471], [11.4871321, 48.07376956], [11.48800799, 48.07496225], [11.48670093, 48.07536165], [11.4866464, 48.07537832], [11.48723462, 48.07625862], [11.48725659, 48.07624892], [11.48748601, 48.07614804], [11.48749332, 48.07615554], [11.48752082, 48.07614343], [11.48762178, 48.07609914], [11.48769505, 48.07606699], [11.48770629, 48.07606206], [11.4877265, 48.07605388], [11.48800678, 48.07594269], [11.48805639, 48.07592179], [11.48828248, 48.07582574], [11.48840687, 48.07577287], [11.488536, 48.075718], [11.48867429, 48.07565933], [11.48880633, 48.07560327], [11.48893973, 48.07554657], [11.4890663, 48.07549288], [11.48926926, 48.0754069], [11.48931655, 48.07538679], [11.48953538, 48.07529384], [11.48955843, 48.07528405], [11.48974269, 48.07520575], [11.48994987, 48.07511789], [11.48998505, 48.07510303], [11.49161052, 48.07441139], [11.49161385, 48.07441375], [11.49314625, 48.07376699], [11.49369842, 48.0735308], [11.49472222, 48.07309276], [11.49672227, 48.07224666], [11.49886643, 48.07133382], [11.50084701, 48.07048838], [11.50239886, 48.06981184], [11.50275878, 48.06965491], [11.50356307, 48.06929279], [11.50287947, 48.068609], [11.5027328, 48.06810572], [11.50274077, 48.06801941], [11.50277643, 48.06762517], [11.50302248, 48.06698541], [11.50284377, 48.06694361], [11.50257297, 48.06694639], [11.50289381, 48.06621024], [11.50304484, 48.06570074], [11.50367425, 48.06546945], [11.50367622, 48.06545975], [11.50381805, 48.06468548], [11.50383328, 48.06456513], [11.50391773, 48.06390134], [11.50411657, 48.06287071], [11.50420865, 48.06239395], [11.50544351, 48.0621691], [11.50623943, 48.06207673], [11.5062534, 48.06207526], [11.50718376, 48.06187113], [11.50832039, 48.06166924], [11.50876409, 48.06162448], [11.51150301, 48.06439765], [11.51281966, 48.06406519], [11.51294683, 48.06403311], [11.51334675, 48.06393213], [11.51441391, 48.06366265], [11.51560881, 48.06336075], [11.51563482, 48.06341987], [11.51570011, 48.06359338], [11.51575507, 48.063761], [11.51596412, 48.06456947], [11.51601945, 48.06474964], [11.51610522, 48.06495981], [11.51631331, 48.06543472], [11.51646428, 48.06540488], [11.51661159, 48.06537557], [11.5166799, 48.06554423], [11.5166824, 48.06555027], [11.51674692, 48.06570973], [11.51678272, 48.06579801], [11.516818, 48.06588531], [11.51688029, 48.06603891], [11.51694712, 48.0662043], [11.51700475, 48.06634584], [11.51701407, 48.066369], [11.51705278, 48.06636161], [11.5171638, 48.06634131], [11.51741339, 48.06629574], [11.51757482, 48.06626619], [11.51760257, 48.06634077], [11.51762967, 48.06641338], [11.5176366, 48.06643203], [11.51769853, 48.06659779], [11.51823435, 48.06662257], [11.51822402, 48.06677021], [11.51821911, 48.06683818], [11.51821724, 48.06686678], [11.51821278, 48.06692972], [11.51878592, 48.06705512], [11.51880251, 48.06703036], [11.51883409, 48.06697932], [11.51886501, 48.06698773], [11.51893649, 48.06700836], [11.51900579, 48.06702835], [11.51894375, 48.06712702], [11.51881834, 48.0673263], [11.51883873, 48.06732692], [11.52048116, 48.06737651], [11.52061017, 48.06736698], [11.5219556, 48.06735354], [11.52211992, 48.06734506], [11.52213244, 48.06713588], [11.52226197, 48.06713112], [11.52211356, 48.06661871], [11.52210225, 48.06653493], [11.52291939, 48.06646417], [11.52296062, 48.06646056], [11.5229971, 48.06675589], [11.52307828, 48.06741796], [11.52309238, 48.06759286], [11.52309782, 48.06765962], [11.52358947, 48.06813262], [11.52388795, 48.06837279], [11.52437739, 48.06846153], [11.52518721, 48.06836906], [11.52570362, 48.06835043], [11.52621847, 48.06833647], [11.52625282, 48.06833562], [11.52626149, 48.06847143], [11.52626673, 48.06854275], [11.52627994, 48.06874835], [11.52628096, 48.06876858], [11.52628369, 48.06880591], [11.52628571, 48.06883433], [11.52628681, 48.06884584], [11.52629681, 48.06898732], [11.52673968, 48.06898219], [11.5268085, 48.0689814], [11.52696065, 48.06897969], [11.52712916, 48.06898032], [11.52715385, 48.06898051], [11.52762357, 48.06898235], [11.52763095, 48.06898238], [11.52769278, 48.06898227], [11.52776319, 48.06898282], [11.52783335, 48.06898297], [11.52796119, 48.06898324], [11.52825087, 48.06898387], [11.52825469, 48.06905249], [11.52826604, 48.06925274], [11.52826662, 48.06926236], [11.52826998, 48.0692621], [11.52831829, 48.06925905], [11.52833979, 48.06937536], [11.52838068, 48.06958939], [11.52856896, 48.06955807], [11.52857715, 48.06960295], [11.52859188, 48.06971144], [11.52861138, 48.06970702], [11.52865076, 48.06999793], [11.52866984, 48.07013945], [11.52869375, 48.07026826], [11.52872238, 48.07042204], [11.52874263, 48.07051082], [11.52875482, 48.07054235], [11.52882246, 48.07071667], [11.52883872, 48.07075874], [11.52888468, 48.07091237], [11.52891894, 48.07109482], [11.52892329, 48.07111786], [11.52896193, 48.07136475], [11.52898368, 48.07150043], [11.52899013, 48.07154445], [11.52904101, 48.07188267], [11.52905214, 48.07193965], [11.52908856, 48.07193333], [11.52913747, 48.07201016], [11.52916892, 48.0720039], [11.52917659, 48.07201545], [11.52939287, 48.07233999], [11.52956152, 48.0725929], [11.52973619, 48.07285443], [11.52984741, 48.07301839], [11.52985268, 48.07302885], [11.52987108, 48.07305652], [11.52988935, 48.07308384], [11.52986447, 48.07309058], [11.52993154, 48.0731805], [11.52996825, 48.07322958], [11.52997473, 48.07323932], [11.53000344, 48.07328252], [11.53001376, 48.07329767], [11.53005254, 48.07335539], [11.53006379, 48.07337234], [11.53016142, 48.07351836], [11.53025382, 48.07365694], [11.53027104, 48.07368237], [11.53033221, 48.07377369], [11.53048352, 48.07399996], [11.53052828, 48.07406697], [11.53072281, 48.07435693], [11.53075961, 48.07441212], [11.53078146, 48.07444495], [11.53108231, 48.07493797], [11.53108652, 48.07494833], [11.53111582, 48.07501977], [11.53124331, 48.07533125], [11.53132819, 48.07565077], [11.53152742, 48.07614694], [11.53175452, 48.07645433], [11.53213537, 48.07683434], [11.53216125, 48.07682168], [11.53222844, 48.07688481], [11.53233215, 48.07697929], [11.53234373, 48.07699004], [11.53262567, 48.07721574], [11.53275959, 48.07730717], [11.53279852, 48.07733458], [11.53282319, 48.07735097], [11.53297726, 48.07745093], [11.53301521, 48.07746899], [11.53314267, 48.07753246], [11.53327422, 48.07758958], [11.53334547, 48.07761992], [11.53341417, 48.07766642], [11.53346295, 48.07767552], [11.53350482, 48.07767686], [11.53355181, 48.07767507], [11.53359495, 48.07766985], [11.53363582, 48.07766138], [11.53367246, 48.07766071], [11.53368156, 48.07766336], [11.53370445, 48.07766993], [11.53372381, 48.0776799], [11.53370734, 48.07769207], [11.53371735, 48.07769813], [11.53372005, 48.07769616], [11.53372523, 48.07770266], [11.53374457, 48.07771176], [11.53377372, 48.07772552], [11.53377973, 48.07772833], [11.53378961, 48.07773439], [11.53380027, 48.07772724], [11.53383577, 48.07773323], [11.53385476, 48.07774077], [11.53385815, 48.07773692], [11.53394115, 48.07774275], [11.53397601, 48.0777456], [11.53403928, 48.07775217], [11.53425962, 48.07775363], [11.53436418, 48.0777402], [11.5346326, 48.07775198], [11.53473919, 48.07775988], [11.53483209, 48.07776927], [11.53496424, 48.07778502], [11.53509531, 48.07780598], [11.53529111, 48.07784204], [11.53542256, 48.07786127], [11.53555556, 48.0778725], [11.53559636, 48.07787168], [11.53564297, 48.07786774], [11.53565798, 48.07787032], [11.53576077, 48.07788791], [11.5358188, 48.07789732], [11.53586973, 48.07790553], [11.53592761, 48.07791585], [11.53605356, 48.07793778], [11.53622369, 48.07795338], [11.53630708, 48.07795953], [11.53686447, 48.07800146], [11.53688729, 48.07800092], [11.53694835, 48.07799954], [11.53709013, 48.07799646], [11.5372573, 48.07799267], [11.53751039, 48.07798701], [11.53808012, 48.07797028], [11.53848636, 48.07795956], [11.53967449, 48.07792822], [11.54061206, 48.07790341], [11.54132711, 48.07788449], [11.54136262, 48.07804003], [11.54142105, 48.07826064], [11.54148741, 48.07848197], [11.54156077, 48.07870081], [11.54164207, 48.07891842], [11.54172453, 48.07913685], [11.54183697, 48.07940576], [11.54196222, 48.07967779], [11.54333255, 48.08235407], [11.54342976, 48.08253233], [11.54364199, 48.08289495], [11.54385297, 48.08323992], [11.54401268, 48.08348816], [11.54415947, 48.08371342], [11.54427753, 48.08388817], [11.54439099, 48.0840495], [11.54458436, 48.08432837], [11.54480802, 48.08462656], [11.54525865, 48.08520011], [11.54556528, 48.08557381], [11.54596035, 48.08602848], [11.54794505, 48.08827943], [11.54857978, 48.08900659], [11.549235, 48.08974939], [11.54987118, 48.09047592], [11.54994592, 48.09056812], [11.55007968, 48.09074749], [11.55020554, 48.09094295], [11.55031965, 48.0911559], [11.55041163, 48.09136395], [11.55043225, 48.09141835], [11.55048513, 48.09157668], [11.5505139, 48.09169343], [11.55061018, 48.09218329], [11.55057809, 48.09218398], [11.55057558, 48.09219028], [11.55055858, 48.09223288], [11.55049043, 48.09240363], [11.55048306, 48.09241745], [11.55049646, 48.09242056], [11.55048566, 48.09244372], [11.55047821, 48.09246608], [11.55045054, 48.09253945], [11.55043017, 48.09259348], [11.55042176, 48.09261576], [11.5504094, 48.09272534], [11.55041944, 48.0927261], [11.5504354, 48.0927273], [11.55045387, 48.09272868], [11.5504636, 48.09272941], [11.55048624, 48.09277986], [11.55047049, 48.09361163], [11.55045485, 48.09434605], [11.55044113, 48.09497022], [11.55043415, 48.09526067], [11.55041879, 48.09593289], [11.55037242, 48.09647784], [11.55014098, 48.09864105], [11.55008503, 48.0991859], [11.55008002, 48.09930164], [11.55007676, 48.09936845], [11.55007619, 48.09951295], [11.55007609, 48.09957239], [11.55007812, 48.09969532], [11.55007822, 48.09976161], [11.55011398, 48.09993032], [11.55012629, 48.09998451], [11.55014127, 48.10004274], [11.55032137, 48.10069274], [11.55033252, 48.10073621], [11.55034643, 48.10077948], [11.55037437, 48.10088173], [11.55040185, 48.10098455], [11.55042666, 48.101068], [11.55044936, 48.10113431], [11.55048058, 48.10121625], [11.55054328, 48.1013649], [11.55057761, 48.10143656], [11.55061761, 48.10150596], [11.55065849, 48.10156565], [11.55069551, 48.10161458], [11.55070371, 48.10162318], [11.55081085, 48.10176786], [11.55086358, 48.10183662], [11.55091847, 48.1019026], [11.55095768, 48.10194695], [11.55104613, 48.10203921], [11.55111537, 48.10210501], [11.55119259, 48.1021725], [11.55127376, 48.10223825], [11.55135544, 48.10230008], [11.55141091, 48.10233999], [11.55151069, 48.1024073], [11.55159607, 48.10246008], [11.55169545, 48.10251892], [11.55182902, 48.10258484], [11.55196977, 48.10265547], [11.55233758, 48.10281177], [11.55236904, 48.10282223], [11.55246287, 48.10285452], [11.55251439, 48.10287343], [11.55253515, 48.10286461], [11.55255113, 48.10286386], [11.55266675, 48.10290885], [11.55338113, 48.10320124], [11.55386826, 48.10352157], [11.55398045, 48.10360218], [11.55406655, 48.10366884], [11.55415145, 48.10374037], [11.55423747, 48.10381704], [11.55434984, 48.10392063], [11.55444109, 48.10401619], [11.55452459, 48.10411131], [11.5546155, 48.10422551], [11.5547342, 48.10438122], [11.55476885, 48.10441402], [11.5550666, 48.1046389], [11.5551289, 48.1046795], [11.55505226, 48.10471382], [11.55494768, 48.10476065], [11.55427402, 48.10506232], [11.55437248, 48.10512213], [11.55434396, 48.10514352], [11.55423219, 48.10508582], [11.55403511, 48.10517519], [11.55374149, 48.10530831], [11.55369515, 48.10532933], [11.55395992, 48.10543615], [11.55400403, 48.10545989], [11.55393663, 48.10545738], [11.55368491, 48.10539377], [11.55361669, 48.10536634], [11.55339118, 48.10546829], [11.55305777, 48.10561792], [11.55305537, 48.10562343], [11.55304671, 48.10562345], [11.55299025, 48.1056485], [11.55257164, 48.10583827], [11.55233615, 48.105945], [11.55245618, 48.10633288], [11.55247059, 48.1063903], [11.55248059, 48.10647765], [11.55235182, 48.10656673], [11.55227402, 48.10657021], [11.55227657, 48.10660233], [11.55227361, 48.10660196], [11.55227079, 48.1066024], [11.55226836, 48.10660347], [11.55226674, 48.10660508], [11.55226605, 48.10660706], [11.5522667, 48.10660949], [11.55226897, 48.10661139], [11.55227245, 48.10661239], [11.55227581, 48.10661231], [11.55227753, 48.10664722], [11.55226933, 48.10664764], [11.55227136, 48.10666131], [11.55227781, 48.10666134], [11.55227935, 48.10666962], [11.55227116, 48.10666977], [11.55227225, 48.10668389], [11.55227977, 48.10668347], [11.55228024, 48.10669148], [11.55227339, 48.10669163], [11.55227559, 48.10671808], [11.55225916, 48.10673826], [11.55206631, 48.10674289], [11.55206674, 48.10673974], [11.55200738, 48.10674166], [11.55200804, 48.10675875]]]]}}, {"type": "Feature", "properties": {"ref": "15", "name": "Trudering-Riem"}, "geometry": {"type": "Polygon", "coordinates": [[[11.66963857, 48.15871077], [11.66836865, 48.15890729], [11.66701708, 48.15918209], [11.66698878, 48.15883562], [11.66697675, 48.15770973], [11.66698371, 48.15733517], [11.66700797, 48.15663054], [11.66702332, 48.15610083], [11.66700772, 48.1556983], [11.66704428, 48.15565398], [11.66699098, 48.15555498], [11.66696002, 48.15533286], [11.66694429, 48.1551975], [11.66696351, 48.1549862], [11.66697873, 48.15437051], [11.66698785, 48.15397722], [11.66699514, 48.15365733], [11.66705295, 48.15309653], [11.66702684, 48.15283572], [11.6669416, 48.1524212], [11.66686388, 48.15211598], [11.66671836, 48.15171598], [11.66660858, 48.15133876], [11.66653856, 48.15109822], [11.66640368, 48.15077366], [11.66628271, 48.15042353], [11.66609539, 48.14986174], [11.66588476, 48.14919041], [11.66573107, 48.14870079], [11.66562026, 48.14834722], [11.66539529, 48.14767069], [11.66512076, 48.14677446], [11.66496131, 48.14630394], [11.66494519, 48.14616791], [11.6649279, 48.14611453], [11.66490624, 48.14611771], [11.66482314, 48.14585596], [11.66479369, 48.14567574], [11.66488534, 48.14549326], [11.66508904, 48.14509348], [11.66514184, 48.14497088], [11.66518381, 48.14479849], [11.665191, 48.14460416], [11.66516368, 48.14433701], [11.66515068, 48.14420594], [11.66508829, 48.14400775], [11.66506365, 48.14395642], [11.66493214, 48.14369108], [11.66461386, 48.14312737], [11.66454316, 48.14299424], [11.66452941, 48.1428379], [11.66461679, 48.14233604], [11.66456187, 48.14232904], [11.66453555, 48.14232563], [11.66434086, 48.14230088], [11.66435795, 48.14217276], [11.66437235, 48.1420664], [11.66437404, 48.14205363], [11.6643534, 48.14188026], [11.66428216, 48.14171763], [11.66405148, 48.14126559], [11.66387177, 48.14091352], [11.66382082, 48.14081362], [11.66369316, 48.14056446], [11.66420325, 48.14056064], [11.66458734, 48.14051839], [11.66500727, 48.14043897], [11.66529567, 48.14037787], [11.66545467, 48.14034504], [11.6653198, 48.14026688], [11.66455508, 48.13987623], [11.66376721, 48.13947371], [11.66351999, 48.13934756], [11.66354595, 48.13934323], [11.66307276, 48.13915585], [11.66306602, 48.13915352], [11.66282747, 48.13903326], [11.66259462, 48.1389163], [11.66258524, 48.13891012], [11.66235472, 48.13875807], [11.66188593, 48.13833449], [11.66162926, 48.13825798], [11.66133652, 48.13813151], [11.66120073, 48.13806358], [11.66110276, 48.13798624], [11.66077916, 48.13782359], [11.65967741, 48.13726091], [11.65919921, 48.13701665], [11.65847896, 48.13665399], [11.6582741, 48.13655088], [11.65577358, 48.13529396], [11.6544875, 48.13456408], [11.65365253, 48.13412399], [11.65374313, 48.13385347], [11.65378405, 48.13351963], [11.65381958, 48.13343185], [11.65389248, 48.13345806], [11.65403931, 48.13305416], [11.65433572, 48.13223998], [11.65440469, 48.13205555], [11.65442508, 48.13200093], [11.6546606, 48.13137055], [11.65469462, 48.13128487], [11.65488068, 48.13079637], [11.65506328, 48.13031688], [11.65510192, 48.13030315], [11.65505479, 48.13024331], [11.65511948, 48.13009421], [11.65512787, 48.13010494], [11.65517999, 48.12998586], [11.65522708, 48.12993547], [11.65524737, 48.12991522], [11.65525881, 48.12991066], [11.65546802, 48.1295866], [11.65566102, 48.12932038], [11.65569817, 48.12926905], [11.65597915, 48.12897078], [11.65630791, 48.12869563], [11.65632758, 48.12864767], [11.65636562, 48.12860516], [11.65641958, 48.12857071], [11.65646742, 48.12854774], [11.65652898, 48.12851815], [11.65641217, 48.12835918], [11.65579641, 48.12751502], [11.65503272, 48.1263124], [11.65414521, 48.12497696], [11.65408588, 48.12484532], [11.65400674, 48.12467592], [11.65271996, 48.12270849], [11.65283009, 48.12258534], [11.65181316, 48.12113755], [11.65175289, 48.12105756], [11.65072529, 48.11964004], [11.65001752, 48.11987593], [11.6500039, 48.11985804], [11.64991895, 48.11974648], [11.64980121, 48.11959168], [11.64974154, 48.11951479], [11.64943648, 48.11919488], [11.64849504, 48.11774224], [11.64813287, 48.11719761], [11.64776003, 48.11663911], [11.64734482, 48.11598154], [11.64659898, 48.11470328], [11.64645601, 48.11445823], [11.64508704, 48.11497113], [11.64424843, 48.11524638], [11.64369191, 48.1150832], [11.64435061, 48.11468265], [11.64609464, 48.113553], [11.64730489, 48.11281626], [11.64823886, 48.11220385], [11.64876137, 48.11187662], [11.64913301, 48.11164661], [11.64958597, 48.11112488], [11.64994962, 48.11112937], [11.65102687, 48.11114608], [11.65134906, 48.11114586], [11.65145878, 48.11114585], [11.65146431, 48.11114209], [11.65148063, 48.11113198], [11.65149828, 48.11112295], [11.651517, 48.11111492], [11.65153678, 48.11110797], [11.65155723, 48.11110228], [11.65157848, 48.11109776], [11.65160012, 48.1110945], [11.65162229, 48.11109251], [11.65164445, 48.11109186], [11.65205951, 48.11109155], [11.65205919, 48.11086684], [11.65285871, 48.11086627], [11.65305329, 48.11086618], [11.65331648, 48.11086604], [11.65349919, 48.11086591], [11.65368208, 48.11086585], [11.65386502, 48.11086566], [11.65404774, 48.11086556], [11.65423047, 48.11086537], [11.65441323, 48.11086527], [11.65469019, 48.11086507], [11.65469005, 48.11080661], [11.65488558, 48.11080645], [11.65508029, 48.1108062], [11.6550803, 48.11072669], [11.65754975, 48.10944233], [11.65783398, 48.10944244], [11.65783407, 48.10934972], [11.65807011, 48.10934992], [11.65807014, 48.1092607], [11.65830626, 48.10926085], [11.65830632, 48.10917166], [11.65854237, 48.10917186], [11.65854243, 48.10908266], [11.65877862, 48.10908281], [11.65877868, 48.10899358], [11.65901487, 48.10899372], [11.65920983, 48.10899386], [11.6594048, 48.10899406], [11.6595999, 48.10899418], [11.65972799, 48.10899418], [11.661138, 48.10847248], [11.6627136, 48.10712345], [11.66278797, 48.10707016], [11.66286213, 48.10701581], [11.66306362, 48.10686546], [11.66307225, 48.10685901], [11.66331749, 48.10662151], [11.66512911, 48.1054378], [11.66614706, 48.10505793], [11.66607459, 48.1049705], [11.66605368, 48.10494526], [11.66604541, 48.1049358], [11.66602213, 48.10490785], [11.66688976, 48.10448125], [11.66686744, 48.10445363], [11.66683974, 48.1044192], [11.66606805, 48.1034628], [11.66591572, 48.10327409], [11.66580698, 48.10313976], [11.66568593, 48.10299814], [11.66561447, 48.10292177], [11.66557646, 48.10288109], [11.66545943, 48.10277123], [11.66540813, 48.10272657], [11.66534028, 48.1026675], [11.6652794, 48.10261275], [11.66522321, 48.10256216], [11.66519974, 48.10253854], [11.66512145, 48.10245965], [11.66499722, 48.10229474], [11.66492659, 48.10218551], [11.66488822, 48.1020755], [11.664879, 48.10202844], [11.66486497, 48.1019569], [11.66482267, 48.10187639], [11.66480149, 48.10185115], [11.66477431, 48.10179892], [11.66481217, 48.10179277], [11.6648505, 48.10178654], [11.66492875, 48.10168506], [11.66497566, 48.1015307], [11.66503981, 48.10125181], [11.66506691, 48.10115637], [11.66505432, 48.10103464], [11.66507467, 48.10093544], [11.66510572, 48.10092879], [11.66547609, 48.1008464], [11.66554233, 48.10083678], [11.66561128, 48.10082672], [11.66625885, 48.10073242], [11.66637601, 48.10071529], [11.66655866, 48.10068876], [11.66663571, 48.10067162], [11.66682661, 48.10062911], [11.66701767, 48.1005866], [11.66720863, 48.10054409], [11.6673994, 48.10050152], [11.66768258, 48.10043847], [11.66775776, 48.10042178], [11.66793907, 48.10038581], [11.66813167, 48.1003475], [11.66832452, 48.10030915], [11.66833757, 48.10030649], [11.66860817, 48.10026376], [11.66871948, 48.10024628], [11.66895419, 48.10020918], [11.6690218, 48.10019847], [11.66919258, 48.10016295], [11.66942915, 48.10011391], [11.66965221, 48.10006761], [11.66977052, 48.10004305], [11.6698465, 48.10002663], [11.67003624, 48.09998554], [11.67022545, 48.09994445], [11.67033276, 48.09992112], [11.67041162, 48.09989779], [11.67059395, 48.09984384], [11.67077601, 48.09978982], [11.67098896, 48.09972668], [11.67111727, 48.09968865], [11.67122298, 48.09966297], [11.67146064, 48.0996052], [11.67175567, 48.09953347], [11.67200963, 48.09947163], [11.67224524, 48.09941437], [11.67226796, 48.09940877], [11.67239421, 48.09937774], [11.67263471, 48.09931859], [11.67275303, 48.09928941], [11.67282824, 48.09926481], [11.67301861, 48.09920278], [11.67320887, 48.0991407], [11.67337866, 48.0990854], [11.67339909, 48.09908006], [11.67359392, 48.09902926], [11.6737888, 48.09897846], [11.67398367, 48.09892749], [11.67417763, 48.09887471], [11.67437146, 48.09882192], [11.67446507, 48.09879638], [11.6745667, 48.09877222], [11.67476313, 48.09872548], [11.67483991, 48.09870709], [11.67495839, 48.09867551], [11.67515274, 48.09862361], [11.67534709, 48.09857161], [11.67546088, 48.09854135], [11.67554291, 48.09852233], [11.67573957, 48.09847711], [11.6759367, 48.09843171], [11.6761337, 48.09838631], [11.67632984, 48.09833888], [11.67652585, 48.09829144], [11.67659683, 48.09827428], [11.67672042, 48.0982401], [11.67691558, 48.09818623], [11.67701469, 48.09815889], [11.67703797, 48.09814986], [11.67707538, 48.09813512], [11.67711909, 48.09811802], [11.67715695, 48.0981032], [11.67719637, 48.09808779], [11.67724899, 48.09806725], [11.6774882, 48.09800103], [11.67773017, 48.09793417], [11.67796528, 48.09786908], [11.67797214, 48.09786739], [11.67821391, 48.09780582], [11.67821647, 48.09780493], [11.6784503, 48.097724], [11.67849872, 48.09770723], [11.6786954, 48.09766173], [11.67894305, 48.09760449], [11.67900436, 48.09759018], [11.67908825, 48.09756982], [11.6792636, 48.09752722], [11.6794414, 48.09748391], [11.67954062, 48.09745586], [11.67981401, 48.09737856], [11.67989942, 48.09735443], [11.68008732, 48.09730046], [11.68036075, 48.097222], [11.68052404, 48.09717516], [11.68073056, 48.09713985], [11.68096736, 48.0970993], [11.68087295, 48.09695199], [11.6809368, 48.09693768], [11.68119152, 48.09688073], [11.68180601, 48.09678449], [11.68221018, 48.09673502], [11.68269132, 48.09667588], [11.68293501, 48.09666579], [11.68296392, 48.09680634], [11.683103, 48.09678298], [11.68365607, 48.09677706], [11.68368602, 48.09677678], [11.68375329, 48.09677604], [11.68398772, 48.09651007], [11.68408905, 48.09639508], [11.68411877, 48.09636144], [11.68447073, 48.09602807], [11.68473583, 48.09571723], [11.68493494, 48.09550907], [11.68505049, 48.09542485], [11.68544041, 48.09517126], [11.68563623, 48.09502491], [11.6858008, 48.09487415], [11.68597283, 48.09470052], [11.68598026, 48.09469254], [11.68600836, 48.09466384], [11.68619626, 48.09447334], [11.68627642, 48.09435438], [11.68631502, 48.0942971], [11.68662392, 48.09403554], [11.68670718, 48.09396509], [11.68691606, 48.09375507], [11.68710826, 48.09354332], [11.68730883, 48.09358927], [11.68813774, 48.09377925], [11.68906105, 48.09400678], [11.68888, 48.09492714], [11.68928871, 48.09508093], [11.69006961, 48.09541497], [11.690918, 48.09573561], [11.69194741, 48.09612617], [11.69261951, 48.0963869], [11.69355823, 48.09675121], [11.69385352, 48.0969045], [11.69421067, 48.09711093], [11.69425087, 48.09712137], [11.69429027, 48.09713164], [11.69463769, 48.09722268], [11.69487862, 48.09722673], [11.69542517, 48.09728655], [11.69553416, 48.09731238], [11.69566305, 48.09731522], [11.69618735, 48.09727769], [11.69663964, 48.09743303], [11.69684175, 48.09755135], [11.69711785, 48.09777322], [11.69753583, 48.09798922], [11.69756246, 48.09800297], [11.69766363, 48.09805513], [11.69850912, 48.09843835], [11.69896684, 48.09863415], [11.69898063, 48.09864219], [11.69899524, 48.09864628], [11.69900595, 48.0986508], [11.70008605, 48.09912626], [11.70019187, 48.09917283], [11.70141145, 48.09958358], [11.70143302, 48.09959119], [11.70146838, 48.09960397], [11.70149223, 48.0996124], [11.70244212, 48.0999509], [11.70246662, 48.09996008], [11.70270106, 48.10004794], [11.70332486, 48.10030854], [11.70374976, 48.10035132], [11.70411317, 48.10041093], [11.70437017, 48.10046102], [11.70506226, 48.10078581], [11.70536788, 48.10094333], [11.70540778, 48.10096385], [11.70547992, 48.10100108], [11.70584664, 48.10118651], [11.70592526, 48.10122117], [11.70609994, 48.10129826], [11.70632692, 48.10139264], [11.7069289, 48.10160993], [11.70714788, 48.10168904], [11.70749771, 48.10180748], [11.70774637, 48.10189115], [11.70818449, 48.10205425], [11.70847441, 48.10214632], [11.70891199, 48.10232743], [11.70934296, 48.10257194], [11.7101201, 48.10313158], [11.71056444, 48.10343885], [11.71097635, 48.10372257], [11.71143099, 48.104096], [11.71160721, 48.10424069], [11.7118264, 48.10437837], [11.71231527, 48.10467721], [11.71232611, 48.10468345], [11.71241996, 48.10472999], [11.71248368, 48.1047618], [11.71249547, 48.10476785], [11.71270469, 48.10486952], [11.712724, 48.10490068], [11.71275935, 48.10496733], [11.7127826, 48.10501119], [11.71280519, 48.10505361], [11.71282379, 48.10508864], [11.71306151, 48.10557481], [11.7130724, 48.10559678], [11.71308299, 48.10562279], [11.71309386, 48.10567173], [11.71310408, 48.10571735], [11.71320582, 48.10616922], [11.71320843, 48.10635034], [11.7132085, 48.10636078], [11.71321112, 48.10654262], [11.71321266, 48.10664822], [11.71322781, 48.10672201], [11.71324752, 48.1068164], [11.71327002, 48.1069243], [11.7132757, 48.10694177], [11.71338264, 48.10711465], [11.71348931, 48.10737125], [11.71359358, 48.10762137], [11.71367347, 48.10781346], [11.71379457, 48.10810394], [11.71381061, 48.10814237], [11.7138827, 48.10828938], [11.71391753, 48.108375], [11.71399451, 48.10856443], [11.71402262, 48.10863384], [11.71402381, 48.10863826], [11.71407643, 48.10884957], [11.71409416, 48.10892103], [11.71411215, 48.10899321], [11.7141479, 48.10913684], [11.71418383, 48.10928048], [11.71419844, 48.1093388], [11.71420323, 48.10937299], [11.71421098, 48.10942816], [11.71421874, 48.10948323], [11.71423192, 48.10957656], [11.714303, 48.10981825], [11.71435114, 48.10998181], [11.71440024, 48.11014941], [11.71441854, 48.11021187], [11.71443778, 48.11027744], [11.7144383, 48.11027924], [11.71444608, 48.1103055], [11.71454334, 48.1106616], [11.71454557, 48.11066997], [11.71455176, 48.1106922], [11.71455545, 48.11070588], [11.71457491, 48.11077885], [11.71458641, 48.11081945], [11.71458795, 48.11082492], [11.71459438, 48.11085318], [11.71458807, 48.11090065], [11.71458542, 48.1109197], [11.71458316, 48.11093714], [11.71458303, 48.11093813], [11.71458247, 48.11094245], [11.71458107, 48.11095207], [11.71457925, 48.11096582], [11.71458095, 48.11097392], [11.71458749, 48.1110055], [11.71459234, 48.11102863], [11.71461091, 48.11111725], [11.71442539, 48.11108099], [11.71427179, 48.11105346], [11.71411226, 48.11102977], [11.71405615, 48.11102594], [11.71402152, 48.11102361], [11.71393574, 48.11101782], [11.71391662, 48.11102712], [11.71388417, 48.11104305], [11.71386343, 48.11105334], [11.71343165, 48.11126543], [11.71305844, 48.11146356], [11.71294753, 48.11152244], [11.71261071, 48.11174474], [11.7124979, 48.1118192], [11.71226623, 48.11199004], [11.71213704, 48.1120853], [11.71212612, 48.11209337], [11.71211007, 48.11210528], [11.7120564, 48.1121447], [11.71194178, 48.11222901], [11.71189121, 48.11226612], [11.71182247, 48.11231012], [11.71174767, 48.11235796], [11.71168675, 48.11239692], [11.71157462, 48.11246861], [11.71148701, 48.11252463], [11.71144402, 48.11255206], [11.71122581, 48.11269165], [11.71116368, 48.11273133], [11.71105985, 48.11280533], [11.71103504, 48.11282298], [11.71090007, 48.11291912], [11.71089724, 48.11292118], [11.71076228, 48.11301741], [11.71073303, 48.11303821], [11.71070214, 48.11306331], [11.71063404, 48.11311881], [11.71050767, 48.11322147], [11.7103813, 48.11332413], [11.71032587, 48.11336923], [11.710285, 48.1134024], [11.71024038, 48.11343359], [11.71019076, 48.11346809], [11.71010957, 48.11352553], [11.7099743, 48.11362152], [11.7098391, 48.11371759], [11.70982158, 48.11372995], [11.70966609, 48.11382588], [11.70949182, 48.11393336], [11.70932159, 48.11403843], [11.70913325, 48.11414201], [11.70898507, 48.11422402], [11.70898492, 48.1142241], [11.70891154, 48.11423318], [11.70901919, 48.1143135], [11.70903056, 48.11432199], [11.70913152, 48.11439762], [11.70929604, 48.11452063], [11.70946477, 48.11464689], [11.7097983, 48.11489644], [11.70986008, 48.11494273], [11.70988442, 48.11496078], [11.71033324, 48.11529571], [11.71062466, 48.11551322], [11.71068323, 48.11555691], [11.71023434, 48.11565742], [11.71011761, 48.11568338], [11.70997951, 48.11571234], [11.7097212, 48.11576653], [11.70923145, 48.11586924], [11.70891666, 48.11593517], [11.70871764, 48.11597692], [11.70859109, 48.11600457], [11.7082626, 48.1160763], [11.70792595, 48.11614986], [11.70776578, 48.11618487], [11.70760553, 48.11621988], [11.7072846, 48.11628998], [11.70696415, 48.11635999], [11.70688186, 48.11637795], [11.7067291, 48.11641155], [11.70646379, 48.11646888], [11.70600217, 48.11656897], [11.70573874, 48.11662624], [11.70558476, 48.11665973], [11.70521284, 48.11674044], [11.70514887, 48.11675439], [11.70499026, 48.11678887], [11.7048289, 48.11682298], [11.70466054, 48.11685896], [11.70442977, 48.11690835], [11.70424138, 48.11694852], [11.70401871, 48.11699609], [11.7038404, 48.11703415], [11.7036621, 48.11707223], [11.70353448, 48.11709952], [11.70340606, 48.11712687], [11.70311975, 48.11718804], [11.70293132, 48.1172292], [11.7025612, 48.11731004], [11.70233135, 48.11736027], [11.70203098, 48.11742583], [11.70172061, 48.11749316], [11.70150327, 48.11754073], [11.70135883, 48.11757237], [11.70125139, 48.11759599], [11.70101063, 48.11764847], [11.70066267, 48.11772437], [11.7005329, 48.11775274], [11.70040501, 48.11778064], [11.7001522, 48.11783584], [11.70007556, 48.11785256], [11.69989527, 48.11788889], [11.69974834, 48.11791844], [11.6997279, 48.11787586], [11.69961857, 48.11790011], [11.69960606, 48.11790295], [11.69895016, 48.11804906], [11.69876738, 48.11799542], [11.69869175, 48.11797318], [11.69846375, 48.11797021], [11.69833362, 48.11802354], [11.69809457, 48.11812145], [11.69803722, 48.11814495], [11.69796089, 48.11817624], [11.69768852, 48.11830275], [11.69767654, 48.11830875], [11.69752355, 48.11834183], [11.69703219, 48.11844774], [11.69670915, 48.11851757], [11.69667499, 48.11852503], [11.69658361, 48.11853136], [11.69642357, 48.1185423], [11.69641612, 48.11857582], [11.6964004, 48.11864708], [11.69529932, 48.11888783], [11.69488406, 48.11897873], [11.69472443, 48.11901368], [11.69404, 48.11934687], [11.6940588, 48.11936335], [11.69407235, 48.11937529], [11.69408452, 48.11938584], [11.69413051, 48.11942607], [11.69413933, 48.11943383], [11.69414562, 48.11943933], [11.69460771, 48.11984361], [11.69475422, 48.11997188], [11.69482331, 48.12003231], [11.69478861, 48.12003986], [11.69502218, 48.12025029], [11.69511902, 48.12033759], [11.69512449, 48.12034255], [11.69515805, 48.12032528], [11.69536083, 48.12022114], [11.69569664, 48.12004836], [11.69606176, 48.11986065], [11.69635558, 48.12011826], [11.6963636, 48.12012539], [11.6965592, 48.12029686], [11.69688505, 48.12058277], [11.69700369, 48.1206868], [11.6970769, 48.12075104], [11.6972266, 48.12088228], [11.6973761, 48.12101347], [11.69756745, 48.12118121], [11.69746126, 48.12124161], [11.69710392, 48.12144495], [11.69675527, 48.12164308], [11.69655532, 48.12175668], [11.69635673, 48.12186962], [11.69625845, 48.1219254], [11.69616017, 48.12198117], [11.69596608, 48.12209141], [11.69577258, 48.1222015], [11.69567702, 48.12225576], [11.6955816, 48.12231003], [11.69539182, 48.12241789], [11.6953507, 48.12244124], [11.69520387, 48.12252472], [11.69501795, 48.12263026], [11.69483331, 48.12273524], [11.69465082, 48.12283898], [11.69446444, 48.12294495], [11.69443372, 48.1229623], [11.69418646, 48.12310204], [11.69501262, 48.12371037], [11.69592885, 48.12438518], [11.69643264, 48.12438687], [11.69650685, 48.12444077], [11.69714542, 48.12491151], [11.69774079, 48.12534818], [11.69854649, 48.12486657], [11.69869966, 48.12477508], [11.69923936, 48.12445235], [11.69928169, 48.12442728], [11.69932968, 48.12439853], [11.69934182, 48.12439127], [11.69938712, 48.12436422], [11.69949281, 48.1243011], [11.69959834, 48.12423808], [11.69964862, 48.1242079], [11.69980946, 48.12411155], [11.70004192, 48.12397269], [11.70029207, 48.12382317], [11.70050538, 48.123696], [11.70058587, 48.12364789], [11.70067554, 48.12359424], [11.70084568, 48.1234926], [11.70105074, 48.12336997], [11.70125628, 48.12324693], [11.70146182, 48.12312418], [11.70167237, 48.12299837], [11.70188301, 48.12287236], [11.70209379, 48.12274636], [11.70224367, 48.12265673], [11.70245776, 48.12252876], [11.70253906, 48.12248014], [11.70270259, 48.12238245], [11.70290407, 48.12226202], [11.70310449, 48.12214231], [11.70320596, 48.1220816], [11.70330501, 48.12202232], [11.70340585, 48.12196206], [11.70350562, 48.12190252], [11.70360686, 48.12184207], [11.70370605, 48.12178269], [11.70401073, 48.12160045], [11.70422132, 48.12147418], [11.70424922, 48.1214577], [11.70427226, 48.12144409], [11.70451474, 48.12156853], [11.70521424, 48.12198155], [11.70566088, 48.12220932], [11.70586763, 48.1222986], [11.70611119, 48.12237371], [11.70632803, 48.12242807], [11.70666893, 48.12247825], [11.70699139, 48.12251534], [11.70709227, 48.12251291], [11.70711215, 48.12251242], [11.70712695, 48.12250679], [11.70730098, 48.12244105], [11.70742164, 48.12236645], [11.70741766, 48.12238083], [11.70739132, 48.12247653], [11.70764612, 48.12257699], [11.70794789, 48.12269601], [11.7080638, 48.12274165], [11.70855516, 48.1229354], [11.70862661, 48.12296346], [11.70874018, 48.12279782], [11.70885288, 48.12263333], [11.70930731, 48.12297107], [11.7106095, 48.12394165], [11.71068826, 48.1240004], [11.71071835, 48.12402278], [11.71073775, 48.12403462], [11.71197748, 48.12299048], [11.71199368, 48.12297685], [11.71326619, 48.1237979], [11.71359512, 48.12401003], [11.71394496, 48.12426064], [11.71412751, 48.12457653], [11.71444636, 48.12512803], [11.71454426, 48.12529719], [11.71514968, 48.12634318], [11.71556708, 48.12710233], [11.71616908, 48.12817465], [11.71616167, 48.12817913], [11.71606207, 48.12823934], [11.71517188, 48.12877751], [11.71538841, 48.1289376], [11.71531787, 48.12899256], [11.7145217, 48.12960796], [11.71401767, 48.12938347], [11.71368896, 48.12923709], [11.71364728, 48.12921818], [11.71339622, 48.12910669], [11.71338948, 48.12911063], [11.71184097, 48.1299905], [11.71176794, 48.13003213], [11.71170528, 48.13006768], [11.71178243, 48.13010583], [11.71186884, 48.13014751], [11.71310527, 48.13074856], [11.71408608, 48.13122545], [11.71437534, 48.13136596], [11.71419338, 48.13157632], [11.71412986, 48.13163857], [11.71374443, 48.13201681], [11.71337816, 48.1323521], [11.71262725, 48.13304294], [11.71253853, 48.13312429], [11.71226499, 48.1333843], [11.71230225, 48.13339529], [11.71236306, 48.13341323], [11.71337914, 48.13371355], [11.71445906, 48.13403268], [11.71484002, 48.13345357], [11.71501658, 48.13318517], [11.71527135, 48.13279794], [11.71637366, 48.13312407], [11.71642288, 48.13313858], [11.71698993, 48.13330632], [11.71731048, 48.13340118], [11.71805271, 48.13362062], [11.71887503, 48.13386386], [11.71985924, 48.13415503], [11.71991894, 48.13417262], [11.72044433, 48.13432814], [11.72045731, 48.13433199], [11.72013522, 48.13481842], [11.71970395, 48.13547051], [11.71968702, 48.13549573], [11.72131302, 48.13628751], [11.7229007, 48.13706089], [11.7229097, 48.13710956], [11.7224454, 48.13748217], [11.72216815, 48.13770474], [11.72172871, 48.13805656], [11.72145629, 48.13827429], [11.7206395, 48.13892966], [11.72046345, 48.13907053], [11.71901448, 48.13832834], [11.71785911, 48.1377363], [11.71780071, 48.13775134], [11.71565949, 48.13830595], [11.71505697, 48.13846197], [11.71500785, 48.13847471], [11.71494555, 48.13849074], [11.71433669, 48.13877102], [11.71387797, 48.13910949], [11.71382817, 48.13914625], [11.71378599, 48.13917741], [11.71370011, 48.1392143], [11.71365852, 48.13923222], [11.71364257, 48.13923909], [11.71358742, 48.13920814], [11.71341802, 48.1391131], [11.71334974, 48.13916483], [11.712556, 48.13977174], [11.71175778, 48.14038141], [11.71165144, 48.14046263], [11.71149638, 48.14058123], [11.71083889, 48.14108377], [11.71002679, 48.14170499], [11.70999129, 48.14173206], [11.70997739, 48.14174263], [11.70995579, 48.14175922], [11.7099203, 48.14178629], [11.7099777, 48.14178221], [11.70999881, 48.14178073], [11.710024, 48.14179339], [11.71021945, 48.1418911], [11.71066842, 48.14211549], [11.71086485, 48.14221368], [11.71102184, 48.14229213], [11.7110856, 48.14232411], [11.7111812, 48.14237179], [11.71122888, 48.14239566], [11.71124803, 48.14240525], [11.71259408, 48.14307862], [11.71279403, 48.14317869], [11.71095053, 48.14461309], [11.71280889, 48.14528372], [11.71325128, 48.1454434], [11.71333356, 48.14543317], [11.71329861, 48.14546052], [11.71326272, 48.14548839], [11.71322764, 48.14551564], [11.71258789, 48.14601286], [11.71170991, 48.14669455], [11.71167576, 48.14672145], [11.71163743, 48.14675094], [11.71160248, 48.14677819], [11.71084281, 48.1473687], [11.71032278, 48.14777282], [11.71032236, 48.14779649], [11.71032099, 48.1478749], [11.71027089, 48.14789379], [11.71005664, 48.1479753], [11.71003367, 48.14798408], [11.70969972, 48.14811364], [11.70940881, 48.1480761], [11.70857445, 48.147969], [11.70755028, 48.14783932], [11.70668356, 48.14773065], [11.7055594, 48.1475864], [11.70413171, 48.14740066], [11.70293376, 48.14725172], [11.70285925, 48.14731079], [11.70276622, 48.14738467], [11.7026536, 48.14747403], [11.70259373, 48.1474379], [11.70266013, 48.14736856], [11.70272356, 48.14730244], [11.70279131, 48.1472321], [11.70132278, 48.1470346], [11.70049032, 48.14693443], [11.69950975, 48.14681252], [11.69897815, 48.14674275], [11.69861936, 48.14669574], [11.69855191, 48.1467578], [11.69853028, 48.14677771], [11.69840621, 48.14689167], [11.69834842, 48.14686741], [11.69846895, 48.14672008], [11.69849996, 48.1466823], [11.69757773, 48.14656187], [11.69721736, 48.14652005], [11.69569691, 48.14633218], [11.69486866, 48.14621876], [11.69463985, 48.14621403], [11.69463797, 48.14621375], [11.69458267, 48.14620523], [11.69364243, 48.14606168], [11.69268236, 48.14593849], [11.69167454, 48.14581105], [11.69148249, 48.14597106], [11.6914152, 48.14594048], [11.69148459, 48.14586622], [11.69155113, 48.14579526], [11.69048893, 48.1456652], [11.69026761, 48.14563717], [11.68982836, 48.14557541], [11.68887407, 48.1454489], [11.6881776, 48.14535786], [11.68792851, 48.14532843], [11.68745446, 48.14526708], [11.68706099, 48.14521609], [11.68691501, 48.1451975], [11.68644762, 48.14513798], [11.68575028, 48.14505113], [11.68519302, 48.14498132], [11.68497783, 48.14495445], [11.68481104, 48.14493368], [11.68451788, 48.14489704], [11.68372976, 48.14479185], [11.68350802, 48.14483243], [11.68348206, 48.14483623], [11.68341743, 48.14484825], [11.68331145, 48.14486796], [11.68306348, 48.1449126], [11.68087435, 48.14463301], [11.67919996, 48.14441874], [11.67816313, 48.14428498], [11.67816703, 48.14430604], [11.67824067, 48.14470828], [11.67827858, 48.14491588], [11.67836487, 48.14538716], [11.67845419, 48.14587323], [11.67845614, 48.14588403], [11.67853555, 48.14631777], [11.67853918, 48.14633801], [11.67863357, 48.14685403], [11.67874167, 48.14744604], [11.67876442, 48.14757144], [11.67885026, 48.14804402], [11.67889585, 48.14829318], [11.67903362, 48.14904576], [11.67903816, 48.14907059], [11.67903921, 48.14907598], [11.67913045, 48.1495784], [11.67917566, 48.14982782], [11.67922923, 48.15012322], [11.67931292, 48.15058223], [11.67940686, 48.15109795], [11.67959554, 48.15213255], [11.67960308, 48.15217412], [11.67961543, 48.15224107], [11.67978049, 48.15313791], [11.67980183, 48.15325395], [11.67847492, 48.15397917], [11.6769358, 48.15481973], [11.67527788, 48.15572704], [11.67467998, 48.15605399], [11.67463802, 48.15607682], [11.6745792, 48.15610913], [11.67453145, 48.15613526], [11.67449436, 48.15615548], [11.67392564, 48.15646662], [11.67422043, 48.15671273], [11.67402325, 48.1567137], [11.67403445, 48.15675006], [11.67404381, 48.15677995], [11.67402871, 48.15678791], [11.67210655, 48.15781267], [11.67204773, 48.157844], [11.67149819, 48.15813663], [11.67092744, 48.158454], [11.67076773, 48.15852269], [11.6706268, 48.15855646], [11.66968087, 48.15871575], [11.66967879, 48.1587045], [11.66963857, 48.15871077]]]}}, {"type": "Feature", "properties": {"ref": "21", "name": "Pasing-Obermenzing"}, "geometry": {"type": "Polygon", "coordinates": [[[11.4605666, 48.17502088], [11.46072316, 48.1755445], [11.46078989, 48.1759961], [11.46074911, 48.17652648], [11.46018649, 48.17636325], [11.45956048, 48.1761784], [11.45942295, 48.17613768], [11.45878756, 48.17595005], [11.45675528, 48.17542735], [11.45430934, 48.174939], [11.45426208, 48.17495878], [11.45328411, 48.17477631], [11.45266786, 48.17468592], [11.45213844, 48.17459164], [11.45177345, 48.17448206], [11.45140118, 48.1743799], [11.450638, 48.17421155], [11.44987127, 48.17405023], [11.44872276, 48.17383096], [11.44862459, 48.17380932], [11.44852211, 48.17378526], [11.44790168, 48.17431037], [11.44751348, 48.17457867], [11.44689401, 48.17493177], [11.44620943, 48.1752215], [11.44547039, 48.17545079], [11.44445777, 48.17564612], [11.44368537, 48.17570848], [11.44323951, 48.17570339], [11.44279668, 48.17565185], [11.44188856, 48.17539605], [11.44057448, 48.17497349], [11.43983874, 48.17482191], [11.43896972, 48.17478161], [11.43753582, 48.17474746], [11.43754842, 48.17470485], [11.43760776, 48.17449647], [11.43769902, 48.17417603], [11.43779554, 48.17392431], [11.43787773, 48.17378354], [11.43798898, 48.17361556], [11.43805535, 48.17355744], [11.43805575, 48.17355709], [11.43825548, 48.17343017], [11.43859041, 48.17322549], [11.43884113, 48.17307465], [11.43910452, 48.17287062], [11.43931411, 48.1725771], [11.43933459, 48.17254861], [11.43945141, 48.17231765], [11.43943112, 48.1723037], [11.43941056, 48.17228966], [11.43916565, 48.17212177], [11.43820885, 48.17146704], [11.43819366, 48.17145563], [11.43817981, 48.17144352], [11.43816772, 48.17143051], [11.43815712, 48.17141697], [11.4381484, 48.17140289], [11.43814157, 48.17138829], [11.43813649, 48.17137334], [11.43813343, 48.17135821], [11.43813226, 48.17134301], [11.43813296, 48.17132772], [11.43813568, 48.17131254], [11.43814028, 48.17129754], [11.43814676, 48.17128292], [11.43815429, 48.17126992], [11.43816343, 48.17125729], [11.43817391, 48.1712452], [11.43818573, 48.17123375], [11.43819889, 48.17122284], [11.43821324, 48.17121275], [11.4388821, 48.17077576], [11.43983614, 48.17015224], [11.43988625, 48.17011967], [11.43994732, 48.17007977], [11.44013199, 48.16995908], [11.44014404, 48.1699506], [11.44015224, 48.16992546], [11.44009627, 48.1699188], [11.44014651, 48.1698704], [11.44018873, 48.16981863], [11.44022238, 48.16976412], [11.44026259, 48.16968841], [11.44029244, 48.1696322], [11.44038025, 48.16946671], [11.44030118, 48.16939704], [11.4400674, 48.16919105], [11.43961355, 48.16881683], [11.43844105, 48.16806882], [11.43840887, 48.16804851], [11.43838013, 48.16803254], [11.43822222, 48.16794366], [11.43769852, 48.16765033], [11.43742462, 48.16748917], [11.43719847, 48.16733198], [11.43698563, 48.16718563], [11.43677277, 48.16703936], [11.43665099, 48.1669551], [11.4363935, 48.1667512], [11.43624917, 48.1666182], [11.43605755, 48.16645659], [11.43590399, 48.16632632], [11.43586989, 48.16629759], [11.43573677, 48.16618535], [11.43544697, 48.16599994], [11.43512436, 48.16576875], [11.43494267, 48.16557622], [11.43485218, 48.16546657], [11.43470867, 48.16529052], [11.4346151, 48.16516914], [11.43452746, 48.16504583], [11.43434643, 48.16480413], [11.43428996, 48.16472244], [11.43414998, 48.16456876], [11.43401427, 48.16446176], [11.43387943, 48.16437455], [11.43383954, 48.16431364], [11.43380563, 48.16425869], [11.43378792, 48.16412612], [11.4337733, 48.16409933], [11.43379132, 48.16406161], [11.43393419, 48.16376244], [11.43382269, 48.1637057], [11.43376384, 48.16366495], [11.4337254, 48.16363823], [11.43323588, 48.16328843], [11.43318116, 48.16324041], [11.4330286, 48.16310674], [11.43292496, 48.1630342], [11.43408236, 48.16240245], [11.43460058, 48.16211973], [11.43492474, 48.16194287], [11.43517925, 48.16180329], [11.43560565, 48.16156941], [11.43626765, 48.16120623], [11.4366174, 48.16101434], [11.43682532, 48.16090034], [11.43701284, 48.16079758], [11.4372104, 48.16068905], [11.43723109, 48.16067782], [11.43741445, 48.16058464], [11.43761888, 48.16048088], [11.43782351, 48.1603768], [11.43820344, 48.16018387], [11.43847741, 48.16004461], [11.43873286, 48.15990638], [11.43889209, 48.15981854], [11.43909919, 48.15970337], [11.43930554, 48.15958749], [11.43951099, 48.15947068], [11.43971527, 48.15935301], [11.43991845, 48.15923449], [11.44012042, 48.15911489], [11.44032131, 48.15899456], [11.44052073, 48.15887309], [11.44071922, 48.15875084], [11.44091626, 48.15862789], [11.44111245, 48.15850384], [11.44130681, 48.15837901], [11.44150049, 48.15825321], [11.44169256, 48.15812657], [11.44188331, 48.15799908], [11.44196418, 48.1579443], [11.44207271, 48.15787076], [11.44226132, 48.15774147], [11.44237275, 48.15766397], [11.44244832, 48.1576114], [11.44257659, 48.15752097], [11.44263384, 48.15748062], [11.44281857, 48.15734969], [11.4428454, 48.15733039], [11.44283008, 48.15731772], [11.44293321, 48.15724224], [11.44303838, 48.15716523], [11.44325311, 48.15701385], [11.44346477, 48.15686161], [11.44363284, 48.15674066], [11.4440689, 48.15642865], [11.44449115, 48.15613461], [11.44501676, 48.15576843], [11.4458754, 48.15518219], [11.44627192, 48.15491967], [11.44646561, 48.15479443], [11.44712012, 48.15441236], [11.44733546, 48.15428658], [11.4473571, 48.15427391], [11.44759746, 48.15413119], [11.4485584, 48.15368169], [11.44889545, 48.15359108], [11.44896221, 48.15358228], [11.44928025, 48.15353993], [11.44934113, 48.15352993], [11.44955577, 48.15348821], [11.44997847, 48.15339954], [11.45037559, 48.15331579], [11.45049356, 48.15329279], [11.45064018, 48.15326485], [11.45117475, 48.15314811], [11.45151309, 48.15305688], [11.45162602, 48.15302511], [11.45180915, 48.15299296], [11.45197877, 48.15295843], [11.45200677, 48.15295299], [11.45217563, 48.15292045], [11.45218722, 48.15291709], [11.45243538, 48.15287033], [11.45244855, 48.15288289], [11.45268778, 48.1528351], [11.45272699, 48.15282728], [11.45273507, 48.15282597], [11.45293116, 48.1527877], [11.45355927, 48.152669], [11.45341666, 48.15220195], [11.45327636, 48.15169316], [11.45201351, 48.1516426], [11.45167496, 48.1516024], [11.45153789, 48.15156576], [11.45117339, 48.15155357], [11.44980197, 48.15127904], [11.44872906, 48.15105205], [11.44870292, 48.15104635], [11.44861014, 48.15102629], [11.44818952, 48.1509273], [11.44755738, 48.15073157], [11.4471135, 48.15057856], [11.44703881, 48.15055311], [11.44657476, 48.15036929], [11.4461051, 48.15015624], [11.44580182, 48.15000563], [11.44565227, 48.1499217], [11.44551815, 48.14984702], [11.44542798, 48.14979648], [11.44519005, 48.14965572], [11.44504475, 48.14956984], [11.44470216, 48.14933727], [11.44460781, 48.14927322], [11.44430545, 48.14903952], [11.44428492, 48.1490236], [11.44425052, 48.14899744], [11.44420385, 48.14896197], [11.44408905, 48.14886738], [11.44407642, 48.14885554], [11.44403463, 48.14881792], [11.44384274, 48.14864494], [11.44392172, 48.14863586], [11.44358099, 48.14825886], [11.44327849, 48.1478535], [11.44308693, 48.14759761], [11.4428236, 48.14724563], [11.44275915, 48.1472643], [11.44275241, 48.14726625], [11.44264601, 48.14710108], [11.44237258, 48.14667651], [11.44236087, 48.14671611], [11.44218216, 48.14641515], [11.44187762, 48.14590255], [11.44177269, 48.14573735], [11.44171862, 48.14562984], [11.44166153, 48.14551627], [11.44164755, 48.14551665], [11.44164014, 48.14551868], [11.44162722, 48.14549819], [11.44161544, 48.14547952], [11.44152435, 48.14531965], [11.4415237, 48.14531767], [11.44149604, 48.14522969], [11.44140547, 48.14508229], [11.44138844, 48.14505459], [11.44133708, 48.14496898], [11.44120742, 48.14475716], [11.4410782, 48.14454555], [11.44096117, 48.14435471], [11.44083392, 48.14414587], [11.44073027, 48.14397569], [11.44062494, 48.14380323], [11.44050631, 48.14361168], [11.44040561, 48.14344843], [11.44029954, 48.14327537], [11.44019364, 48.14310216], [11.44013515, 48.14300662], [11.44010651, 48.14295845], [11.44000971, 48.1428012], [11.43991676, 48.14264929], [11.43983806, 48.1425215], [11.43971318, 48.14231521], [11.43958672, 48.14210673], [11.43925289, 48.14155502], [11.43923692, 48.14160043], [11.43888125, 48.1410205], [11.43872441, 48.14076482], [11.43858938, 48.14054045], [11.43848229, 48.14036293], [11.43837692, 48.14018818], [11.43828318, 48.14003288], [11.43818418, 48.13986586], [11.43824076, 48.13969823], [11.43786807, 48.13909393], [11.43754265, 48.13856677], [11.43743419, 48.13838554], [11.4374134, 48.13835334], [11.43739403, 48.13832337], [11.43735378, 48.13825661], [11.4373522, 48.13825399], [11.43719592, 48.13799824], [11.43701787, 48.13770716], [11.43685855, 48.1374486], [11.43671102, 48.13720743], [11.43669108, 48.13717487], [11.43654641, 48.13693845], [11.43637628, 48.13666054], [11.43686486, 48.13637348], [11.43716802, 48.13619563], [11.43747104, 48.13601779], [11.43777407, 48.13584007], [11.43807708, 48.13566217], [11.43844841, 48.1354444], [11.43848233, 48.13542451], [11.43850848, 48.13540917], [11.43853878, 48.13539116], [11.43857017, 48.13537279], [11.43840921, 48.13521944], [11.43815121, 48.13496523], [11.43813669, 48.13461042], [11.4384077, 48.13459463], [11.43872475, 48.13457721], [11.43897849, 48.13454256], [11.43936317, 48.13449018], [11.43945708, 48.1344774], [11.43976881, 48.13443497], [11.43982127, 48.13442785], [11.4400368, 48.1344237], [11.44015168, 48.13442146], [11.44028934, 48.13440035], [11.44034493, 48.13439162], [11.44070636, 48.13433529], [11.44072143, 48.13433266], [11.44096938, 48.1342871], [11.44116941, 48.13424971], [11.44125444, 48.13422566], [11.44186249, 48.13404764], [11.44200364, 48.13400154], [11.44205837, 48.13398364], [11.4421828, 48.13394307], [11.44219128, 48.13394176], [11.44219707, 48.13394071], [11.44229345, 48.13392257], [11.44255586, 48.13395634], [11.44338902, 48.13399187], [11.44424017, 48.13405514], [11.44502138, 48.13408911], [11.44562289, 48.13393674], [11.44582055, 48.13388671], [11.44582958, 48.13388443], [11.44587147, 48.13387383], [11.4458771, 48.13387241], [11.44597457, 48.1338478], [11.4462334, 48.13378234], [11.44644773, 48.13372584], [11.44691893, 48.13359938], [11.44695877, 48.13358868], [11.44733339, 48.13348812], [11.44746664, 48.13358823], [11.44764806, 48.13348273], [11.44743439, 48.13345354], [11.44738095, 48.13341186], [11.44722461, 48.1332899], [11.44712252, 48.13317411], [11.44708717, 48.13318734], [11.44704313, 48.13308534], [11.44707341, 48.13299484], [11.44718351, 48.13288609], [11.44730046, 48.13266321], [11.44731359, 48.132478], [11.44744431, 48.13226889], [11.44761297, 48.13216134], [11.44769786, 48.13201011], [11.44781776, 48.13193866], [11.44789346, 48.13189361], [11.44797509, 48.13177421], [11.44793091, 48.13165098], [11.44788524, 48.13153999], [11.44805016, 48.13126443], [11.448104, 48.13116935], [11.4481143, 48.13114889], [11.44812684, 48.13115732], [11.44821927, 48.1312165], [11.44822475, 48.13121842], [11.44822385, 48.1312275], [11.44833083, 48.13119726], [11.4484159, 48.13135683], [11.448494, 48.13148156], [11.44854149, 48.13155327], [11.44866735, 48.13159579], [11.44877777, 48.13180319], [11.44926019, 48.13234371], [11.44977624, 48.13292285], [11.45062421, 48.13264883], [11.4509965, 48.13253442], [11.45111947, 48.13249292], [11.45115197, 48.13248165], [11.45127657, 48.13290149], [11.45132936, 48.13316093], [11.45133782, 48.1331982], [11.45135179, 48.13323443], [11.45135851, 48.13327277], [11.45137209, 48.13327086], [11.45148876, 48.13325469], [11.45149011, 48.13325461], [11.45150112, 48.13325511], [11.45152331, 48.13325405], [11.45177828, 48.13324879], [11.45193047, 48.13323684], [11.45216234, 48.13321852], [11.45274129, 48.13318325], [11.45349692, 48.13312299], [11.4543201, 48.13304263], [11.45476843, 48.13298387], [11.45487739, 48.13296963], [11.45484829, 48.13292552], [11.45478536, 48.13284067], [11.45476475, 48.13280117], [11.45472989, 48.13273437], [11.45470566, 48.1326248], [11.4547389, 48.13261983], [11.4553475, 48.13253034], [11.45603133, 48.13246118], [11.45695753, 48.13236363], [11.45736675, 48.13231843], [11.45784676, 48.1322536], [11.45788525, 48.13247891], [11.45794396, 48.13246689], [11.45899621, 48.13226518], [11.46013882, 48.13204533], [11.46000215, 48.1317737], [11.45988517, 48.13155696], [11.45968857, 48.13122203], [11.45949313, 48.13093048], [11.45947118, 48.13089774], [11.45974493, 48.1308057], [11.46002858, 48.13072428], [11.46006518, 48.13071647], [11.46088653, 48.13054119], [11.46154925, 48.13040019], [11.46210617, 48.13029473], [11.46202236, 48.12999952], [11.46238079, 48.12993439], [11.46345541, 48.12991932], [11.46370261, 48.12992669], [11.46373976, 48.12984369], [11.46376547, 48.12971234], [11.46379287, 48.12948313], [11.46396674, 48.12940523], [11.46412526, 48.12935056], [11.46454225, 48.12923905], [11.46471958, 48.12889836], [11.46479904, 48.1287058], [11.46485453, 48.12855873], [11.46494561, 48.12830129], [11.46496894, 48.12822873], [11.46500063, 48.1282313], [11.46501075, 48.12823179], [11.46501513, 48.12823199], [11.46557692, 48.12827332], [11.4656691, 48.12828588], [11.46580904, 48.12830586], [11.46593234, 48.1283218], [11.46619567, 48.1283578], [11.46644144, 48.12839131], [11.46645873, 48.12839436], [11.46693144, 48.12847798], [11.46789335, 48.12867876], [11.46830204, 48.12876685], [11.46859404, 48.12882556], [11.46856916, 48.12891358], [11.46966932, 48.12885809], [11.46966521, 48.12894504], [11.4700892, 48.12899011], [11.47021896, 48.12900823], [11.47031396, 48.12902152], [11.47040704, 48.12903393], [11.47059643, 48.12905921], [11.4707869, 48.12908452], [11.47097857, 48.12911002], [11.47103317, 48.12911737], [11.47117162, 48.1291358], [11.47120731, 48.12914054], [11.47127842, 48.12915102], [11.47135355, 48.12916206], [11.47146032, 48.12917774], [11.47160409, 48.12919883], [11.4716694, 48.12920848], [11.47174745, 48.12922115], [11.47193611, 48.12925175], [11.47212276, 48.12928216], [11.47249044, 48.12934204], [11.472554, 48.12935232], [11.47258136, 48.12935675], [11.47270544, 48.12937268], [11.47285677, 48.12939208], [11.47299621, 48.12941001], [11.47302614, 48.12941384], [11.4729162, 48.12949996], [11.47302521, 48.12956376], [11.47309784, 48.12960767], [11.4737229, 48.12995945], [11.47390803, 48.1300638], [11.4748639, 48.13024473], [11.4750247, 48.13027422], [11.47557784, 48.1303754], [11.47644416, 48.13053701], [11.47655791, 48.13055865], [11.47677555, 48.13060116], [11.4769769, 48.13064108], [11.47724463, 48.13069423], [11.47762768, 48.13077603], [11.47773743, 48.13080151], [11.47789616, 48.13083844], [11.47790711, 48.13081607], [11.47803348, 48.13054762], [11.47865788, 48.12931309], [11.47874414, 48.12933117], [11.481991, 48.12997523], [11.4829782, 48.13011655], [11.48287665, 48.13051738], [11.48276563, 48.13114703], [11.48276926, 48.13165074], [11.48287116, 48.13215666], [11.48318462, 48.13304728], [11.48356846, 48.13388859], [11.48463236, 48.13597334], [11.48502482, 48.13663448], [11.48515937, 48.13683797], [11.48522973, 48.13694379], [11.48571678, 48.13777918], [11.48629669, 48.13863739], [11.48664966, 48.13904835], [11.48741709, 48.13970462], [11.48779412, 48.1401172], [11.4880473, 48.14046929], [11.48824767, 48.14084935], [11.48830575, 48.14097154], [11.48881185, 48.14204589], [11.48962203, 48.14423618], [11.4895895, 48.14424077], [11.48952307, 48.14425016], [11.48946937, 48.14425819], [11.48944861, 48.14443323], [11.48942668, 48.14461848], [11.48930212, 48.14463078], [11.48866587, 48.14468762], [11.48857449, 48.14469579], [11.48847259, 48.14470492], [11.48861805, 48.1454164], [11.48880387, 48.14602236], [11.48896612, 48.14654122], [11.48922625, 48.14737905], [11.48896857, 48.14749366], [11.48873219, 48.14761686], [11.48851637, 48.14773753], [11.4883442, 48.14783778], [11.48817588, 48.14794208], [11.48791791, 48.14810913], [11.4876787, 48.14827073], [11.48749803, 48.14839991], [11.48726824, 48.1485766], [11.48714502, 48.14868765], [11.48703411, 48.1487804], [11.48688384, 48.14891277], [11.48676624, 48.14901333], [11.48654333, 48.14919081], [11.48574855, 48.14987622], [11.48532741, 48.15024636], [11.48512751, 48.1504306], [11.48487273, 48.15067268], [11.48453202, 48.15099927], [11.48427586, 48.15124496], [11.48413189, 48.15140654], [11.48399488, 48.15157703], [11.48365726, 48.15201797], [11.48335914, 48.15242095], [11.48284513, 48.15316345], [11.48267695, 48.1534399], [11.48254203, 48.1536936], [11.48229613, 48.15422315], [11.48220573, 48.15441184], [11.48180056, 48.15545634], [11.48176677, 48.15545128], [11.48173272, 48.1555576], [11.48172848, 48.15557085], [11.48177688, 48.15556998], [11.48179692, 48.15557512], [11.48181513, 48.15558544], [11.48182587, 48.15559564], [11.48183326, 48.15560736], [11.48183761, 48.15562302], [11.4818365, 48.15564218], [11.48183173, 48.15566032], [11.48178264, 48.15580677], [11.48176517, 48.15586892], [11.48173159, 48.15596268], [11.48157489, 48.15635973], [11.48153457, 48.15647012], [11.48152408, 48.15650542], [11.48146316, 48.15674286], [11.48140985, 48.15694552], [11.48139428, 48.15701487], [11.48132591, 48.15734458], [11.48131062, 48.1574122], [11.48126749, 48.15760562], [11.48125435, 48.15830899], [11.48126927, 48.15848417], [11.48129186, 48.15874726], [11.48129969, 48.15887572], [11.48138538, 48.15931287], [11.48150222, 48.15974656], [11.48153493, 48.15983638], [11.48160139, 48.16001917], [11.48164351, 48.16013548], [11.4816872, 48.1602553], [11.48181956, 48.16052423], [11.48194175, 48.16077218], [11.48203231, 48.16095587], [11.48207373, 48.16102251], [11.48237286, 48.16150529], [11.48260755, 48.1618207], [11.4829048, 48.1621747], [11.48293057, 48.16220549], [11.48337341, 48.16266242], [11.48339752, 48.16268403], [11.48375822, 48.16256596], [11.48411478, 48.1624993], [11.48422307, 48.16247893], [11.48468572, 48.16240099], [11.48483155, 48.16237639], [11.48484851, 48.1623735], [11.484934, 48.16236112], [11.48500131, 48.16235127], [11.48514421, 48.16233591], [11.48528562, 48.16232315], [11.48530311, 48.16232188], [11.48542128, 48.16231306], [11.48555812, 48.16230549], [11.48569448, 48.16230075], [11.48583162, 48.16229863], [11.48596777, 48.16230064], [11.48607756, 48.16230369], [11.48610188, 48.16230435], [11.48622376, 48.16230877], [11.48648441, 48.16233421], [11.48670066, 48.16236389], [11.48691547, 48.16239356], [11.48712408, 48.16243151], [11.48735954, 48.16248713], [11.48760974, 48.16255598], [11.48785643, 48.16263398], [11.4880362, 48.16269444], [11.48814984, 48.1627414], [11.48820715, 48.16276508], [11.48828179, 48.16280175], [11.48837436, 48.16284723], [11.48842059, 48.1628746], [11.48843528, 48.16287035], [11.48887519, 48.16274202], [11.48887694, 48.16274149], [11.48891713, 48.16279627], [11.48891524, 48.16279689], [11.4890131, 48.16293318], [11.48901525, 48.16293256], [11.48901552, 48.16293301], [11.48916721, 48.16314362], [11.48916479, 48.16314433], [11.48920991, 48.16320272], [11.48920748, 48.16320352], [11.48935189, 48.16340315], [11.48935391, 48.16340244], [11.48935417, 48.1634029], [11.48942034, 48.16349481], [11.48941819, 48.16349525], [11.4897106, 48.16390127], [11.48971262, 48.16390056], [11.48975383, 48.16396011], [11.48974936, 48.16396342], [11.48974051, 48.16397516], [11.48973883, 48.16398154], [11.48974117, 48.16398919], [11.48974808, 48.16399723], [11.48975062, 48.16399868], [11.48976121, 48.16400178], [11.48976981, 48.16400272], [11.48977734, 48.1640023], [11.48978826, 48.16399858], [11.48979528, 48.16399573], [11.49083728, 48.16459127], [11.49116668, 48.16477801], [11.49116506, 48.16477926], [11.4913843, 48.16490435], [11.49138592, 48.1649031], [11.49174072, 48.16510541], [11.49173196, 48.16517579], [11.49172968, 48.1651756], [11.49172837, 48.1651854], [11.49178937, 48.165189], [11.4918286, 48.16519133], [11.4918282, 48.16520509], [11.49182751, 48.16523567], [11.49193527, 48.16526771], [11.4920101, 48.16528585], [11.49194613, 48.16535179], [11.49191398, 48.16538494], [11.49190759, 48.16539153], [11.49188539, 48.1654165], [11.49176654, 48.16555017], [11.49176306, 48.16554881], [11.49173734, 48.16564547], [11.49169771, 48.16605111], [11.49169273, 48.16610874], [11.49169047, 48.16613562], [11.49168966, 48.16613571], [11.49168965, 48.16613661], [11.49168622, 48.16617248], [11.49168576, 48.1661776], [11.49168568, 48.16617849], [11.49164231, 48.16661162], [11.49164675, 48.16661119], [11.49164057, 48.16667995], [11.49163761, 48.16668029], [11.49154178, 48.16763444], [11.49145228, 48.16764466], [11.4911244, 48.16768205], [11.49111538, 48.16768318], [11.49086316, 48.16771977], [11.49073502, 48.16773831], [11.49074798, 48.16774628], [11.49109638, 48.16795965], [11.49081341, 48.16816543], [11.49129849, 48.16846335], [11.49090661, 48.16881521], [11.49079469, 48.1689149], [11.49082544, 48.16893222], [11.49086583, 48.16895443], [11.4909458, 48.16899976], [11.49080273, 48.16934323], [11.49060324, 48.16981285], [11.49044065, 48.17052309], [11.49046938, 48.17098297], [11.49044366, 48.17152733], [11.49037765, 48.17210867], [11.49032279, 48.17224702], [11.4902111, 48.17252911], [11.49017225, 48.17256433], [11.48975983, 48.17250635], [11.48918387, 48.17242507], [11.48858876, 48.17233196], [11.488431, 48.17233156], [11.48827975, 48.17247738], [11.48732958, 48.17245826], [11.48606805, 48.17242609], [11.48524647, 48.17241131], [11.48469218, 48.17237274], [11.48412496, 48.17226779], [11.48368474, 48.17213343], [11.4821958, 48.1710975], [11.48186718, 48.17085025], [11.48088242, 48.17157905], [11.48047608, 48.17183944], [11.47935401, 48.17242969], [11.47775796, 48.17348385], [11.47731935, 48.17382128], [11.47467824, 48.17574222], [11.47451688, 48.17571004], [11.47438066, 48.17575204], [11.4738912, 48.17588757], [11.47367002, 48.17594877], [11.47364076, 48.17595699], [11.47352584, 48.1759888], [11.47344854, 48.1760102], [11.47316273, 48.17608927], [11.47286701, 48.17617113], [11.47268064, 48.17622274], [11.47227915, 48.17641187], [11.4719228, 48.17657394], [11.46628676, 48.17524974], [11.46593083, 48.17516344], [11.4658132, 48.17513267], [11.46579266, 48.17508616], [11.46576454, 48.17502244], [11.4656814, 48.17485372], [11.46560858, 48.1747232], [11.46553342, 48.17460283], [11.46550772, 48.17456648], [11.46461585, 48.17445782], [11.46459287, 48.17445636], [11.46410106, 48.17442438], [11.46410634, 48.17451387], [11.46395712, 48.17452442], [11.46349849, 48.17466447], [11.46348095, 48.17466969], [11.46337479, 48.17469132], [11.46335822, 48.17469466], [11.46323892, 48.17472144], [11.4631885, 48.17479782], [11.46238333, 48.17467318], [11.46162155, 48.17457615], [11.46076046, 48.1744953], [11.46064212, 48.17448414], [11.46058581, 48.17448226], [11.46054055, 48.17448144], [11.46052283, 48.17473497], [11.46053304, 48.17490719], [11.4605666, 48.17502088]]]}}, {"type": "Feature", "properties": {"ref": "2", "name": "Ludwigsvorstadt-Isarvorstadt"}, "geometry": {"type": "Polygon", "coordinates": [[[11.55051093, 48.14317051], [11.548484, 48.14362924], [11.54842521, 48.1435088], [11.54853875, 48.14342184], [11.54857563, 48.14338529], [11.5486178, 48.14334355], [11.54853448, 48.14284246], [11.54856399, 48.14281765], [11.54855571, 48.14276627], [11.54850066, 48.14242653], [11.54846602, 48.14221193], [11.54845059, 48.14211681], [11.54844038, 48.14211757], [11.5484339, 48.14207735], [11.54842183, 48.14200372], [11.54841771, 48.14197823], [11.54823103, 48.14084649], [11.54824214, 48.1408448], [11.54822909, 48.1407846], [11.54822329, 48.14078111], [11.54819382, 48.14076341], [11.54814219, 48.14044677], [11.54813426, 48.14041724], [11.54812416, 48.14039049], [11.54811001, 48.14036453], [11.54809211, 48.14033883], [11.54806763, 48.14031292], [11.54806561, 48.14031328], [11.5478294, 48.14013053], [11.54776481, 48.14008027], [11.54755282, 48.13991569], [11.5474785, 48.1398574], [11.54732463, 48.13973522], [11.54719381, 48.13960764], [11.54716612, 48.13957902], [11.5471703, 48.13957724], [11.5471393, 48.13954358], [11.547135, 48.13954401], [11.54700967, 48.13940727], [11.54696708, 48.13939308], [11.5469829, 48.13926758], [11.54732916, 48.13921106], [11.54860878, 48.13901452], [11.54979026, 48.13885361], [11.5497483, 48.1376804], [11.54972677, 48.13713707], [11.54948019, 48.13657044], [11.54841651, 48.13575932], [11.54828271, 48.13569926], [11.54815947, 48.13562999], [11.54804313, 48.13555516], [11.54793653, 48.13547435], [11.54783771, 48.13538908], [11.54775009, 48.13529843], [11.54765386, 48.13517986], [11.54757195, 48.13505675], [11.54750608, 48.13492931], [11.54743315, 48.13475608], [11.54736883, 48.13458144], [11.54734412, 48.13449963], [11.54731554, 48.13440504], [11.54728489, 48.1342836], [11.54727235, 48.13422707], [11.54721796, 48.13395974], [11.54718808, 48.13378092], [11.54716983, 48.1336021], [11.54716348, 48.13342221], [11.54716179, 48.13324225], [11.54715535, 48.1331191], [11.54713882, 48.13302739], [11.54710277, 48.13289523], [11.54704679, 48.13276551], [11.54697602, 48.13263906], [11.54688599, 48.13251823], [11.54678208, 48.13240284], [11.5466628, 48.13229428], [11.54653096, 48.1321925], [11.54643313, 48.13210669], [11.54635164, 48.13201381], [11.54628806, 48.1319148], [11.5462404, 48.13180838], [11.54623012, 48.13178691], [11.54619344, 48.13165266], [11.54618736, 48.13156521], [11.546228, 48.13138511], [11.54629445, 48.13121207], [11.54636604, 48.13103832], [11.54639101, 48.13096569], [11.54639788, 48.13093351], [11.54643905, 48.13080088], [11.54661895, 48.13048603], [11.54635882, 48.13034139], [11.54556952, 48.1294819], [11.5455054, 48.12938011], [11.5454661, 48.12930028], [11.54533398, 48.1290456], [11.54529042, 48.12894182], [11.54526017, 48.12883584], [11.54511456, 48.12814712], [11.54506604, 48.1279205], [11.54504758, 48.12783525], [11.54499768, 48.12765743], [11.54499454, 48.12764833], [11.54498156, 48.12761176], [11.54482889, 48.12718264], [11.54480384, 48.1271123], [11.54476834, 48.12702329], [11.54472623, 48.1269375], [11.5446719, 48.12685347], [11.54461031, 48.12677114], [11.54459996, 48.12675699], [11.54460686, 48.12675379], [11.54459276, 48.1267378], [11.54458615, 48.12673913], [11.54455412, 48.12670089], [11.54452752, 48.12667093], [11.54450357, 48.12664531], [11.54448294, 48.12662431], [11.54446596, 48.12660714], [11.5444441, 48.12658532], [11.54442095, 48.12656269], [11.54439768, 48.12654062], [11.5443778, 48.12652235], [11.54435333, 48.12650039], [11.54433205, 48.12648165], [11.54431027, 48.1264628], [11.54429219, 48.12644721], [11.54427096, 48.12642929], [11.54425079, 48.1264127], [11.54422567, 48.12639276], [11.54419783, 48.12637099], [11.5442113, 48.12631324], [11.54430195, 48.1262413], [11.54436574, 48.12623014], [11.54445907, 48.12620508], [11.54444353, 48.1261229], [11.5447159, 48.12610182], [11.54488138, 48.12610141], [11.54539379, 48.12587911], [11.54549015, 48.12587165], [11.54549432, 48.12588579], [11.54557313, 48.1258464], [11.54566243, 48.1258018], [11.54574703, 48.12575975], [11.54581719, 48.12572666], [11.5472172, 48.12505254], [11.54849647, 48.12444149], [11.54850663, 48.12444819], [11.54866319, 48.12437398], [11.54882028, 48.12429842], [11.54883728, 48.12429057], [11.54889957, 48.12426429], [11.54903199, 48.12420068], [11.54913924, 48.12431409], [11.54985495, 48.12396968], [11.55026015, 48.1237716], [11.55074195, 48.12352001], [11.55256004, 48.12261109], [11.5540568, 48.12189109], [11.55424623, 48.12180203], [11.55497148, 48.12146113], [11.55646791, 48.12074157], [11.55705311, 48.12046012], [11.55829693, 48.11985437], [11.55935623, 48.11935503], [11.55941074, 48.11932781], [11.55948062, 48.11929433], [11.55956554, 48.11925365], [11.55963067, 48.11922233], [11.55965372, 48.11921136], [11.55965569, 48.11921323], [11.55992394, 48.11908594], [11.55992694, 48.11908461], [11.55990525, 48.11904589], [11.56071245, 48.11867251], [11.56077286, 48.11864479], [11.56083863, 48.11863415], [11.56084509, 48.11863292], [11.56085181, 48.11863285], [11.56085838, 48.11863396], [11.56086414, 48.11863623], [11.56086881, 48.11863939], [11.56087214, 48.11864336], [11.56098784, 48.11858829], [11.56135282, 48.11841434], [11.56139647, 48.11839346], [11.56138594, 48.11838389], [11.56138531, 48.11837921], [11.56138669, 48.11837463], [11.56138969, 48.11837041], [11.56139442, 48.11836692], [11.56140022, 48.11836434], [11.56140828, 48.1183641], [11.56141619, 48.11836529], [11.56142329, 48.11836775], [11.56142917, 48.11837145], [11.56143356, 48.11837597], [11.56169986, 48.11824921], [11.5617207, 48.1182393], [11.56195768, 48.1181244], [11.56194903, 48.11811556], [11.56194745, 48.11811151], [11.56194762, 48.11810737], [11.56194954, 48.11810333], [11.56195306, 48.11809993], [11.56195805, 48.11809734], [11.56196384, 48.11809583], [11.56197002, 48.11809541], [11.56197619, 48.11809633], [11.56198167, 48.11809833], [11.56199288, 48.118107], [11.56251444, 48.11785596], [11.56257546, 48.11791077], [11.56265001, 48.11797772], [11.56265937, 48.11798306], [11.56266662, 48.11798246], [11.56266929, 48.11798508], [11.56273973, 48.11797761], [11.56274827, 48.11798547], [11.56302214, 48.11823727], [11.56362403, 48.11880746], [11.56409014, 48.11924402], [11.56420026, 48.11933456], [11.56444358, 48.11953285], [11.56454286, 48.11960974], [11.56468834, 48.11970949], [11.5648274, 48.11980337], [11.5649761, 48.11989496], [11.56503704, 48.11993108], [11.565288, 48.12006923], [11.56597636, 48.12044631], [11.56644478, 48.12070208], [11.56672429, 48.12085134], [11.56745423, 48.12124075], [11.56786278, 48.12146028], [11.56803129, 48.12155097], [11.56819483, 48.12163566], [11.56833641, 48.12169357], [11.56839318, 48.12171672], [11.56854961, 48.12179828], [11.56869949, 48.12187643], [11.56876196, 48.12190895], [11.56876534, 48.12190608], [11.56877591, 48.12191161], [11.56877252, 48.12191447], [11.5688394, 48.12194974], [11.56890427, 48.12198395], [11.56890765, 48.12198117], [11.56891821, 48.1219867], [11.56891483, 48.12198947], [11.56894598, 48.12200614], [11.56904022, 48.12205649], [11.56910249, 48.12208976], [11.56927797, 48.12218348], [11.56932687, 48.12221586], [11.56948678, 48.12232223], [11.56959601, 48.12237957], [11.56973098, 48.12245027], [11.56986166, 48.12251868], [11.5710506, 48.12314136], [11.57220953, 48.12376873], [11.57235533, 48.12383968], [11.57250622, 48.12392718], [11.57254648, 48.12394908], [11.57279147, 48.12408899], [11.57301216, 48.12420492], [11.57380795, 48.124622], [11.57383899, 48.12463857], [11.57462981, 48.12505607], [11.5746571, 48.12507011], [11.57521766, 48.12536713], [11.5752495, 48.12538434], [11.5752812, 48.12540138], [11.5753137, 48.12541814], [11.57534539, 48.12543507], [11.57646125, 48.12602551], [11.57723968, 48.12643924], [11.57741921, 48.12653765], [11.57760581, 48.12664173], [11.57761048, 48.12665083], [11.57760285, 48.12665898], [11.5776126, 48.12667939], [11.57760238, 48.12669971], [11.57761281, 48.12670613], [11.57771375, 48.12676851], [11.57781754, 48.12683158], [11.57782877, 48.12683855], [11.57782133, 48.12684409], [11.57782802, 48.12684789], [11.57784659, 48.12685876], [11.57784779, 48.12686011], [11.57801365, 48.12696173], [11.57817897, 48.12704966], [11.57832437, 48.12712225], [11.57843586, 48.12717445], [11.57857068, 48.12723286], [11.57863131, 48.12725988], [11.57869877, 48.12728692], [11.5787594, 48.12731115], [11.57884119, 48.12734346], [11.57888594, 48.12736014], [11.57889287, 48.12736272], [11.57895675, 48.12738705], [11.579022, 48.12740985], [11.57916257, 48.12745595], [11.57941439, 48.12753653], [11.57964771, 48.12760893], [11.57997823, 48.12771104], [11.58016943, 48.12777647], [11.58028928, 48.1278233], [11.58035529, 48.12785234], [11.58048807, 48.12791365], [11.58049823, 48.12790361], [11.58059214, 48.1279528], [11.58058128, 48.1279668], [11.58062903, 48.12799124], [11.58063478, 48.12799423], [11.58073173, 48.12804494], [11.58080497, 48.12808324], [11.5808306, 48.12809665], [11.58083609, 48.12809955], [11.58085671, 48.12810843], [11.58087828, 48.12811615], [11.58088792, 48.12811925], [11.58089241, 48.12811297], [11.58094631, 48.12812539], [11.58098374, 48.12813155], [11.58103114, 48.12813387], [11.58120166, 48.12812837], [11.58126724, 48.12812627], [11.58219228, 48.12809634], [11.5822944, 48.12809357], [11.58239501, 48.12809411], [11.58249413, 48.1280969], [11.58259417, 48.12810247], [11.58269445, 48.12811154], [11.58279281, 48.12812394], [11.58289239, 48.12813779], [11.58299019, 48.12815433], [11.58308583, 48.12817347], [11.58318115, 48.12819648], [11.58327458, 48.1282212], [11.58336678, 48.12824825], [11.58345696, 48.12827861], [11.58354511, 48.12831156], [11.58362988, 48.12834595], [11.58371284, 48.1283835], [11.58379404, 48.12842311], [11.58387241, 48.1284646], [11.58394997, 48.1285085], [11.58402405, 48.12855426], [11.58409475, 48.1286019], [11.58416286, 48.12865197], [11.58422677, 48.12870418], [11.58425421, 48.12872811], [11.58428759, 48.12875719], [11.5850688, 48.12945879], [11.5850788, 48.12946763], [11.58510404, 48.12949123], [11.58514305, 48.12952768], [11.58514959, 48.12953379], [11.58516332, 48.12954662], [11.58540447, 48.1297621], [11.58552749, 48.12986928], [11.58565129, 48.12997575], [11.58577643, 48.13008115], [11.58590358, 48.13018645], [11.58603104, 48.13029099], [11.58615989, 48.13039427], [11.58629032, 48.13049801], [11.58642207, 48.13060004], [11.5865551, 48.13070069], [11.58668961, 48.13080215], [11.58677293, 48.13086369], [11.58678507, 48.13085653], [11.58685892, 48.13090994], [11.58684555, 48.13091889], [11.58708264, 48.13109467], [11.58715847, 48.13115654], [11.58720234, 48.13119823], [11.58723737, 48.13123522], [11.58727026, 48.13127176], [11.587272, 48.13127168], [11.58728557, 48.13128809], [11.58731533, 48.13133038], [11.58734281, 48.13137311], [11.58736814, 48.13141638], [11.587359, 48.13141787], [11.58736904, 48.13144004], [11.58742451, 48.13156767], [11.58653012, 48.13174161], [11.58572435, 48.13196335], [11.58525809, 48.13218495], [11.58353602, 48.13297549], [11.58335469, 48.1332128], [11.58283793, 48.13389597], [11.58276079, 48.13387047], [11.58223901, 48.13370254], [11.58216592, 48.13368832], [11.58209736, 48.13367983], [11.58202494, 48.13367684], [11.58195483, 48.13367838], [11.58188514, 48.13368286], [11.58154205, 48.13372459], [11.58092864, 48.13379874], [11.57997713, 48.13394105], [11.57989295, 48.13395108], [11.5798125, 48.13395725], [11.57971707, 48.13396107], [11.57963132, 48.13396091], [11.57951209, 48.13395321], [11.57942554, 48.13394408], [11.57932003, 48.13392706], [11.57917662, 48.13389691], [11.57835386, 48.13369802], [11.57762323, 48.13352235], [11.57698231, 48.13336761], [11.57635479, 48.13321769], [11.57629062, 48.13320502], [11.57622662, 48.13319647], [11.57614282, 48.13318944], [11.57604701, 48.13318868], [11.57594159, 48.13319469], [11.57584968, 48.13320612], [11.57503916, 48.13331386], [11.57496543, 48.1333185], [11.57489918, 48.13331414], [11.57483795, 48.13330338], [11.57478335, 48.13328715], [11.57473768, 48.13326683], [11.57468252, 48.13323273], [11.57429533, 48.1329521], [11.57380753, 48.13259896], [11.57366716, 48.13249934], [11.57359993, 48.13245631], [11.5735165, 48.13240728], [11.57344942, 48.1323697], [11.57308292, 48.13217654], [11.57297671, 48.1321182], [11.57244278, 48.13183519], [11.57211674, 48.13166474], [11.57181899, 48.13151298], [11.57151935, 48.13135656], [11.57123396, 48.13120686], [11.57092555, 48.13103676], [11.57084576, 48.13099535], [11.57076258, 48.13095906], [11.57068961, 48.13093292], [11.57060744, 48.13090773], [11.57055238, 48.13089348], [11.57048296, 48.13088092], [11.5704168, 48.13087403], [11.57034249, 48.13086969], [11.57026304, 48.13087124], [11.57018824, 48.13087752], [11.56987733, 48.13094906], [11.56844661, 48.13135585], [11.56829499, 48.13140167], [11.56818834, 48.13143603], [11.56812172, 48.1314624], [11.56806319, 48.13149043], [11.56797982, 48.13153987], [11.56794295, 48.13156665], [11.56789839, 48.13160091], [11.56782408, 48.13166588], [11.56753281, 48.13193351], [11.56736868, 48.13208502], [11.56712211, 48.13230904], [11.56708134, 48.13234898], [11.56705272, 48.13238815], [11.56703231, 48.13242987], [11.56730869, 48.1326505], [11.56709385, 48.13264907], [11.56665067, 48.13337509], [11.56615813, 48.13412139], [11.56515069, 48.13571585], [11.56486304, 48.13631488], [11.56483259, 48.13637827], [11.56498202, 48.13755846], [11.56501885, 48.13785087], [11.56523975, 48.13910375], [11.56566323, 48.13964453], [11.5614382, 48.14096795], [11.56112575, 48.14104909], [11.56073758, 48.14115831], [11.55684278, 48.14199679], [11.55616233, 48.14205007], [11.55577148, 48.1420825], [11.55051093, 48.14317051]]]}}, {"type": "Feature", "properties": {"ref": "10", "name": "Moosach"}, "geometry": {"type": "Polygon", "coordinates": [[[11.46959083, 48.20400797], [11.46952023, 48.20403531], [11.46815069, 48.20452236], [11.4681334, 48.2045285], [11.46806549, 48.20455263], [11.46800766, 48.20457321], [11.46774581, 48.20466632], [11.46613732, 48.20521096], [11.46605342, 48.2051179], [11.46584554, 48.20488741], [11.46567495, 48.20469837], [11.46639579, 48.20447695], [11.46712257, 48.20416055], [11.46756726, 48.20390608], [11.46762046, 48.20391155], [11.46786002, 48.20393591], [11.46790291, 48.2039403], [11.46807428, 48.20395774], [11.46823865, 48.20397307], [11.46851155, 48.20390133], [11.46957708, 48.20339029], [11.47034195, 48.20307765], [11.47145721, 48.202594], [11.47261402, 48.20207619], [11.47284354, 48.20188048], [11.4731748, 48.20157879], [11.47347387, 48.2012889], [11.47354682, 48.20121585], [11.47358323, 48.20117938], [11.4736185, 48.20114407], [11.47370224, 48.2010675], [11.47526488, 48.1996372], [11.4760571, 48.19916031], [11.47774037, 48.19826764], [11.47888953, 48.19781277], [11.47899071, 48.19777275], [11.4791389, 48.19771409], [11.4803211, 48.19727074], [11.48120191, 48.19706556], [11.48127084, 48.19704947], [11.48133144, 48.19703537], [11.48154242, 48.19698613], [11.4824719, 48.19676923], [11.48374292, 48.19647255], [11.48415047, 48.19637362], [11.48455105, 48.19626303], [11.48475273, 48.19620027], [11.48491222, 48.19615067], [11.48494409, 48.19614076], [11.48501267, 48.19611805], [11.48533254, 48.19608166], [11.4856067, 48.19605691], [11.48589817, 48.19602], [11.48630756, 48.19594059], [11.48700779, 48.19577777], [11.48754517, 48.19563675], [11.48806456, 48.19546354], [11.48864009, 48.19524458], [11.48909948, 48.19503541], [11.48962444, 48.19479632], [11.48940035, 48.19478474], [11.48939228, 48.19478431], [11.48926804, 48.1947777], [11.48957964, 48.19350993], [11.48958556, 48.19348262], [11.48984324, 48.19223577], [11.4898331, 48.19195955], [11.4902123, 48.18999292], [11.49027474, 48.18974451], [11.49027954, 48.18968014], [11.49030797, 48.18966182], [11.4904214, 48.18958877], [11.49046295, 48.18956206], [11.49036461, 48.18928527], [11.49036088, 48.18927476], [11.49035751, 48.1892751], [11.49032938, 48.18927787], [11.49014821, 48.1891007], [11.49011011, 48.18902264], [11.49009538, 48.18885231], [11.49012337, 48.18885117], [11.48997317, 48.18818133], [11.48991559, 48.18796554], [11.48986682, 48.18778287], [11.48987905, 48.18741649], [11.48990035, 48.18725606], [11.4899123, 48.18716627], [11.48995258, 48.186862], [11.48990942, 48.18656913], [11.48990555, 48.18655211], [11.48988128, 48.18644552], [11.48985716, 48.18633946], [11.48985664, 48.18633712], [11.48985267, 48.18633099], [11.48983968, 48.18631114], [11.49011392, 48.18595945], [11.49011762, 48.18578075], [11.49011235, 48.18560826], [11.49010476, 48.18543665], [11.49010091, 48.18525415], [11.49010254, 48.18508976], [11.4901047, 48.18491099], [11.49009779, 48.18474556], [11.49008225, 48.18463459], [11.49006337, 48.18454187], [11.49006246, 48.18453881], [11.49002742, 48.18441976], [11.49002493, 48.18441219], [11.49002363, 48.18440823], [11.4899927, 48.18427346], [11.48997741, 48.18416574], [11.48998022, 48.18414075], [11.49000398, 48.18407458], [11.49003681, 48.18400771], [11.49002271, 48.18349869], [11.48993416, 48.1828211], [11.48984615, 48.18191718], [11.48983126, 48.18181784], [11.48981053, 48.18115473], [11.48979134, 48.17966223], [11.4895611, 48.17947657], [11.48936586, 48.17931913], [11.48932786, 48.17873048], [11.4892994, 48.17827643], [11.48917387, 48.17716576], [11.48903199, 48.17641946], [11.48873955, 48.17503947], [11.48883962, 48.17504967], [11.48944565, 48.17510058], [11.48939987, 48.17470914], [11.48937293, 48.17447958], [11.48934607, 48.17425011], [11.48934508, 48.17424174], [11.48985453, 48.1742155], [11.4899573, 48.17421021], [11.49045651, 48.17418374], [11.49054413, 48.17332827], [11.49055838, 48.17305105], [11.49055641, 48.17281796], [11.49055221, 48.17265799], [11.49012956, 48.17260029], [11.49017225, 48.17256433], [11.4902111, 48.17252911], [11.49032279, 48.17224702], [11.49037765, 48.17210867], [11.49044366, 48.17152733], [11.49046938, 48.17098297], [11.49044065, 48.17052309], [11.49060324, 48.16981285], [11.49080273, 48.16934323], [11.4909458, 48.16899976], [11.49086583, 48.16895443], [11.49082544, 48.16893222], [11.49079469, 48.1689149], [11.49090661, 48.16881521], [11.49129849, 48.16846335], [11.49081341, 48.16816543], [11.49109638, 48.16795965], [11.49074798, 48.16774628], [11.49073502, 48.16773831], [11.49086316, 48.16771977], [11.49111538, 48.16768318], [11.4911244, 48.16768205], [11.49145228, 48.16764466], [11.49154178, 48.16763444], [11.49163761, 48.16668029], [11.49164057, 48.16667995], [11.49164675, 48.16661119], [11.49164231, 48.16661162], [11.49168568, 48.16617849], [11.49168576, 48.1661776], [11.49168622, 48.16617248], [11.49168965, 48.16613661], [11.49168966, 48.16613571], [11.49169047, 48.16613562], [11.49169273, 48.16610874], [11.49169771, 48.16605111], [11.49173734, 48.16564547], [11.49176306, 48.16554881], [11.49176654, 48.16555017], [11.49176814, 48.16555081], [11.49177457, 48.16555345], [11.49177791, 48.16555472], [11.49182128, 48.16557218], [11.4918925, 48.16560072], [11.49210928, 48.1656877], [11.49245256, 48.16581546], [11.49249343, 48.16583065], [11.49273691, 48.16588828], [11.49306432, 48.16597629], [11.49324181, 48.16600054], [11.49361649, 48.16601424], [11.4937146, 48.16601404], [11.49381235, 48.16600845], [11.49390882, 48.16599629], [11.49400395, 48.16597911], [11.49409617, 48.16595652], [11.49418534, 48.16592887], [11.49509947, 48.16560045], [11.49518256, 48.16557176], [11.49526632, 48.16554371], [11.49535127, 48.16551683], [11.49543714, 48.16549202], [11.49552422, 48.16546883], [11.49561208, 48.16544719], [11.49570127, 48.16542699], [11.49579098, 48.1654085], [11.49588095, 48.16539163], [11.49588822, 48.16539085], [11.49692931, 48.16548673], [11.49716431, 48.16551183], [11.49710907, 48.16551934], [11.49652964, 48.16559748], [11.49641876, 48.16570542], [11.49678347, 48.16682584], [11.49719802, 48.16691469], [11.49765603, 48.16685232], [11.4980645, 48.16679657], [11.49835672, 48.16665446], [11.49873145, 48.16766421], [11.49912446, 48.16758801], [11.49939444, 48.16753566], [11.50002811, 48.16747652], [11.50031084, 48.16746665], [11.50048, 48.16745055], [11.50082202, 48.16738196], [11.50105115, 48.16736297], [11.50120405, 48.16735933], [11.50120595, 48.16737811], [11.50148748, 48.16737535], [11.50192195, 48.16737393], [11.50327471, 48.16738065], [11.50387989, 48.16739267], [11.50526658, 48.16740125], [11.50623459, 48.16739566], [11.50674107, 48.16740786], [11.50823427, 48.16748444], [11.50910205, 48.16753156], [11.50973788, 48.16756272], [11.51021727, 48.16860248], [11.51073443, 48.16991447], [11.51185333, 48.16936813], [11.51304229, 48.16876751], [11.51375162, 48.16852267], [11.51417336, 48.16838315], [11.51447981, 48.16828651], [11.5146821, 48.16821682], [11.51483479, 48.1681539], [11.51498987, 48.16809518], [11.51515686, 48.16803762], [11.5154528, 48.16793022], [11.51561675, 48.16788081], [11.51579113, 48.16783742], [11.51595733, 48.16780387], [11.51613252, 48.16777667], [11.51630994, 48.16775719], [11.51648891, 48.16774547], [11.51653991, 48.16774644], [11.51659639, 48.16774818], [11.51671806, 48.16775473], [11.51682944, 48.16776463], [11.51854235, 48.16806403], [11.51984517, 48.16828367], [11.52006467, 48.1683167], [11.5202953, 48.16834678], [11.52094061, 48.16842291], [11.5212064, 48.16845433], [11.52154222, 48.168494], [11.52197788, 48.16855053], [11.52299198, 48.16864322], [11.52675914, 48.16883893], [11.52688595, 48.1688448], [11.52726178, 48.16912939], [11.53012464, 48.16928295], [11.53049829, 48.16931311], [11.53100469, 48.16937007], [11.53104166, 48.16924892], [11.53112723, 48.16896849], [11.53118151, 48.16882144], [11.53124141, 48.16868297], [11.53133346, 48.16844188], [11.53153693, 48.16807872], [11.53185995, 48.16753565], [11.5324242, 48.16739298], [11.53392536, 48.1677464], [11.53483688, 48.1680328], [11.53486553, 48.16800234], [11.53488705, 48.16797168], [11.53490549, 48.16794018], [11.53512826, 48.16751192], [11.53517916, 48.16741409], [11.53519969, 48.16737407], [11.53519674, 48.16737343], [11.53521781, 48.16733314], [11.53530458, 48.16735714], [11.53586746, 48.16751163], [11.53591443, 48.1675209], [11.53593592, 48.1675235], [11.53615701, 48.1675913], [11.53618341, 48.16759938], [11.53624389, 48.16761791], [11.53645519, 48.16768287], [11.5363906, 48.16774872], [11.53780829, 48.16812993], [11.53785604, 48.16814271], [11.5380764, 48.16821085], [11.53811951, 48.16863378], [11.53828674, 48.16989707], [11.53838535, 48.17050177], [11.53847777, 48.17098308], [11.53851256, 48.17115687], [11.53860379, 48.17155396], [11.53873891, 48.17200979], [11.53889828, 48.17246087], [11.53916863, 48.17314456], [11.53941756, 48.17367329], [11.54008266, 48.17492548], [11.54027401, 48.17535835], [11.54041815, 48.17578357], [11.54051558, 48.1762445], [11.54054795, 48.17669649], [11.54054258, 48.17697527], [11.54051386, 48.17724301], [11.54047188, 48.17752892], [11.54040953, 48.17780992], [11.54010747, 48.17887522], [11.5399924, 48.1793329], [11.53991446, 48.1797677], [11.53987753, 48.18023682], [11.5398921, 48.18067024], [11.5399294, 48.1811115], [11.54000958, 48.181571], [11.54010418, 48.1819737], [11.54023848, 48.18245181], [11.54071768, 48.18395338], [11.5408948, 48.18456321], [11.54102286, 48.18509572], [11.54112665, 48.18563031], [11.54122353, 48.18623675], [11.5412423, 48.18639501], [11.54126244, 48.18656477], [11.54152166, 48.18875052], [11.54154387, 48.1889378], [11.54141194, 48.188921], [11.54128042, 48.18890156], [11.54036337, 48.18877628], [11.53998522, 48.18873871], [11.5398358, 48.18876906], [11.5397812, 48.18876894], [11.53958647, 48.18870859], [11.53955753, 48.18870335], [11.53944871, 48.18868365], [11.53941178, 48.18867686], [11.53928767, 48.18865443], [11.53922326, 48.18864431], [11.53902183, 48.18861279], [11.53889326, 48.1885953], [11.53877784, 48.18858125], [11.53862855, 48.18856343], [11.53846557, 48.18854268], [11.5383634, 48.18853035], [11.53822954, 48.18851366], [11.53800222, 48.18848682], [11.53785698, 48.18847055], [11.53770716, 48.18845474], [11.53758276, 48.18844233], [11.53740293, 48.18842567], [11.53731471, 48.18841839], [11.53707, 48.1884017], [11.53686906, 48.18839044], [11.53669888, 48.18838291], [11.53656484, 48.18837847], [11.53643057, 48.1883757], [11.53623472, 48.18837419], [11.53602964, 48.18837458], [11.53569382, 48.18838303], [11.53549268, 48.18839148], [11.53535853, 48.18839829], [11.53522498, 48.18840714], [11.53509132, 48.18841699], [11.53502459, 48.18842251], [11.53494157, 48.18842956], [11.53474174, 48.18844788], [11.53467527, 48.18845428], [11.53460887, 48.18846138], [11.53454246, 48.18846848], [11.53449766, 48.18847346], [11.53421266, 48.18850646], [11.53420715, 48.18853908], [11.53420434, 48.18855527], [11.53408516, 48.18857299], [11.53391376, 48.18859767], [11.53379872, 48.18861467], [11.53363225, 48.18863901], [11.53357345, 48.1886515], [11.533499, 48.18866707], [11.53266957, 48.18884355], [11.53110955, 48.189266], [11.52890613, 48.18968499], [11.52788088, 48.18980222], [11.52781355, 48.18980992], [11.52745705, 48.18985065], [11.52682139, 48.19007384], [11.52619728, 48.19025136], [11.52606423, 48.19028919], [11.52409113, 48.19094615], [11.52334535, 48.19113318], [11.5225444, 48.19129064], [11.52228369, 48.19134193], [11.52205906, 48.19138607], [11.52129475, 48.19159467], [11.51976897, 48.19190537], [11.51903892, 48.1920417], [11.51867577, 48.19214498], [11.51823403, 48.19227698], [11.51770272, 48.19240653], [11.51722799, 48.19248307], [11.51635357, 48.19266637], [11.51611473, 48.19271723], [11.5159982, 48.19274631], [11.51474133, 48.19306766], [11.51379021, 48.19325039], [11.51201448, 48.19365818], [11.51195081, 48.19367278], [11.51176964, 48.19371437], [11.51117315, 48.19391186], [11.50968356, 48.1946283], [11.50891138, 48.19504863], [11.5081664, 48.19551946], [11.50785428, 48.19568393], [11.50645372, 48.19617507], [11.50557566, 48.1963757], [11.50401605, 48.19672671], [11.50178322, 48.19719247], [11.50148316, 48.19725485], [11.50119748, 48.19731463], [11.50038442, 48.19753596], [11.49969846, 48.1976585], [11.4990791, 48.19776961], [11.49861738, 48.19785242], [11.49787731, 48.19801957], [11.49699632, 48.19822335], [11.49678706, 48.1982691], [11.49670171, 48.19828723], [11.49658862, 48.19831154], [11.4960213, 48.19843502], [11.49441892, 48.19881405], [11.49428869, 48.1988278], [11.49385879, 48.19887319], [11.49378466, 48.19888193], [11.49314174, 48.19901199], [11.49314141, 48.199012], [11.49258449, 48.19903525], [11.49211382, 48.19899082], [11.49211276, 48.19899072], [11.49039994, 48.19886526], [11.49027097, 48.1988591], [11.48969379, 48.19883791], [11.48901714, 48.19885705], [11.48831869, 48.1989186], [11.48770059, 48.19901251], [11.48715228, 48.19913335], [11.48673112, 48.19925803], [11.48659904, 48.19929907], [11.48653947, 48.19931759], [11.48598766, 48.19935181], [11.48483073, 48.19955253], [11.48386938, 48.19976859], [11.48368357, 48.19979754], [11.48345779, 48.19983274], [11.48320046, 48.19990741], [11.48207796, 48.20017851], [11.48185146, 48.20023667], [11.48162801, 48.20031427], [11.47980919, 48.20091954], [11.47805966, 48.20152192], [11.47574216, 48.20231614], [11.47520164, 48.20247431], [11.47518032, 48.20248042], [11.47514901, 48.20248937], [11.47494823, 48.20254647], [11.47401309, 48.20280859], [11.47393008, 48.20284721], [11.47383702, 48.20287161], [11.47377657, 48.20288942], [11.47352329, 48.20294185], [11.47280939, 48.20312983], [11.47204119, 48.2033395], [11.47118853, 48.20350576], [11.47029705, 48.20375721], [11.46959083, 48.20400797]]]}}, {"type": "Feature", "properties": {"ref": "23", "name": "Allach-Untermenzing"}, "geometry": {"type": "Polygon", "coordinates": [[[11.48443756, 48.21278252], [11.48444257, 48.21279298], [11.48444915, 48.21280767], [11.48447033, 48.21282927], [11.48451943, 48.21285746], [11.48329249, 48.21397135], [11.48188227, 48.21526162], [11.47947989, 48.21740573], [11.47705406, 48.21955379], [11.476962, 48.21953182], [11.47683126, 48.2195277], [11.47653761, 48.21951864], [11.47386074, 48.21943554], [11.47302724, 48.21937078], [11.47232113, 48.21921109], [11.47091945, 48.21876202], [11.46974851, 48.21828689], [11.46800275, 48.21745666], [11.46770097, 48.21733091], [11.46644984, 48.21679284], [11.46518178, 48.21623064], [11.46431193, 48.21587181], [11.46345824, 48.21549928], [11.46299298, 48.21524822], [11.46268048, 48.21507169], [11.46223492, 48.21477644], [11.46186705, 48.2145164], [11.46179238, 48.21446369], [11.46175905, 48.21443376], [11.46159305, 48.21428486], [11.4615489, 48.21424608], [11.46143821, 48.21414591], [11.4613662, 48.21408158], [11.4613066, 48.21401616], [11.4612196, 48.21392075], [11.46110587, 48.21379605], [11.46095225, 48.21363982], [11.46060686, 48.21328835], [11.46051417, 48.21331174], [11.46041407, 48.21319744], [11.46043632, 48.21318055], [11.46036591, 48.21306885], [11.46033416, 48.2129015], [11.46050017, 48.21257221], [11.46052219, 48.21252473], [11.46053004, 48.21250786], [11.46056391, 48.21243453], [11.4606375, 48.21227618], [11.4606358, 48.21227168], [11.46059062, 48.2121464], [11.46049663, 48.21202671], [11.46033198, 48.21192017], [11.46026998, 48.21190504], [11.46020489, 48.21188969], [11.45982088, 48.21179799], [11.45947635, 48.21171597], [11.45913925, 48.21163569], [11.45906132, 48.21157468], [11.45895851, 48.21133464], [11.45892569, 48.21119464], [11.45888475, 48.21102024], [11.45885462, 48.21089198], [11.45877327, 48.21054952], [11.45875769, 48.21048406], [11.4586671, 48.21028956], [11.45842433, 48.2099292], [11.45838016, 48.20994563], [11.45837056, 48.20994919], [11.45829734, 48.20985045], [11.45829296, 48.20984458], [11.45824917, 48.20977468], [11.45789965, 48.20922531], [11.45781358, 48.2091007], [11.45772016, 48.20896545], [11.45765903, 48.20888224], [11.45759858, 48.20880011], [11.4574912, 48.20878818], [11.4574576, 48.2087838], [11.45736002, 48.20877048], [11.45718976, 48.20874737], [11.45707342, 48.20873153], [11.45634075, 48.20863184], [11.45625437, 48.2086201], [11.45522442, 48.20848009], [11.45516518, 48.208472], [11.45471434, 48.20841072], [11.45422403, 48.208344], [11.45374783, 48.20827922], [11.45323689, 48.20820974], [11.45263185, 48.20812748], [11.45252218, 48.20811247], [11.45169283, 48.20799931], [11.45090886, 48.20789232], [11.450491, 48.20783542], [11.45044452, 48.20782908], [11.45039858, 48.20782274], [11.44934369, 48.20767582], [11.44830818, 48.20753139], [11.44710576, 48.20736365], [11.44605713, 48.20721749], [11.44587069, 48.20719149], [11.44416387, 48.2069534], [11.44407319, 48.20694081], [11.44397948, 48.20684528], [11.44385013, 48.20671348], [11.44357265, 48.20643057], [11.44350901, 48.20636579], [11.44182918, 48.20631002], [11.44014944, 48.20625426], [11.43842767, 48.20619707], [11.43836115, 48.2061668], [11.43836518, 48.20600741], [11.43836986, 48.20582486], [11.43236377, 48.20575551], [11.43239836, 48.20547076], [11.43241944, 48.20523945], [11.43239096, 48.20523554], [11.43233624, 48.20522781], [11.43218853, 48.20520695], [11.43209156, 48.20519329], [11.43208042, 48.20508398], [11.43204003, 48.2048571], [11.43200851, 48.20473197], [11.43194294, 48.20449427], [11.43190508, 48.20430876], [11.43258167, 48.20426906], [11.43343603, 48.20421667], [11.43472004, 48.20414122], [11.43711119, 48.20401], [11.43827533, 48.20396765], [11.43938835, 48.2039261], [11.44039072, 48.20389974], [11.44244529, 48.2038686], [11.44222735, 48.20381038], [11.44192568, 48.20371981], [11.44162194, 48.20361747], [11.44103042, 48.20339143], [11.44061888, 48.20321152], [11.440209, 48.20301244], [11.43979357, 48.20278319], [11.43949475, 48.20260377], [11.4392022, 48.20241031], [11.43872944, 48.20206213], [11.43841654, 48.20179532], [11.43815157, 48.20154779], [11.43791968, 48.20130149], [11.43760204, 48.20092499], [11.43743747, 48.20070606], [11.43731472, 48.20051551], [11.43719068, 48.20030683], [11.4370402, 48.20004477], [11.4369779, 48.19990715], [11.43688208, 48.19969575], [11.43679662, 48.19947577], [11.43674406, 48.19931987], [11.43668511, 48.19910698], [11.43662944, 48.19884963], [11.43660715, 48.19869612], [11.43656642, 48.198364], [11.43654871, 48.19810122], [11.4365508, 48.19792009], [11.43656152, 48.197737], [11.4365809, 48.19749319], [11.43662372, 48.1971787], [11.43669751, 48.1968143], [11.43675408, 48.19655946], [11.43680298, 48.1963562], [11.43688529, 48.19604004], [11.43699221, 48.19563453], [11.43714687, 48.1950508], [11.43723681, 48.19467648], [11.43733151, 48.19424856], [11.43738561, 48.19401652], [11.43744432, 48.19373213], [11.43750294, 48.19336646], [11.43754302, 48.19309438], [11.43757095, 48.19289739], [11.43759147, 48.19271758], [11.43761176, 48.19255917], [11.43763679, 48.19216029], [11.43764634, 48.19184874], [11.43765092, 48.19161858], [11.43764932, 48.19138766], [11.4376396, 48.19114569], [11.4376305, 48.19094096], [11.43761148, 48.19070103], [11.43758531, 48.19037652], [11.43756762, 48.19019468], [11.4375518, 48.19007286], [11.43751818, 48.18988865], [11.43653489, 48.18969423], [11.43555175, 48.18954948], [11.43498611, 48.18948274], [11.43421865, 48.18942205], [11.4333129, 48.18928746], [11.43237859, 48.18913559], [11.43038836, 48.18876986], [11.43040121, 48.18874316], [11.43042187, 48.18870036], [11.4307528, 48.18801122], [11.43083914, 48.18778201], [11.43084477, 48.18766237], [11.43090662, 48.18755118], [11.43109112, 48.18709911], [11.43123933, 48.18679853], [11.43140426, 48.18646442], [11.43153382, 48.18608915], [11.43148994, 48.18606691], [11.43164852, 48.18600904], [11.43236499, 48.18575315], [11.4336273, 48.18530215], [11.4337908, 48.18524343], [11.43493771, 48.1848313], [11.43513719, 48.18475967], [11.43528605, 48.18470618], [11.4353177, 48.18469417], [11.4355933, 48.18459568], [11.43601601, 48.18441798], [11.43650056, 48.18416803], [11.43658576, 48.18412349], [11.43753906, 48.18359108], [11.43749183, 48.18355651], [11.43747609, 48.18354492], [11.43685215, 48.18293482], [11.43654826, 48.18235475], [11.43651008, 48.18162542], [11.43649971, 48.18077014], [11.43648294, 48.18019256], [11.43657417, 48.17943358], [11.43693643, 48.1789426], [11.43712359, 48.1787374], [11.4376036, 48.17821086], [11.43826577, 48.17773709], [11.43830276, 48.17771082], [11.4384165, 48.17763449], [11.43845236, 48.17761044], [11.43848742, 48.17758691], [11.43858945, 48.17751844], [11.43988833, 48.17667665], [11.4398989, 48.1766696], [11.44084101, 48.1760603], [11.44165943, 48.17555458], [11.44167813, 48.17554164], [11.44185655, 48.17541827], [11.44188856, 48.17539605], [11.44279668, 48.17565185], [11.44323951, 48.17570339], [11.44368537, 48.17570848], [11.44445777, 48.17564612], [11.44547039, 48.17545079], [11.44620943, 48.1752215], [11.44689401, 48.17493177], [11.44751348, 48.17457867], [11.44790168, 48.17431037], [11.44852211, 48.17378526], [11.44862459, 48.17380932], [11.44872276, 48.17383096], [11.44987127, 48.17405023], [11.450638, 48.17421155], [11.45140118, 48.1743799], [11.45177345, 48.17448206], [11.45213844, 48.17459164], [11.45266786, 48.17468592], [11.45328411, 48.17477631], [11.45426208, 48.17495878], [11.45430934, 48.174939], [11.45675528, 48.17542735], [11.45878756, 48.17595005], [11.45942295, 48.17613768], [11.45956048, 48.1761784], [11.46018649, 48.17636325], [11.46074911, 48.17652648], [11.46078989, 48.1759961], [11.46072316, 48.1755445], [11.4605666, 48.17502088], [11.46053304, 48.17490719], [11.46052283, 48.17473497], [11.46054055, 48.17448144], [11.46058581, 48.17448226], [11.46064212, 48.17448414], [11.46076046, 48.1744953], [11.46162155, 48.17457615], [11.46238333, 48.17467318], [11.4631885, 48.17479782], [11.46323892, 48.17472144], [11.46335822, 48.17469466], [11.46337479, 48.17469132], [11.46348095, 48.17466969], [11.46349849, 48.17466447], [11.46395712, 48.17452442], [11.46410634, 48.17451387], [11.46410106, 48.17442438], [11.46459287, 48.17445636], [11.46461585, 48.17445782], [11.46550772, 48.17456648], [11.46553342, 48.17460283], [11.46560858, 48.1747232], [11.4656814, 48.17485372], [11.46576454, 48.17502244], [11.46579266, 48.17508616], [11.4658132, 48.17513267], [11.46593083, 48.17516344], [11.46628676, 48.17524974], [11.4719228, 48.17657394], [11.47227915, 48.17641187], [11.47268064, 48.17622274], [11.47286701, 48.17617113], [11.47316273, 48.17608927], [11.47344854, 48.1760102], [11.47352584, 48.1759888], [11.47364076, 48.17595699], [11.47367002, 48.17594877], [11.4738912, 48.17588757], [11.47438066, 48.17575204], [11.47451688, 48.17571004], [11.47467824, 48.17574222], [11.47731935, 48.17382128], [11.47775796, 48.17348385], [11.47935401, 48.17242969], [11.48047608, 48.17183944], [11.48088242, 48.17157905], [11.48186718, 48.17085025], [11.4821958, 48.1710975], [11.48368474, 48.17213343], [11.48412496, 48.17226779], [11.48469218, 48.17237274], [11.48524647, 48.17241131], [11.48606805, 48.17242609], [11.48732958, 48.17245826], [11.48827975, 48.17247738], [11.488431, 48.17233156], [11.48858876, 48.17233196], [11.48918387, 48.17242507], [11.48975983, 48.17250635], [11.49017225, 48.17256433], [11.49012956, 48.17260029], [11.49055221, 48.17265799], [11.49055641, 48.17281796], [11.49055838, 48.17305105], [11.49054413, 48.17332827], [11.49045651, 48.17418374], [11.4899573, 48.17421021], [11.48985453, 48.1742155], [11.48934508, 48.17424174], [11.48934607, 48.17425011], [11.48937293, 48.17447958], [11.48939987, 48.17470914], [11.48944565, 48.17510058], [11.48883962, 48.17504967], [11.48873955, 48.17503947], [11.48903199, 48.17641946], [11.48917387, 48.17716576], [11.4892994, 48.17827643], [11.48932786, 48.17873048], [11.48936586, 48.17931913], [11.4895611, 48.17947657], [11.48979134, 48.17966223], [11.48981053, 48.18115473], [11.48983126, 48.18181784], [11.48984615, 48.18191718], [11.48993416, 48.1828211], [11.49002271, 48.18349869], [11.49003681, 48.18400771], [11.49000398, 48.18407458], [11.48998022, 48.18414075], [11.48997741, 48.18416574], [11.4899927, 48.18427346], [11.49002363, 48.18440823], [11.49002493, 48.18441219], [11.49002742, 48.18441976], [11.49006246, 48.18453881], [11.49006337, 48.18454187], [11.49008225, 48.18463459], [11.49009779, 48.18474556], [11.4901047, 48.18491099], [11.49010254, 48.18508976], [11.49010091, 48.18525415], [11.49010476, 48.18543665], [11.49011235, 48.18560826], [11.49011762, 48.18578075], [11.49011392, 48.18595945], [11.48983968, 48.18631114], [11.48985267, 48.18633099], [11.48985664, 48.18633712], [11.48985716, 48.18633946], [11.48988128, 48.18644552], [11.48990555, 48.18655211], [11.48990942, 48.18656913], [11.48995258, 48.186862], [11.4899123, 48.18716627], [11.48990035, 48.18725606], [11.48987905, 48.18741649], [11.48986682, 48.18778287], [11.48991559, 48.18796554], [11.48997317, 48.18818133], [11.49012337, 48.18885117], [11.49009538, 48.18885231], [11.49011011, 48.18902264], [11.49014821, 48.1891007], [11.49032938, 48.18927787], [11.49035751, 48.1892751], [11.49036088, 48.18927476], [11.49036461, 48.18928527], [11.49046295, 48.18956206], [11.4904214, 48.18958877], [11.49030797, 48.18966182], [11.49027954, 48.18968014], [11.49027474, 48.18974451], [11.4902123, 48.18999292], [11.4898331, 48.19195955], [11.48984324, 48.19223577], [11.48958556, 48.19348262], [11.48957964, 48.19350993], [11.48926804, 48.1947777], [11.48939228, 48.19478431], [11.48940035, 48.19478474], [11.48962444, 48.19479632], [11.48909948, 48.19503541], [11.48864009, 48.19524458], [11.48806456, 48.19546354], [11.48754517, 48.19563675], [11.48700779, 48.19577777], [11.48630756, 48.19594059], [11.48589817, 48.19602], [11.4856067, 48.19605691], [11.48533254, 48.19608166], [11.48501267, 48.19611805], [11.48494409, 48.19614076], [11.48491222, 48.19615067], [11.48475273, 48.19620027], [11.48455105, 48.19626303], [11.48415047, 48.19637362], [11.48374292, 48.19647255], [11.4824719, 48.19676923], [11.48154242, 48.19698613], [11.48133144, 48.19703537], [11.48127084, 48.19704947], [11.48120191, 48.19706556], [11.4803211, 48.19727074], [11.4791389, 48.19771409], [11.47899071, 48.19777275], [11.47888953, 48.19781277], [11.47774037, 48.19826764], [11.4760571, 48.19916031], [11.47526488, 48.1996372], [11.47370224, 48.2010675], [11.4736185, 48.20114407], [11.47358323, 48.20117938], [11.47354682, 48.20121585], [11.47347387, 48.2012889], [11.4731748, 48.20157879], [11.47284354, 48.20188048], [11.47261402, 48.20207619], [11.47145721, 48.202594], [11.47034195, 48.20307765], [11.46957708, 48.20339029], [11.46851155, 48.20390133], [11.46823865, 48.20397307], [11.46807428, 48.20395774], [11.46790291, 48.2039403], [11.46786002, 48.20393591], [11.46762046, 48.20391155], [11.46756726, 48.20390608], [11.46712257, 48.20416055], [11.46639579, 48.20447695], [11.46567495, 48.20469837], [11.46584554, 48.20488741], [11.46605342, 48.2051179], [11.46613732, 48.20521096], [11.46774581, 48.20466632], [11.46800766, 48.20457321], [11.46806549, 48.20455263], [11.4681334, 48.2045285], [11.46815069, 48.20452236], [11.46952023, 48.20403531], [11.46959083, 48.20400797], [11.47029705, 48.20375721], [11.47118853, 48.20350576], [11.47204119, 48.2033395], [11.47280939, 48.20312983], [11.47352329, 48.20294185], [11.47377657, 48.20288942], [11.47383702, 48.20287161], [11.47393008, 48.20284721], [11.47401309, 48.20280859], [11.47494823, 48.20254647], [11.47514901, 48.20248937], [11.47518032, 48.20248042], [11.47520164, 48.20247431], [11.47574216, 48.20231614], [11.47805966, 48.20152192], [11.47980919, 48.20091954], [11.48162801, 48.20031427], [11.48163182, 48.20092667], [11.48163571, 48.2015646], [11.48165683, 48.20159095], [11.48195086, 48.20195858], [11.48272192, 48.20275116], [11.48286802, 48.20288408], [11.48270907, 48.20482842], [11.48256394, 48.20656589], [11.48255625, 48.20666], [11.48240715, 48.20842951], [11.48239172, 48.20861299], [11.48237399, 48.20882171], [11.48237305, 48.20883278], [11.48236576, 48.2089189], [11.48233698, 48.20925837], [11.48231476, 48.20952012], [11.48230461, 48.20963884], [11.4823046, 48.20963889], [11.48229572, 48.20974343], [11.48229343, 48.20977032], [11.48228405, 48.20988071], [11.48234709, 48.20988674], [11.48271147, 48.2099219], [11.48328033, 48.21013091], [11.48396218, 48.21038134], [11.48425351, 48.21045985], [11.48451031, 48.21053135], [11.48450834, 48.21055266], [11.48456481, 48.21055822], [11.48466302, 48.21056056], [11.4846583, 48.21061648], [11.48464278, 48.21079907], [11.48462266, 48.21102472], [11.48461708, 48.21105753], [11.48457705, 48.21151816], [11.48457431, 48.21154962], [11.48454974, 48.21175345], [11.48447536, 48.21236773], [11.484438, 48.21268611], [11.48443431, 48.21271784], [11.48443229, 48.21277134], [11.48443756, 48.21278252]]]}}, {"type": "Feature", "properties": {"ref": "24", "name": "Feldmoching-Hasenbergl"}, "geometry": {"type": "Polygon", "coordinates": [[[11.52587042, 48.24033702], [11.52551856, 48.24081501], [11.52546853, 48.24100889], [11.52538938, 48.24131674], [11.52527878, 48.24132746], [11.52513884, 48.241341], [11.52506793, 48.24136238], [11.52499293, 48.24139058], [11.52495175, 48.24140603], [11.52493699, 48.24141157], [11.52483896, 48.24144835], [11.5247756, 48.24147211], [11.52474506, 48.24148374], [11.52407309, 48.2417356], [11.52398677, 48.24176797], [11.52394552, 48.2417844], [11.52353514, 48.24194793], [11.52290786, 48.24219702], [11.52043615, 48.24315231], [11.5201344, 48.24325876], [11.52004919, 48.2432888], [11.51974413, 48.24339643], [11.51970639, 48.24340975], [11.51893724, 48.24368112], [11.51892089, 48.24368663], [11.51887105, 48.24370423], [11.5183363, 48.2438824], [11.51833609, 48.24388247], [11.51832978, 48.24388457], [11.51826373, 48.2439075], [11.51815282, 48.24394605], [11.51739798, 48.2442083], [11.51664242, 48.24444896], [11.51634367, 48.24454591], [11.51621578, 48.24458737], [11.51614205, 48.24461137], [11.51601887, 48.24465121], [11.51555645, 48.24480273], [11.5155497, 48.24480495], [11.51518968, 48.24492285], [11.51491441, 48.24504103], [11.51473879, 48.24511648], [11.51392231, 48.24546492], [11.51349494, 48.24564691], [11.51325337, 48.24573563], [11.51311387, 48.24577085], [11.51235849, 48.24593529], [11.51200759, 48.24600378], [11.51190808, 48.2460232], [11.51120119, 48.24616115], [11.51117378, 48.24616654], [11.51020155, 48.24635794], [11.51013434, 48.24637116], [11.50909532, 48.24657371], [11.50857815, 48.24668919], [11.50776532, 48.24687995], [11.50763957, 48.24691934], [11.50701742, 48.2471258], [11.50637457, 48.247287], [11.50619223, 48.24732776], [11.50603691, 48.24735139], [11.50548731, 48.24742077], [11.50446458, 48.24755902], [11.5039323, 48.24761803], [11.50323013, 48.24770679], [11.50141359, 48.24809031], [11.50119873, 48.24811552], [11.50099822, 48.24811841], [11.50005689, 48.24810222], [11.49998312, 48.24810091], [11.4998424, 48.24809846], [11.49982095, 48.2477909], [11.49983489, 48.24763513], [11.49988202, 48.24752417], [11.49992709, 48.24745718], [11.49991138, 48.24745243], [11.49982933, 48.24744615], [11.49967811, 48.24743461], [11.49874383, 48.247366], [11.49837815, 48.24733917], [11.49775263, 48.24722161], [11.49703368, 48.24706337], [11.49524281, 48.24664671], [11.49500092, 48.24659385], [11.49467289, 48.24652703], [11.49405084, 48.24640605], [11.49326947, 48.24625403], [11.49156383, 48.24592069], [11.49116846, 48.24583273], [11.49105531, 48.2457985], [11.49097948, 48.2457737], [11.49090894, 48.24570333], [11.49084447, 48.24564503], [11.49078543, 48.24556958], [11.4907535, 48.24550262], [11.49069859, 48.2454307], [11.49068731, 48.24538586], [11.49069954, 48.24533402], [11.49066041, 48.24517699], [11.49064025, 48.24467921], [11.49062892, 48.24439512], [11.49062008, 48.24417797], [11.49061891, 48.24402876], [11.49060667, 48.24402763], [11.4906028, 48.24386725], [11.49058998, 48.24360011], [11.49059064, 48.24353237], [11.49059965, 48.24346532], [11.49060917, 48.24341446], [11.49062442, 48.24335661], [11.49064178, 48.24330282], [11.49067232, 48.24323695], [11.49072696, 48.24313521], [11.49079182, 48.24303358], [11.49151092, 48.24200931], [11.49153678, 48.24194081], [11.4915696, 48.24188924], [11.49157921, 48.24184413], [11.49157946, 48.24180511], [11.49157522, 48.24175671], [11.49156438, 48.24170873], [11.49154594, 48.24166738], [11.49151948, 48.24161943], [11.49148394, 48.24157711], [11.49141815, 48.24152045], [11.4911154, 48.24130614], [11.49100884, 48.24122976], [11.49094764, 48.24116914], [11.49090722, 48.24111733], [11.49087694, 48.2410609], [11.49086323, 48.24100355], [11.49086408, 48.24094419], [11.49087889, 48.24088994], [11.49090575, 48.24082827], [11.49095864, 48.24074783], [11.49106425, 48.24063241], [11.49175799, 48.23990687], [11.49190844, 48.23974825], [11.49192055, 48.23973563], [11.49184062, 48.23942877], [11.49181005, 48.23942926], [11.49165465, 48.23883022], [11.49150526, 48.2382054], [11.49081147, 48.23798207], [11.49032244, 48.2379771], [11.48964052, 48.23797046], [11.48957295, 48.23796916], [11.48953675, 48.23796774], [11.48976178, 48.23731757], [11.4898677, 48.2368692], [11.48993675, 48.23656912], [11.49013203, 48.23573843], [11.49021031, 48.23544522], [11.49017738, 48.23530981], [11.4900364, 48.23481551], [11.4899759, 48.23473915], [11.48967332, 48.23454574], [11.48940306, 48.23435119], [11.48912624, 48.23403485], [11.48863798, 48.23348484], [11.48852029, 48.23330785], [11.48848993, 48.23325969], [11.4882362, 48.23288004], [11.48791146, 48.23240144], [11.48776624, 48.23219186], [11.48774806, 48.23208322], [11.48789192, 48.23128658], [11.48797496, 48.23089339], [11.48831361, 48.2299643], [11.48842406, 48.2297172], [11.48856199, 48.22933777], [11.48842017, 48.2288046], [11.48837319, 48.22845725], [11.48833973, 48.22812362], [11.48815343, 48.22684204], [11.48806818, 48.22625301], [11.48808159, 48.22621877], [11.48812404, 48.22611124], [11.48828034, 48.2257111], [11.48838147, 48.22546333], [11.48850591, 48.22518071], [11.48852716, 48.22512828], [11.48860554, 48.22492786], [11.48877916, 48.224507], [11.48898074, 48.22400415], [11.48888765, 48.22346467], [11.48894237, 48.22345559], [11.49109527, 48.22309425], [11.48958466, 48.22275587], [11.48882583, 48.22258525], [11.48852987, 48.22251871], [11.48826725, 48.22245962], [11.48807761, 48.22241703], [11.4878857, 48.22237381], [11.48770485, 48.22233316], [11.48749917, 48.22228694], [11.48743806, 48.22227318], [11.4855651, 48.22185257], [11.4855647, 48.22185248], [11.48426139, 48.2215548], [11.48100434, 48.22081064], [11.47742179, 48.21999658], [11.47744026, 48.21988836], [11.47745168, 48.21982115], [11.47746712, 48.21973041], [11.47727963, 48.21963539], [11.47725834, 48.21962459], [11.47714675, 48.21957491], [11.47705406, 48.21955379], [11.47947989, 48.21740573], [11.48188227, 48.21526162], [11.48329249, 48.21397135], [11.48451943, 48.21285746], [11.48447033, 48.21282927], [11.48444915, 48.21280767], [11.48444257, 48.21279298], [11.48443756, 48.21278252], [11.48443229, 48.21277134], [11.48443431, 48.21271784], [11.484438, 48.21268611], [11.48447536, 48.21236773], [11.48454974, 48.21175345], [11.48457431, 48.21154962], [11.48457705, 48.21151816], [11.48461708, 48.21105753], [11.48462266, 48.21102472], [11.48464278, 48.21079907], [11.4846583, 48.21061648], [11.48466302, 48.21056056], [11.48456481, 48.21055822], [11.48450834, 48.21055266], [11.48451031, 48.21053135], [11.48425351, 48.21045985], [11.48396218, 48.21038134], [11.48328033, 48.21013091], [11.48271147, 48.2099219], [11.48234709, 48.20988674], [11.48228405, 48.20988071], [11.48229343, 48.20977032], [11.48229572, 48.20974343], [11.4823046, 48.20963889], [11.48230461, 48.20963884], [11.48231476, 48.20952012], [11.48233698, 48.20925837], [11.48236576, 48.2089189], [11.48237305, 48.20883278], [11.48237399, 48.20882171], [11.48239172, 48.20861299], [11.48240715, 48.20842951], [11.48255625, 48.20666], [11.48256394, 48.20656589], [11.48270907, 48.20482842], [11.48286802, 48.20288408], [11.48272192, 48.20275116], [11.48195086, 48.20195858], [11.48165683, 48.20159095], [11.48163571, 48.2015646], [11.48163182, 48.20092667], [11.48162801, 48.20031427], [11.48185146, 48.20023667], [11.48207796, 48.20017851], [11.48320046, 48.19990741], [11.48345779, 48.19983274], [11.48368357, 48.19979754], [11.48386938, 48.19976859], [11.48483073, 48.19955253], [11.48598766, 48.19935181], [11.48653947, 48.19931759], [11.48659904, 48.19929907], [11.48673112, 48.19925803], [11.48715228, 48.19913335], [11.48770059, 48.19901251], [11.48831869, 48.1989186], [11.48901714, 48.19885705], [11.48969379, 48.19883791], [11.49027097, 48.1988591], [11.49039994, 48.19886526], [11.49211276, 48.19899072], [11.49211382, 48.19899082], [11.49258449, 48.19903525], [11.49314141, 48.199012], [11.49314174, 48.19901199], [11.49378466, 48.19888193], [11.49385879, 48.19887319], [11.49428869, 48.1988278], [11.49441892, 48.19881405], [11.4960213, 48.19843502], [11.49658862, 48.19831154], [11.49670171, 48.19828723], [11.49678706, 48.1982691], [11.49699632, 48.19822335], [11.49787731, 48.19801957], [11.49861738, 48.19785242], [11.4990791, 48.19776961], [11.49969846, 48.1976585], [11.50038442, 48.19753596], [11.50119748, 48.19731463], [11.50148316, 48.19725485], [11.50178322, 48.19719247], [11.50401605, 48.19672671], [11.50557566, 48.1963757], [11.50645372, 48.19617507], [11.50785428, 48.19568393], [11.5081664, 48.19551946], [11.50891138, 48.19504863], [11.50968356, 48.1946283], [11.51117315, 48.19391186], [11.51176964, 48.19371437], [11.51195081, 48.19367278], [11.51201448, 48.19365818], [11.51379021, 48.19325039], [11.51474133, 48.19306766], [11.5159982, 48.19274631], [11.51611473, 48.19271723], [11.51635357, 48.19266637], [11.51722799, 48.19248307], [11.51770272, 48.19240653], [11.51823403, 48.19227698], [11.51867577, 48.19214498], [11.51903892, 48.1920417], [11.51976897, 48.19190537], [11.52129475, 48.19159467], [11.52205906, 48.19138607], [11.52228369, 48.19134193], [11.5225444, 48.19129064], [11.52334535, 48.19113318], [11.52409113, 48.19094615], [11.52606423, 48.19028919], [11.52619728, 48.19025136], [11.52682139, 48.19007384], [11.52745705, 48.18985065], [11.52781355, 48.18980992], [11.52788088, 48.18980222], [11.52890613, 48.18968499], [11.53110955, 48.189266], [11.53266957, 48.18884355], [11.533499, 48.18866707], [11.53357345, 48.1886515], [11.53363225, 48.18863901], [11.53379872, 48.18861467], [11.53391376, 48.18859767], [11.53408516, 48.18857299], [11.53420434, 48.18855527], [11.53420715, 48.18853908], [11.53421266, 48.18850646], [11.53449766, 48.18847346], [11.53454246, 48.18846848], [11.53460887, 48.18846138], [11.53467527, 48.18845428], [11.53474174, 48.18844788], [11.53494157, 48.18842956], [11.53502459, 48.18842251], [11.53509132, 48.18841699], [11.53522498, 48.18840714], [11.53535853, 48.18839829], [11.53549268, 48.18839148], [11.53569382, 48.18838303], [11.53602964, 48.18837458], [11.53623472, 48.18837419], [11.53643057, 48.1883757], [11.53656484, 48.18837847], [11.53669888, 48.18838291], [11.53686906, 48.18839044], [11.53707, 48.1884017], [11.53731471, 48.18841839], [11.53740293, 48.18842567], [11.53758276, 48.18844233], [11.53770716, 48.18845474], [11.53785698, 48.18847055], [11.53800222, 48.18848682], [11.53822954, 48.18851366], [11.5383634, 48.18853035], [11.53846557, 48.18854268], [11.53862855, 48.18856343], [11.53877784, 48.18858125], [11.53889326, 48.1885953], [11.53902183, 48.18861279], [11.53922326, 48.18864431], [11.53928767, 48.18865443], [11.53941178, 48.18867686], [11.53944871, 48.18868365], [11.53955753, 48.18870335], [11.53958647, 48.18870859], [11.5397812, 48.18876894], [11.5398358, 48.18876906], [11.53998522, 48.18873871], [11.54036337, 48.18877628], [11.54128042, 48.18890156], [11.54141194, 48.188921], [11.54154387, 48.1889378], [11.54196758, 48.18899181], [11.54255667, 48.18908408], [11.54288785, 48.18912304], [11.54357379, 48.1892297], [11.54428507, 48.18934464], [11.54427452, 48.18945618], [11.54461983, 48.18948342], [11.54491704, 48.18951815], [11.54527625, 48.18956878], [11.54600115, 48.18966688], [11.54609572, 48.18968001], [11.54615685, 48.18968843], [11.54623812, 48.18969974], [11.54629924, 48.18970817], [11.5467259, 48.18976723], [11.5470725, 48.18981446], [11.54745099, 48.18986594], [11.54817686, 48.18996548], [11.54912768, 48.19016141], [11.54937895, 48.19021313], [11.5496411, 48.19020172], [11.54972469, 48.19019809], [11.54981453, 48.19019422], [11.5498257, 48.19019372], [11.54991101, 48.19019002], [11.55003466, 48.19018468], [11.55131129, 48.19024021], [11.55167318, 48.19025797], [11.55174792, 48.19027833], [11.5517604, 48.19028171], [11.55178578, 48.19024007], [11.55213319, 48.19027152], [11.55261273, 48.19030628], [11.55343213, 48.19036443], [11.55436785, 48.19034536], [11.55557639, 48.19036214], [11.55840011, 48.19040178], [11.560015, 48.19042435], [11.56112331, 48.19043988], [11.56158608, 48.19042288], [11.56164788, 48.1904135], [11.56192263, 48.19037202], [11.56222494, 48.1903725], [11.56235525, 48.19037262], [11.56239209, 48.19037276], [11.5624553, 48.19037282], [11.56291422, 48.19032958], [11.56330693, 48.19036502], [11.56331997, 48.19036624], [11.56347222, 48.19037995], [11.56368766, 48.19039946], [11.56452865, 48.19047544], [11.56463528, 48.19048511], [11.56487516, 48.19050676], [11.56490834, 48.19050975], [11.56496167, 48.19051452], [11.56530316, 48.1905461], [11.56561395, 48.19057509], [11.56531698, 48.19265072], [11.56516077, 48.19374887], [11.56501609, 48.19476726], [11.56463235, 48.19747333], [11.56453303, 48.1981761], [11.56451828, 48.19828039], [11.56426724, 48.20005563], [11.56419568, 48.20112851], [11.56416798, 48.20154671], [11.5641438, 48.20172243], [11.56372661, 48.20467029], [11.56371413, 48.20475205], [11.5631667, 48.20860544], [11.5631423, 48.20878338], [11.56266375, 48.21215533], [11.56257005, 48.21280814], [11.56201317, 48.21669015], [11.56224636, 48.21782339], [11.56239159, 48.21818794], [11.56311964, 48.21974088], [11.56235077, 48.22000567], [11.56230123, 48.22002265], [11.56231202, 48.22001973], [11.56232256, 48.22001809], [11.56232334, 48.22001797], [11.56233505, 48.22001766], [11.56234662, 48.22001869], [11.56235764, 48.22002098], [11.56236797, 48.22002453], [11.56237735, 48.22002924], [11.56238524, 48.22003494], [11.56269285, 48.22029678], [11.56350313, 48.22098637], [11.56368923, 48.22114474], [11.56449175, 48.22182763], [11.56435851, 48.22208202], [11.56424031, 48.22230857], [11.56417491, 48.2224337], [11.56401355, 48.22274273], [11.56461759, 48.2228929], [11.56405145, 48.22390647], [11.56403888, 48.2239289], [11.56364278, 48.22395224], [11.563243, 48.22482599], [11.56452571, 48.22664213], [11.56462296, 48.22677968], [11.56485158, 48.22710324], [11.56495281, 48.22724656], [11.56314927, 48.22717878], [11.56099882, 48.22712228], [11.56073681, 48.22711536], [11.56058429, 48.22704377], [11.56050666, 48.22704221], [11.56038557, 48.22708752], [11.56034912, 48.22710114], [11.55774432, 48.22707113], [11.55441745, 48.22699957], [11.55293751, 48.2269746], [11.55274392, 48.22690238], [11.55104566, 48.22689989], [11.55083033, 48.22689979], [11.5493498, 48.22687886], [11.54800514, 48.22694641], [11.54744707, 48.22699593], [11.54684675, 48.22711292], [11.54623663, 48.22728571], [11.54588794, 48.22740374], [11.54557563, 48.22754922], [11.54521531, 48.22775174], [11.54502011, 48.22789102], [11.54475779, 48.22813097], [11.54434089, 48.228555], [11.54419282, 48.22870557], [11.54413699, 48.22888307], [11.54414682, 48.22895974], [11.54427256, 48.22928049], [11.54425041, 48.22924308], [11.54420864, 48.22920299], [11.54413547, 48.22918192], [11.54406057, 48.22917506], [11.5438411, 48.22918668], [11.54375814, 48.22914678], [11.54374161, 48.22912918], [11.54368244, 48.22924056], [11.5436122, 48.22937283], [11.54357689, 48.22944366], [11.54356287, 48.22941347], [11.54349563, 48.22926859], [11.54331921, 48.22885015], [11.5432786, 48.22875547], [11.54298763, 48.22877063], [11.54284172, 48.22877808], [11.54262317, 48.22878961], [11.54250513, 48.22879576], [11.54189808, 48.22882728], [11.54179042, 48.22883289], [11.54168398, 48.22883843], [11.54169308, 48.2289061], [11.54176764, 48.22918276], [11.54170737, 48.22919368], [11.53774763, 48.22991306], [11.53779109, 48.22997744], [11.53773896, 48.2299945], [11.53769097, 48.23000088], [11.53758801, 48.23001521], [11.53750305, 48.23002703], [11.53746503, 48.23003452], [11.53741365, 48.23004618], [11.53739106, 48.23001353], [11.53588838, 48.2302916], [11.53536723, 48.23034447], [11.53394486, 48.23048842], [11.53394924, 48.23052432], [11.53396302, 48.23063716], [11.53394295, 48.23063825], [11.53400989, 48.23141648], [11.53112206, 48.23134328], [11.53094062, 48.23150542], [11.53073115, 48.23169748], [11.53068689, 48.2317376], [11.53064356, 48.23177753], [11.53057891, 48.23183492], [11.530545, 48.23186697], [11.53051592, 48.23189447], [11.53045933, 48.23194595], [11.53040073, 48.23199545], [11.53035134, 48.23203752], [11.53009521, 48.23225435], [11.53002272, 48.23226332], [11.52994947, 48.23233872], [11.52984891, 48.23244226], [11.52961791, 48.23284378], [11.52938381, 48.23332102], [11.52935116, 48.23338753], [11.52910118, 48.23394101], [11.52894107, 48.23420941], [11.52875962, 48.23451391], [11.5285557, 48.23494385], [11.52837749, 48.23522024], [11.52825607, 48.23549468], [11.52805968, 48.23585461], [11.52772892, 48.23670675], [11.52710556, 48.23787986], [11.52702738, 48.23809108], [11.52693201, 48.23834864], [11.52679761, 48.23856191], [11.52660287, 48.23887074], [11.52587042, 48.24033702]]]}}, {"type": "Feature", "properties": {"ref": "18", "name": "Untergiesing-Harlaching"}, "geometry": {"type": "MultiPolygon", "coordinates": [[[[11.55708952, 48.07941227], [11.55776272, 48.07957882], [11.55639779, 48.08043238], [11.55606482, 48.07993467], [11.55647796, 48.07967611], [11.55695153, 48.07937969], [11.55695321, 48.07937864], [11.55708952, 48.07941227]]], [[[11.56959129, 48.12201129], [11.56955421, 48.12206029], [11.5695085, 48.12210589], [11.56945483, 48.12214742], [11.56939398, 48.12218426], [11.56932687, 48.12221586], [11.56927797, 48.12218348], [11.56910249, 48.12208976], [11.56904022, 48.12205649], [11.56894598, 48.12200614], [11.56891483, 48.12198947], [11.56891821, 48.1219867], [11.56890765, 48.12198117], [11.56890427, 48.12198395], [11.5688394, 48.12194974], [11.56877252, 48.12191447], [11.56877591, 48.12191161], [11.56876534, 48.12190608], [11.56876196, 48.12190895], [11.56869949, 48.12187643], [11.56854961, 48.12179828], [11.56839318, 48.12171672], [11.56833641, 48.12169357], [11.56819483, 48.12163566], [11.56803129, 48.12155097], [11.56786278, 48.12146028], [11.56745423, 48.12124075], [11.56672429, 48.12085134], [11.56644478, 48.12070208], [11.56597636, 48.12044631], [11.565288, 48.12006923], [11.56503704, 48.11993108], [11.5649761, 48.11989496], [11.5648274, 48.11980337], [11.56468834, 48.11970949], [11.56454286, 48.11960974], [11.56444358, 48.11953285], [11.56420026, 48.11933456], [11.56409014, 48.11924402], [11.56362403, 48.11880746], [11.56302214, 48.11823727], [11.56274827, 48.11798547], [11.56273973, 48.11797761], [11.56266929, 48.11798508], [11.56266662, 48.11798246], [11.56265937, 48.11798306], [11.56265001, 48.11797772], [11.56257546, 48.11791077], [11.56251444, 48.11785596], [11.56250779, 48.11784883], [11.56250553, 48.11784576], [11.56250489, 48.11784243], [11.56250586, 48.11783911], [11.5625083, 48.11783615], [11.56251208, 48.11783383], [11.56249234, 48.11781792], [11.56241076, 48.11774485], [11.56244469, 48.11770306], [11.56229612, 48.11756335], [11.56229801, 48.11756192], [11.56226842, 48.11753537], [11.56132021, 48.11662114], [11.56126706, 48.1165686], [11.56119842, 48.11649098], [11.56112206, 48.1163904], [11.56108904, 48.11634171], [11.56102461, 48.11623893], [11.56095816, 48.11611968], [11.56094115, 48.11608058], [11.56092746, 48.11604626], [11.56091539, 48.11601168], [11.56090508, 48.11597693], [11.56089638, 48.11594192], [11.56088943, 48.11590674], [11.56088155, 48.11585474], [11.56085868, 48.11548422], [11.56085655, 48.11535695], [11.56085624, 48.11520557], [11.56087031, 48.11481915], [11.56089225, 48.11418827], [11.56089622, 48.11402678], [11.56089835, 48.11399945], [11.56089842, 48.11394719], [11.56091551, 48.11337415], [11.56091579, 48.11327782], [11.56092703, 48.11315744], [11.56095004, 48.1130111], [11.56097105, 48.11292646], [11.56098415, 48.11288323], [11.56099897, 48.11283437], [11.56102863, 48.11274875], [11.56103037, 48.11274374], [11.56106369, 48.11264791], [11.56108008, 48.11258073], [11.56111338, 48.11244429], [11.56113364, 48.11235182], [11.56114442, 48.11231642], [11.56116015, 48.11225245], [11.56133456, 48.1115978], [11.56138324, 48.11140804], [11.56152141, 48.11089215], [11.56155269, 48.1107626], [11.56158449, 48.11065013], [11.56163105, 48.11042495], [11.56164461, 48.11034757], [11.56166677, 48.11015645], [11.56167184, 48.11007753], [11.56167278, 48.10997827], [11.56166726, 48.10985118], [11.56165356, 48.1096958], [11.56164424, 48.10963919], [11.56162212, 48.10952362], [11.56160279, 48.1094434], [11.56157889, 48.10936237], [11.56141027, 48.10894183], [11.56137199, 48.10884979], [11.5613314, 48.10876078], [11.5612801, 48.1086675], [11.56122649, 48.10857825], [11.56116759, 48.10847863], [11.56105278, 48.10830793], [11.56099895, 48.10822741], [11.56084248, 48.10801866], [11.56057302, 48.1077183], [11.56049631, 48.10764147], [11.56044547, 48.10760206], [11.5602752, 48.10744104], [11.56009245, 48.10728725], [11.55991279, 48.10714912], [11.55972257, 48.10701342], [11.55961851, 48.10694729], [11.55948071, 48.10685684], [11.55930214, 48.10674518], [11.55754127, 48.10564081], [11.55751939, 48.10562435], [11.55727656, 48.1054732], [11.55717678, 48.10541256], [11.55702623, 48.10531845], [11.55617076, 48.10478233], [11.55563294, 48.10445369], [11.5551289, 48.1046795], [11.5550666, 48.1046389], [11.55476885, 48.10441402], [11.5547342, 48.10438122], [11.5546155, 48.10422551], [11.55452459, 48.10411131], [11.55444109, 48.10401619], [11.55434984, 48.10392063], [11.55423747, 48.10381704], [11.55415145, 48.10374037], [11.55406655, 48.10366884], [11.55398045, 48.10360218], [11.55386826, 48.10352157], [11.55338113, 48.10320124], [11.55266675, 48.10290885], [11.55255113, 48.10286386], [11.55253515, 48.10286461], [11.55251439, 48.10287343], [11.55246287, 48.10285452], [11.55236904, 48.10282223], [11.55233758, 48.10281177], [11.55196977, 48.10265547], [11.55182902, 48.10258484], [11.55169545, 48.10251892], [11.55159607, 48.10246008], [11.55151069, 48.1024073], [11.55141091, 48.10233999], [11.55135544, 48.10230008], [11.55127376, 48.10223825], [11.55119259, 48.1021725], [11.55111537, 48.10210501], [11.55104613, 48.10203921], [11.55095768, 48.10194695], [11.55091847, 48.1019026], [11.55086358, 48.10183662], [11.55081085, 48.10176786], [11.55070371, 48.10162318], [11.55069551, 48.10161458], [11.55065849, 48.10156565], [11.55061761, 48.10150596], [11.55057761, 48.10143656], [11.55054328, 48.1013649], [11.55048058, 48.10121625], [11.55044936, 48.10113431], [11.55042666, 48.101068], [11.55040185, 48.10098455], [11.55037437, 48.10088173], [11.55034643, 48.10077948], [11.55033252, 48.10073621], [11.55032137, 48.10069274], [11.55014127, 48.10004274], [11.55012629, 48.09998451], [11.55011398, 48.09993032], [11.55007822, 48.09976161], [11.55007812, 48.09969532], [11.55007609, 48.09957239], [11.55007619, 48.09951295], [11.55007676, 48.09936845], [11.55008002, 48.09930164], [11.55008503, 48.0991859], [11.55014098, 48.09864105], [11.55037242, 48.09647784], [11.55041879, 48.09593289], [11.55043415, 48.09526067], [11.55044113, 48.09497022], [11.55045485, 48.09434605], [11.55047049, 48.09361163], [11.55048624, 48.09277986], [11.5504636, 48.09272941], [11.55045387, 48.09272868], [11.5504354, 48.0927273], [11.55041944, 48.0927261], [11.5504094, 48.09272534], [11.55042176, 48.09261576], [11.55043017, 48.09259348], [11.55045054, 48.09253945], [11.55047821, 48.09246608], [11.55048566, 48.09244372], [11.55049646, 48.09242056], [11.55048306, 48.09241745], [11.55049043, 48.09240363], [11.55055858, 48.09223288], [11.55057558, 48.09219028], [11.55057809, 48.09218398], [11.55061018, 48.09218329], [11.5505139, 48.09169343], [11.55048513, 48.09157668], [11.55043225, 48.09141835], [11.55041163, 48.09136395], [11.55031965, 48.0911559], [11.55020554, 48.09094295], [11.55007968, 48.09074749], [11.54994592, 48.09056812], [11.54987118, 48.09047592], [11.549235, 48.08974939], [11.54857978, 48.08900659], [11.54794505, 48.08827943], [11.54596035, 48.08602848], [11.54556528, 48.08557381], [11.54525865, 48.08520011], [11.54480802, 48.08462656], [11.54458436, 48.08432837], [11.54439099, 48.0840495], [11.54427753, 48.08388817], [11.54415947, 48.08371342], [11.54401268, 48.08348816], [11.54385297, 48.08323992], [11.54364199, 48.08289495], [11.54342976, 48.08253233], [11.54333255, 48.08235407], [11.54196222, 48.07967779], [11.54183697, 48.07940576], [11.54172453, 48.07913685], [11.54164207, 48.07891842], [11.54156077, 48.07870081], [11.54148741, 48.07848197], [11.54142105, 48.07826064], [11.54136262, 48.07804003], [11.54132711, 48.07788449], [11.54188136, 48.07786988], [11.54237814, 48.07785672], [11.54236126, 48.0778231], [11.54233573, 48.07773459], [11.54232742, 48.07768753], [11.54233062, 48.07761426], [11.54230553, 48.07752236], [11.54226657, 48.07743446], [11.54225851, 48.07734449], [11.54224239, 48.07725511], [11.54222822, 48.07718814], [11.54221946, 48.07707559], [11.54220318, 48.07678717], [11.54211931, 48.07669699], [11.54209096, 48.07662745], [11.54206427, 48.076567], [11.54205528, 48.07652147], [11.54203925, 48.07646809], [11.54201373, 48.07642636], [11.54197305, 48.07636911], [11.54194827, 48.07631776], [11.54194021, 48.07628822], [11.54191431, 48.07628749], [11.5419156, 48.07624819], [11.54192393, 48.07621683], [11.54191284, 48.07618162], [11.54189284, 48.0761201], [11.54184763, 48.07607233], [11.54183277, 48.07603782], [11.54181047, 48.07599529], [11.54178952, 48.07595257], [11.54175249, 48.07592194], [11.54169161, 48.07583052], [11.54165532, 48.07573478], [11.54163142, 48.07566003], [11.54158778, 48.07549564], [11.54158198, 48.07538049], [11.54163784, 48.07525668], [11.54166153, 48.07512752], [11.54167528, 48.07499914], [11.54169675, 48.07490821], [11.54169828, 48.07490138], [11.54171817, 48.07471741], [11.54172812, 48.07468418], [11.54173088, 48.07467502], [11.54175578, 48.07459129], [11.54180793, 48.07459617], [11.54180905, 48.07459069], [11.54184153, 48.07457517], [11.54187248, 48.0745796], [11.54187376, 48.0745725], [11.54190379, 48.07457496], [11.54190337, 48.07457676], [11.54195526, 48.074581], [11.54200192, 48.07458479], [11.54203649, 48.0745914], [11.54208246, 48.07459814], [11.54229825, 48.07462823], [11.5422974, 48.07463263], [11.54233144, 48.07463727], [11.54233704, 48.07461058], [11.54243396, 48.07461953], [11.54246731, 48.07458018], [11.54252423, 48.07454678], [11.54263986, 48.07452375], [11.54266574, 48.0745109], [11.54269366, 48.07448114], [11.54274887, 48.07441453], [11.54274821, 48.07439861], [11.54275664, 48.07437139], [11.54280596, 48.07433436], [11.54284781, 48.07432149], [11.54286881, 48.07431519], [11.54290267, 48.07426497], [11.54293226, 48.07421249], [11.54298315, 48.07416502], [11.54304664, 48.07411824], [11.54311689, 48.07408039], [11.5431884, 48.07404884], [11.54321925, 48.07401946], [11.54325699, 48.07399892], [11.54327357, 48.07397479], [11.54332651, 48.07394963], [11.54334018, 48.07392054], [11.54335827, 48.07389371], [11.54334984, 48.07386048], [11.54332406, 48.0738476], [11.54336757, 48.07379767], [11.54335964, 48.07375349], [11.54336776, 48.07374624], [11.5434026, 48.07375241], [11.54342404, 48.07374062], [11.5434391, 48.07369222], [11.5434426, 48.0736604], [11.54351507, 48.07356995], [11.54355227, 48.07356721], [11.54360658, 48.07352677], [11.54352196, 48.07344108], [11.54313382, 48.07304626], [11.54396769, 48.07194766], [11.54416513, 48.07090898], [11.54423865, 48.07052268], [11.54429252, 48.07023994], [11.54400766, 48.06963096], [11.54418548, 48.06912666], [11.54406535, 48.06830995], [11.54504674, 48.06819159], [11.54536014, 48.06813695], [11.54542587, 48.06812508], [11.54623672, 48.0695365], [11.54648621, 48.06998638], [11.54661727, 48.07022999], [11.54689746, 48.07077347], [11.5472894, 48.07152216], [11.54736684, 48.07160934], [11.54737302, 48.07160874], [11.54750111, 48.07157986], [11.5480916, 48.07274786], [11.54893515, 48.07441376], [11.5490309, 48.07460579], [11.54911692, 48.07458866], [11.54976165, 48.07446063], [11.5497781, 48.07448173], [11.54988689, 48.07462101], [11.54991451, 48.07465637], [11.54970689, 48.07473298], [11.54937012, 48.07485734], [11.54931747, 48.07487673], [11.5492663, 48.07489577], [11.54923412, 48.07490751], [11.54915799, 48.0748635], [11.54986947, 48.07632569], [11.55023703, 48.07707731], [11.55177982, 48.08031238], [11.55183098, 48.08041977], [11.55190421, 48.08057831], [11.55201906, 48.0808268], [11.55210569, 48.08101419], [11.55222459, 48.08126901], [11.55234489, 48.08152614], [11.55239874, 48.08164174], [11.55257228, 48.08201319], [11.55271823, 48.08232543], [11.5528295, 48.08256354], [11.55289244, 48.08269824], [11.55304799, 48.08303111], [11.55318619, 48.08332806], [11.55325578, 48.08347864], [11.55330648, 48.08358832], [11.55347292, 48.08394821], [11.55363, 48.08428507], [11.55379247, 48.08463858], [11.55394525, 48.08496832], [11.55424057, 48.08493218], [11.55575424, 48.08474709], [11.55675703, 48.08462446], [11.56032112, 48.08418845], [11.56053769, 48.0841619], [11.56054131, 48.08416147], [11.56050036, 48.08398758], [11.56056945, 48.08394135], [11.56142446, 48.08379055], [11.5614545, 48.08378525], [11.56249023, 48.08360261], [11.56291213, 48.08511357], [11.56291241, 48.08517651], [11.56299451, 48.08516639], [11.56331272, 48.08526213], [11.56553206, 48.08607421], [11.56562129, 48.08611323], [11.56684346, 48.08655731], [11.56777284, 48.08689498], [11.57126405, 48.08817227], [11.57127168, 48.08817472], [11.57132427, 48.08819434], [11.57323795, 48.0888975], [11.57438344, 48.08881452], [11.57443439, 48.08933744], [11.57451013, 48.08936525], [11.57453864, 48.08937569], [11.5745717, 48.08938795], [11.57458307, 48.08939213], [11.57527174, 48.08965329], [11.57573441, 48.0898288], [11.5771229, 48.09035542], [11.57879803, 48.09098878], [11.57925635, 48.09116367], [11.57982657, 48.09137966], [11.58030204, 48.09155971], [11.58030244, 48.09155986], [11.58030364, 48.09156032], [11.58030726, 48.09156168], [11.58038663, 48.09159218], [11.58266858, 48.09246955], [11.58502095, 48.09336935], [11.58542095, 48.09352789], [11.58548613, 48.09355312], [11.58556439, 48.09358348], [11.58557205, 48.09358642], [11.58558891, 48.09359296], [11.58647466, 48.09393374], [11.58704861, 48.09415444], [11.58795739, 48.09450368], [11.58805764, 48.09454226], [11.58808066, 48.09455116], [11.5881363, 48.09457718], [11.58815981, 48.09458818], [11.5882084, 48.09461091], [11.58829904, 48.09462638], [11.58819877, 48.09478421], [11.58651931, 48.09750722], [11.58517737, 48.09970076], [11.58492421, 48.09959276], [11.58215969, 48.09841368], [11.5819781, 48.09833599], [11.5817121, 48.09861855], [11.58165793, 48.0986987], [11.58163856, 48.09876185], [11.58164148, 48.09886727], [11.58171064, 48.09935627], [11.58215969, 48.10323786], [11.58162679, 48.10420238], [11.58155658, 48.10432746], [11.58224297, 48.10452494], [11.58212677, 48.10470967], [11.58194681, 48.10497543], [11.58132693, 48.10573938], [11.58065928, 48.10641921], [11.58026433, 48.10691796], [11.57984189, 48.10758128], [11.57897216, 48.10932654], [11.57841109, 48.11011711], [11.57813419, 48.1104399], [11.57800875, 48.11058637], [11.5776139, 48.11092375], [11.57706607, 48.11125138], [11.57643953, 48.11150873], [11.57612977, 48.11159063], [11.57571834, 48.11169974], [11.57447419, 48.11193615], [11.57379859, 48.11198486], [11.57369248, 48.11221146], [11.57373923, 48.11236484], [11.57392337, 48.11262132], [11.57433739, 48.11305201], [11.57435321, 48.1130724], [11.57438732, 48.11312208], [11.57441955, 48.11317247], [11.57448279, 48.1132737], [11.57454293, 48.11337376], [11.57460023, 48.11347461], [11.57465255, 48.11357652], [11.57470519, 48.11367304], [11.57473782, 48.11372335], [11.57477449, 48.11377223], [11.57481843, 48.1138188], [11.57485995, 48.11386607], [11.57490188, 48.11391317], [11.57500666, 48.11402643], [11.57506351, 48.11410336], [11.57517278, 48.11425061], [11.57520687, 48.11430029], [11.57521903, 48.1143239], [11.57524789, 48.11440639], [11.57526949, 48.11445934], [11.57529378, 48.11451167], [11.57534936, 48.11461457], [11.57540763, 48.11471713], [11.57546684, 48.11481933], [11.5754984, 48.11486989], [11.57556764, 48.11497698], [11.57559444, 48.11500019], [11.57566628, 48.11509687], [11.57570429, 48.1151445], [11.57574729, 48.11518998], [11.57579486, 48.11523377], [11.57584486, 48.11527596], [11.57595207, 48.11535648], [11.57598183, 48.11537772], [11.57618135, 48.11552009], [11.57622304, 48.1155464], [11.57626215, 48.1155745], [11.57637799, 48.11567589], [11.57641071, 48.11571189], [11.5764549, 48.11575979], [11.57655904, 48.11588714], [11.57661355, 48.11590683], [11.57663189, 48.11591355], [11.5767506, 48.11588208], [11.57688598, 48.1162605], [11.57709422, 48.11763418], [11.57719283, 48.11816288], [11.57717832, 48.11827755], [11.57714402, 48.1185081], [11.57709622, 48.11859237], [11.57708369, 48.11861241], [11.57698954, 48.11876295], [11.57692473, 48.11881266], [11.57656051, 48.11901506], [11.57546043, 48.11946797], [11.57535148, 48.11949761], [11.57523564, 48.11952814], [11.57253886, 48.12062577], [11.57245399, 48.12065758], [11.57236291, 48.12069178], [11.57152523, 48.12103649], [11.57130665, 48.12112635], [11.56958952, 48.12165181], [11.56960145, 48.12167113], [11.56961252, 48.12169181], [11.5696231, 48.12171532], [11.56963134, 48.12173792], [11.5696333, 48.12174449], [11.56964436, 48.12179771], [11.56964585, 48.12185144], [11.56963746, 48.12190608], [11.56961918, 48.12195963], [11.56959129, 48.12201129]]]]}}, {"type": "Feature", "properties": {"ref": "7", "name": "Sendling-Westpark"}, "geometry": {"type": "Polygon", "coordinates": [[[11.52609895, 48.13644746], [11.52533669, 48.13604601], [11.52461319, 48.13562114], [11.52363836, 48.13497842], [11.52324081, 48.1347142], [11.52274686, 48.13437577], [11.52241575, 48.13414364], [11.52134357, 48.13339664], [11.52034104, 48.13268719], [11.51982324, 48.13229642], [11.51888054, 48.13147268], [11.51787565, 48.13058082], [11.51765871, 48.1303871], [11.51737859, 48.13013711], [11.51692859, 48.12980671], [11.51629027, 48.1294008], [11.51550365, 48.12895707], [11.51485751, 48.12863782], [11.51420649, 48.12833083], [11.5130453, 48.12783026], [11.51252498, 48.12762192], [11.51187161, 48.12737504], [11.51124522, 48.12712193], [11.51005216, 48.12664994], [11.50977107, 48.12652836], [11.50944046, 48.1263332], [11.50920707, 48.12615707], [11.50899908, 48.12595112], [11.5088662, 48.12581958], [11.50877114, 48.12557112], [11.50863405, 48.12522139], [11.5084437, 48.12524737], [11.50689969, 48.12545841], [11.50509351, 48.12566651], [11.50398185, 48.12576265], [11.5032168, 48.12580322], [11.50280872, 48.12581429], [11.50269053, 48.12581751], [11.50265651, 48.12434899], [11.50258024, 48.12176364], [11.50246104, 48.11763928], [11.5024411, 48.11647304], [11.50243026, 48.11629962], [11.50240882, 48.11593895], [11.50235018, 48.11307175], [11.50232411, 48.11210235], [11.50234338, 48.1118085], [11.50226753, 48.10905399], [11.50216614, 48.10585637], [11.50212386, 48.10547488], [11.50208891, 48.10527199], [11.5020402, 48.10506856], [11.50162164, 48.10395787], [11.50158897, 48.10386207], [11.50155748, 48.10375154], [11.50153619, 48.10366892], [11.5015141, 48.10355213], [11.50148426, 48.10315037], [11.50149686, 48.10292173], [11.50156797, 48.10266386], [11.50167268, 48.10245042], [11.50174091, 48.10232502], [11.50199381, 48.10201113], [11.50231374, 48.10172984], [11.502709, 48.10148568], [11.50311274, 48.10126842], [11.50365721, 48.10099245], [11.50412075, 48.10075176], [11.50441231, 48.10056871], [11.50488702, 48.10024066], [11.50601406, 48.0993317], [11.50635722, 48.09906867], [11.50651865, 48.09916275], [11.50694242, 48.09912232], [11.50697547, 48.09910736], [11.50742557, 48.09911444], [11.50746571, 48.09911425], [11.50757986, 48.09911375], [11.50774644, 48.09911422], [11.50800785, 48.09911028], [11.5080924, 48.09911162], [11.50817159, 48.09910179], [11.50824843, 48.09908538], [11.50832156, 48.09906266], [11.50850867, 48.09899496], [11.50865666, 48.09904345], [11.50866625, 48.09910707], [11.50865924, 48.09916494], [11.50865529, 48.0991981], [11.50863133, 48.09928738], [11.50859605, 48.09938262], [11.50859343, 48.09938971], [11.50859081, 48.09939689], [11.50856057, 48.09947058], [11.5085494, 48.09950163], [11.50852912, 48.09950271], [11.50857276, 48.099626], [11.50858554, 48.09967822], [11.50859753, 48.09972864], [11.50862226, 48.09982238], [11.50864005, 48.09988433], [11.50866835, 48.09998475], [11.50868434, 48.10003842], [11.50876791, 48.10033884], [11.50877675, 48.10037018], [11.5088448, 48.1006144], [11.50886725, 48.10069527], [11.50886376, 48.10069525], [11.50886336, 48.1007806], [11.50885825, 48.10089724], [11.5088515, 48.10104578], [11.5089685, 48.10106716], [11.5094228, 48.10113513], [11.50959612, 48.1011579], [11.51011448, 48.10122571], [11.51016852, 48.10123278], [11.5101252, 48.10168009], [11.5101917, 48.101687], [11.51021265, 48.10168918], [11.51029207, 48.10169743], [11.51036945, 48.10170549], [11.51057031, 48.10172059], [11.51077964, 48.10173368], [11.5110019, 48.10174705], [11.51115682, 48.10175366], [11.51131485, 48.10175241], [11.51148811, 48.10174451], [11.51163291, 48.10173481], [11.51194506, 48.10171298], [11.51197852, 48.1017106], [11.51200164, 48.10170908], [11.51215272, 48.10168498], [11.51286305, 48.10218381], [11.51354799, 48.10261948], [11.51427264, 48.10302428], [11.51445597, 48.10311308], [11.51532178, 48.10352875], [11.51752613, 48.10454613], [11.51768366, 48.10450968], [11.51791465, 48.10425857], [11.51794148, 48.10421749], [11.51795558, 48.10417349], [11.51796646, 48.10411892], [11.51798956, 48.10400307], [11.5180267, 48.10381683], [11.51804492, 48.10374864], [11.51806884, 48.10368768], [11.51811304, 48.10364253], [11.51818283, 48.10357645], [11.51826212, 48.10351375], [11.5183601, 48.10344688], [11.51838875, 48.10342731], [11.51849224, 48.10337009], [11.51869953, 48.10325594], [11.51879934, 48.10319553], [11.51886817, 48.10314507], [11.51891705, 48.1031021], [11.51907341, 48.10316285], [11.51909094, 48.10316976], [11.51927406, 48.10322595], [11.51946592, 48.10326688], [11.51966406, 48.10329141], [11.51986388, 48.10330869], [11.51996932, 48.10331366], [11.52006483, 48.10331817], [11.52026586, 48.10332532], [11.5210206, 48.10335146], [11.52177731, 48.10341266], [11.52191048, 48.10341167], [11.52218736, 48.10341633], [11.52242444, 48.10340283], [11.52287897, 48.10341291], [11.52413078, 48.10345145], [11.52437325, 48.10344325], [11.52460115, 48.10343496], [11.52570252, 48.1034749], [11.52569374, 48.10352792], [11.52581984, 48.10353771], [11.52594976, 48.10354544], [11.52617928, 48.10355907], [11.52643248, 48.10357425], [11.5265365, 48.10358043], [11.52654415, 48.10358136], [11.52666917, 48.10359706], [11.52691227, 48.10362776], [11.52703363, 48.10364302], [11.5271719, 48.1036605], [11.52744779, 48.10369519], [11.52767642, 48.10372401], [11.52781131, 48.10374094], [11.52781352, 48.10373465], [11.52799864, 48.10374927], [11.52802949, 48.10375173], [11.52814915, 48.10376392], [11.52829862, 48.10377955], [11.52845741, 48.10379945], [11.52859673, 48.10381676], [11.52870977, 48.1038308], [11.5289569, 48.10386642], [11.52909975, 48.10388499], [11.52920435, 48.10390106], [11.52925677, 48.10390928], [11.52945121, 48.10393722], [11.52947387, 48.10394028], [11.53038794, 48.1036028], [11.53067311, 48.1036333], [11.53076939, 48.1037651], [11.53087294, 48.10389485], [11.53098177, 48.1040204], [11.53098457, 48.10402333], [11.53102248, 48.10406284], [11.53104114, 48.10406409], [11.53125956, 48.10408247], [11.53131295, 48.10408735], [11.53147314, 48.10410182], [11.53172297, 48.10412684], [11.53177542, 48.10413182], [11.53194019, 48.10414355], [11.53211264, 48.10415675], [11.53245461, 48.10418277], [11.53275599, 48.10420584], [11.53283167, 48.10421191], [11.53285609, 48.10421369], [11.53302236, 48.10422589], [11.5331423, 48.10423511], [11.53328103, 48.10424405], [11.53331417, 48.10424635], [11.53350291, 48.10425251], [11.53353822, 48.10425355], [11.53353093, 48.10434802], [11.53365472, 48.10435184], [11.53364049, 48.10446942], [11.53351997, 48.1044773], [11.53350089, 48.10447858], [11.53357941, 48.10483533], [11.53368353, 48.10482846], [11.53364166, 48.10505149], [11.53409848, 48.1050922], [11.53529771, 48.10519909], [11.53555793, 48.1044868], [11.53558946, 48.10440023], [11.53568921, 48.10412706], [11.53567996, 48.10397702], [11.53567691, 48.10392791], [11.53565513, 48.10357609], [11.53562463, 48.10351858], [11.53586899, 48.10357109], [11.5360224, 48.10360407], [11.53604908, 48.10360981], [11.53605689, 48.10381162], [11.53611144, 48.10485157], [11.53611518, 48.10512472], [11.5360933, 48.10589957], [11.53602141, 48.10848729], [11.53601605, 48.10888765], [11.53603012, 48.10910851], [11.53601326, 48.10985667], [11.53604683, 48.10985698], [11.53605617, 48.11033599], [11.53606417, 48.11041677], [11.53606039, 48.11061201], [11.53606316, 48.11080593], [11.53606435, 48.11088691], [11.5359845, 48.11088614], [11.53599674, 48.11121707], [11.53599677, 48.1112584], [11.53599431, 48.11147287], [11.5359878, 48.11172251], [11.53598733, 48.11186829], [11.53598818, 48.11220511], [11.53599066, 48.11224706], [11.53598433, 48.11252381], [11.53589235, 48.11297903], [11.5358898, 48.11403099], [11.53585073, 48.11440073], [11.53588639, 48.11546851], [11.53588364, 48.11598613], [11.53590208, 48.11629699], [11.53589504, 48.11663931], [11.53591586, 48.11674843], [11.53594266, 48.11687912], [11.53597187, 48.11701364], [11.53614309, 48.11780401], [11.53615799, 48.1178637], [11.53620172, 48.11806224], [11.53624864, 48.11826511], [11.53638781, 48.11894489], [11.53641292, 48.1190791], [11.53649406, 48.11941052], [11.53658783, 48.11980265], [11.5366621, 48.12016099], [11.53667627, 48.12022797], [11.53668941, 48.12028963], [11.53670305, 48.12035588], [11.53671889, 48.12043176], [11.53681731, 48.12087293], [11.53690508, 48.1212722], [11.53697086, 48.12156287], [11.53697106, 48.12157159], [11.53702052, 48.12156828], [11.53713731, 48.12212808], [11.53768464, 48.12469019], [11.53769845, 48.12482669], [11.53772171, 48.12500422], [11.53772221, 48.12502275], [11.5377278, 48.12508868], [11.53773789, 48.12517666], [11.53774461, 48.12517606], [11.53775393, 48.12526028], [11.53776661, 48.1254349], [11.53777295, 48.12546321], [11.53777485, 48.12547167], [11.53778863, 48.12553322], [11.53780625, 48.12561188], [11.53780882, 48.12564013], [11.53782602, 48.12563885], [11.53782789, 48.1256859], [11.53782898, 48.12572898], [11.53782942, 48.12573942], [11.53782959, 48.12578043], [11.53782936, 48.12582135], [11.53782807, 48.12587522], [11.53782667, 48.12592639], [11.53782418, 48.12597855], [11.53781987, 48.12603906], [11.53781723, 48.12607944], [11.5378126, 48.12613095], [11.53780802, 48.12617699], [11.53779736, 48.12625636], [11.53778763, 48.12632207], [11.53777813, 48.1263786], [11.53777091, 48.1264194], [11.53775906, 48.12648258], [11.5377507, 48.12651609], [11.53773145, 48.12658059], [11.53771659, 48.12662199], [11.5376403, 48.12692817], [11.53763241, 48.12693866], [11.53763081, 48.1269382], [11.53761763, 48.12698482], [11.53760214, 48.12703655], [11.53758477, 48.12708828], [11.53756729, 48.12713669], [11.53754902, 48.1271824], [11.53752963, 48.12723233], [11.5375093, 48.12728306], [11.53748815, 48.12733362], [11.53746593, 48.12738381], [11.53741703, 48.12748821], [11.53740005, 48.12752403], [11.53738171, 48.12756272], [11.53737077, 48.12758463], [11.53734669, 48.12763472], [11.53730121, 48.12772133], [11.53726911, 48.12778047], [11.53723716, 48.12783881], [11.53718707, 48.12792513], [11.53714996, 48.12798686], [11.53710035, 48.12806651], [11.53704792, 48.1281474], [11.53698873, 48.12823501], [11.53694954, 48.12829141], [11.53690871, 48.12834933], [11.53685264, 48.12842733], [11.53677918, 48.12852675], [11.53672086, 48.12860126], [11.53665794, 48.12868034], [11.53664138, 48.12869987], [11.53660472, 48.12874307], [11.53659562, 48.12875373], [11.53651731, 48.12884512], [11.53650523, 48.12885829], [11.53642695, 48.12894484], [11.53637214, 48.12900497], [11.53630095, 48.12907952], [11.53622436, 48.1291571], [11.53614128, 48.12923916], [11.53606184, 48.12931635], [11.53602064, 48.12935476], [11.53597185, 48.12940024], [11.53586821, 48.12949297], [11.53583558, 48.12952117], [11.53579293, 48.12955787], [11.53570915, 48.1296285], [11.53557288, 48.12974021], [11.53547671, 48.12981492], [11.53545032, 48.12983586], [11.53542436, 48.12985546], [11.53536999, 48.12989634], [11.53527358, 48.12996663], [11.53517917, 48.13003592], [11.53481471, 48.13030021], [11.53468255, 48.13039852], [11.53445434, 48.13056424], [11.53424624, 48.13066995], [11.53413538, 48.13075967], [11.53390926, 48.13094274], [11.53320747, 48.13143223], [11.53250265, 48.13191947], [11.53236643, 48.13201331], [11.53225165, 48.13209236], [11.53220147, 48.13212691], [11.53217837, 48.13211188], [11.53215528, 48.13209685], [11.53209226, 48.13214064], [11.5319695, 48.13222572], [11.53184012, 48.13231541], [11.53182224, 48.13231768], [11.5317203, 48.13233049], [11.53177212, 48.13239186], [11.53178926, 48.13241216], [11.5317467, 48.13244159], [11.53106015, 48.13291618], [11.53060044, 48.13323384], [11.53054812, 48.13327012], [11.53050716, 48.13329854], [11.53033124, 48.13342032], [11.53010333, 48.13354], [11.53003865, 48.13357401], [11.53001556, 48.13364802], [11.52911136, 48.13427337], [11.52871058, 48.13455048], [11.52859551, 48.1346304], [11.52793936, 48.13509246], [11.52786655, 48.13514925], [11.52755257, 48.13536694], [11.52718088, 48.1356458], [11.52674864, 48.13599221], [11.52629486, 48.1363771], [11.52622024, 48.13633796], [11.52609895, 48.13644746]]]}}, {"type": "Feature", "properties": {"ref": "8", "name": "Schwanthalerhöhe"}, "geometry": {"type": "Polygon", "coordinates": [[[11.54199103, 48.14256386], [11.54065592, 48.14265689], [11.53917129, 48.14277403], [11.53892564, 48.14279337], [11.53833935, 48.14281051], [11.53788221, 48.14282783], [11.53753521, 48.14283815], [11.53703741, 48.14285018], [11.53647337, 48.14285288], [11.53580825, 48.14284222], [11.53581061, 48.14277713], [11.53582146, 48.14254544], [11.53553899, 48.14253775], [11.53542926, 48.1426158], [11.53497846, 48.14260588], [11.53497519, 48.14268429], [11.53500253, 48.1428111], [11.53467589, 48.14280297], [11.53439442, 48.14280216], [11.53435861, 48.14256767], [11.53432396, 48.14234371], [11.53429719, 48.14217427], [11.53425152, 48.14187479], [11.5342119, 48.14161996], [11.53417412, 48.14138282], [11.53406782, 48.14142316], [11.53405703, 48.14142743], [11.53405624, 48.14142581], [11.53385764, 48.14150062], [11.53379819, 48.14152377], [11.53370441, 48.14155685], [11.53370786, 48.14156127], [11.53363459, 48.14158427], [11.53363114, 48.14157976], [11.5335162, 48.14161352], [11.53347013, 48.141626], [11.5333931, 48.14164456], [11.53330962, 48.14166301], [11.53325833, 48.14167261], [11.53323585, 48.14167683], [11.53313843, 48.14169173], [11.53305218, 48.1417037], [11.53296608, 48.14171424], [11.53283535, 48.14172658], [11.53279192, 48.14172991], [11.5327271, 48.14173486], [11.53269323, 48.14173617], [11.5326611, 48.14173748], [11.53262401, 48.14173787], [11.53258732, 48.1417379], [11.53255225, 48.14173821], [11.53251718, 48.14173806], [11.53248305, 48.14173793], [11.53244732, 48.14173769], [11.53240892, 48.14173592], [11.53237078, 48.1417345], [11.53233424, 48.14173355], [11.53229677, 48.14173241], [11.53225822, 48.14173126], [11.5322229, 48.14172995], [11.53218744, 48.14172864], [11.53215157, 48.14172732], [11.53211745, 48.1417261], [11.53208077, 48.14172488], [11.53204544, 48.14172401], [11.53201132, 48.14172262], [11.53197357, 48.14172103], [11.53193906, 48.14171918], [11.53190133, 48.14171669], [11.53186481, 48.1417142], [11.53182802, 48.1417118], [11.53179057, 48.14170895], [11.53175378, 48.14170646], [11.53171485, 48.1417037], [11.53167673, 48.1417003], [11.53163873, 48.14169664], [11.53159993, 48.14169298], [11.53156435, 48.14168951], [11.53152877, 48.14168621], [11.53149346, 48.14168274], [11.53145788, 48.14167936], [11.5314219, 48.14167598], [11.53138699, 48.1416726], [11.53135061, 48.14166903], [11.53131463, 48.14166546], [11.53127972, 48.14166226], [11.53124388, 48.14165833], [11.53120871, 48.1416545], [11.53117166, 48.14165048], [11.53113461, 48.14164628], [11.53109784, 48.14164146], [11.53105985, 48.14163708], [11.53102335, 48.14163163], [11.53098632, 48.14162626], [11.53094834, 48.14162107], [11.53091077, 48.14161463], [11.53087602, 48.14160954], [11.53088665, 48.14143186], [11.53057995, 48.14144473], [11.5302545, 48.14138306], [11.52978938, 48.14129491], [11.52972871, 48.14127469], [11.52931368, 48.14113633], [11.52925355, 48.14111632], [11.52923168, 48.14111345], [11.52903052, 48.14108656], [11.52864116, 48.14098064], [11.52821197, 48.14081193], [11.52797849, 48.14069102], [11.52788471, 48.14062042], [11.52786266, 48.14062187], [11.5276508, 48.14045122], [11.52722408, 48.14048369], [11.52706145, 48.14032402], [11.52700148, 48.14032926], [11.52691745, 48.14019095], [11.52669912, 48.13989019], [11.52657598, 48.13968624], [11.52645725, 48.13947807], [11.52636297, 48.13927046], [11.5263693, 48.13926923], [11.52638127, 48.13926748], [11.52627367, 48.13893524], [11.52622924, 48.13872274], [11.52619533, 48.13852056], [11.52617912, 48.13810667], [11.52619714, 48.13791085], [11.52622884, 48.13769236], [11.52630457, 48.13739146], [11.52633926, 48.13728394], [11.52640423, 48.13712502], [11.52652218, 48.13686315], [11.52651051, 48.1368605], [11.52649549, 48.13685702], [11.52641002, 48.13681169], [11.52635534, 48.13678269], [11.52634639, 48.13677797], [11.5262748, 48.13673315], [11.52603648, 48.13658403], [11.52596409, 48.13654741], [11.52602515, 48.13651404], [11.52609895, 48.13644746], [11.52622024, 48.13633796], [11.52629486, 48.1363771], [11.52674864, 48.13599221], [11.52718088, 48.1356458], [11.52755257, 48.13536694], [11.52786655, 48.13514925], [11.52793936, 48.13509246], [11.52859551, 48.1346304], [11.52871058, 48.13455048], [11.52911136, 48.13427337], [11.53001556, 48.13364802], [11.53003865, 48.13357401], [11.53010333, 48.13354], [11.53033124, 48.13342032], [11.53050716, 48.13329854], [11.53054812, 48.13327012], [11.53060044, 48.13323384], [11.53106015, 48.13291618], [11.5317467, 48.13244159], [11.53178926, 48.13241216], [11.53177212, 48.13239186], [11.5317203, 48.13233049], [11.53182224, 48.13231768], [11.53184012, 48.13231541], [11.5319695, 48.13222572], [11.53209226, 48.13214064], [11.53215528, 48.13209685], [11.53217837, 48.13211188], [11.53220147, 48.13212691], [11.53225165, 48.13209236], [11.53236643, 48.13201331], [11.53250265, 48.13191947], [11.53320747, 48.13143223], [11.53390926, 48.13094274], [11.53413538, 48.13075967], [11.53424624, 48.13066995], [11.53445434, 48.13056424], [11.53468255, 48.13039852], [11.53481471, 48.13030021], [11.53517917, 48.13003592], [11.53527358, 48.12996663], [11.53536999, 48.12989634], [11.53542436, 48.12985546], [11.53567212, 48.12988091], [11.5357022, 48.12986691], [11.53624978, 48.12961275], [11.53652613, 48.12947435], [11.53666136, 48.12938711], [11.53705544, 48.12932482], [11.53712724, 48.12933113], [11.53714925, 48.12933302], [11.53717958, 48.12933574], [11.53720066, 48.12933754], [11.53728496, 48.12934499], [11.53728873, 48.12934374], [11.53818773, 48.12903877], [11.53827784, 48.12900945], [11.53834317, 48.12898821], [11.5384473, 48.12895453], [11.53866215, 48.1288864], [11.53865362, 48.12877386], [11.53867343, 48.12876819], [11.53879573, 48.12873267], [11.53891364, 48.12869841], [11.53891895, 48.128705], [11.5389523, 48.1287456], [11.5392375, 48.12864905], [11.53945237, 48.12857668], [11.53964443, 48.12851223], [11.53966357, 48.12850547], [11.54022977, 48.12830549], [11.54038285, 48.12825143], [11.54092322, 48.12804099], [11.54123438, 48.12791258], [11.54191754, 48.12759612], [11.54213095, 48.12749185], [11.54268363, 48.12722436], [11.54317684, 48.12697987], [11.54379384, 48.12667417], [11.54404055, 48.12655541], [11.54405715, 48.12654747], [11.54415165, 48.12650204], [11.54416982, 48.12649331], [11.54418184, 48.12643948], [11.54419783, 48.12637099], [11.54422567, 48.12639276], [11.54425079, 48.1264127], [11.54427096, 48.12642929], [11.54429219, 48.12644721], [11.54431027, 48.1264628], [11.54433205, 48.12648165], [11.54435333, 48.12650039], [11.5443778, 48.12652235], [11.54439768, 48.12654062], [11.54442095, 48.12656269], [11.5444441, 48.12658532], [11.54446596, 48.12660714], [11.54448294, 48.12662431], [11.54450357, 48.12664531], [11.54452752, 48.12667093], [11.54455412, 48.12670089], [11.54458615, 48.12673913], [11.54459276, 48.1267378], [11.54460686, 48.12675379], [11.54459996, 48.12675699], [11.54461031, 48.12677114], [11.5446719, 48.12685347], [11.54472623, 48.1269375], [11.54476834, 48.12702329], [11.54480384, 48.1271123], [11.54482889, 48.12718264], [11.54498156, 48.12761176], [11.54499454, 48.12764833], [11.54499768, 48.12765743], [11.54504758, 48.12783525], [11.54506604, 48.1279205], [11.54511456, 48.12814712], [11.54526017, 48.12883584], [11.54529042, 48.12894182], [11.54533398, 48.1290456], [11.5454661, 48.12930028], [11.5455054, 48.12938011], [11.54556952, 48.1294819], [11.54635882, 48.13034139], [11.54661895, 48.13048603], [11.54643905, 48.13080088], [11.54639788, 48.13093351], [11.54639101, 48.13096569], [11.54636604, 48.13103832], [11.54629445, 48.13121207], [11.546228, 48.13138511], [11.54618736, 48.13156521], [11.54619344, 48.13165266], [11.54623012, 48.13178691], [11.5462404, 48.13180838], [11.54628806, 48.1319148], [11.54635164, 48.13201381], [11.54643313, 48.13210669], [11.54653096, 48.1321925], [11.5466628, 48.13229428], [11.54678208, 48.13240284], [11.54688599, 48.13251823], [11.54697602, 48.13263906], [11.54704679, 48.13276551], [11.54710277, 48.13289523], [11.54713882, 48.13302739], [11.54715535, 48.1331191], [11.54716179, 48.13324225], [11.54716348, 48.13342221], [11.54716983, 48.1336021], [11.54718808, 48.13378092], [11.54721796, 48.13395974], [11.54727235, 48.13422707], [11.54728489, 48.1342836], [11.54731554, 48.13440504], [11.54734412, 48.13449963], [11.54736883, 48.13458144], [11.54743315, 48.13475608], [11.54750608, 48.13492931], [11.54757195, 48.13505675], [11.54765386, 48.13517986], [11.54775009, 48.13529843], [11.54783771, 48.13538908], [11.54793653, 48.13547435], [11.54804313, 48.13555516], [11.54815947, 48.13562999], [11.54828271, 48.13569926], [11.54841651, 48.13575932], [11.54948019, 48.13657044], [11.54972677, 48.13713707], [11.5497483, 48.1376804], [11.54979026, 48.13885361], [11.54860878, 48.13901452], [11.54732916, 48.13921106], [11.5469829, 48.13926758], [11.54696708, 48.13939308], [11.54700967, 48.13940727], [11.547135, 48.13954401], [11.5471393, 48.13954358], [11.5471703, 48.13957724], [11.54716612, 48.13957902], [11.54719381, 48.13960764], [11.54732463, 48.13973522], [11.5474785, 48.1398574], [11.54755282, 48.13991569], [11.54776481, 48.14008027], [11.5478294, 48.14013053], [11.54806561, 48.14031328], [11.54806763, 48.14031292], [11.54809211, 48.14033883], [11.54811001, 48.14036453], [11.54812416, 48.14039049], [11.54813426, 48.14041724], [11.54814219, 48.14044677], [11.54819382, 48.14076341], [11.54822329, 48.14078111], [11.54822909, 48.1407846], [11.54824214, 48.1408448], [11.54823103, 48.14084649], [11.54841771, 48.14197823], [11.54842183, 48.14200372], [11.5484339, 48.14207735], [11.54638259, 48.14223853], [11.54632866, 48.14224151], [11.54628225, 48.14224478], [11.54623732, 48.1422482], [11.54619333, 48.14225261], [11.54469816, 48.14236365], [11.54377193, 48.14243258], [11.54222716, 48.14254643], [11.54199103, 48.14256386]]]}}, {"type": "Feature", "properties": {"ref": "3", "name": "Maxvorstadt"}, "geometry": {"type": "Polygon", "coordinates": [[[11.5639961, 48.15692815], [11.56376045, 48.15694773], [11.562368, 48.15716405], [11.56210856, 48.15721163], [11.56074409, 48.15748426], [11.56063337, 48.15751934], [11.56050996, 48.15756476], [11.56004248, 48.15763436], [11.55598808, 48.15543137], [11.55401985, 48.15435372], [11.5538389, 48.15427036], [11.55366244, 48.15418912], [11.54947296, 48.15189658], [11.54892832, 48.15111474], [11.54889071, 48.15107155], [11.54884432, 48.15102183], [11.54816972, 48.15002836], [11.5479697, 48.14957373], [11.54675724, 48.14981439], [11.54563345, 48.14883119], [11.54557761, 48.1487719], [11.54547549, 48.14866866], [11.54333316, 48.14682911], [11.54293168, 48.14648151], [11.54256963, 48.14626327], [11.54225232, 48.14599095], [11.5415765, 48.1453072], [11.54143222, 48.1451437], [11.54132212, 48.14501806], [11.54030514, 48.14400544], [11.54019638, 48.14389574], [11.53970947, 48.14342096], [11.53959936, 48.14341435], [11.53927451, 48.14340352], [11.53922767, 48.14332161], [11.5389995, 48.14292252], [11.53892564, 48.14279337], [11.53917129, 48.14277403], [11.54065592, 48.14265689], [11.54199103, 48.14256386], [11.54222716, 48.14254643], [11.54377193, 48.14243258], [11.54469816, 48.14236365], [11.54619333, 48.14225261], [11.54623732, 48.1422482], [11.54628225, 48.14224478], [11.54632866, 48.14224151], [11.54638259, 48.14223853], [11.5484339, 48.14207735], [11.54844038, 48.14211757], [11.54845059, 48.14211681], [11.54846602, 48.14221193], [11.54850066, 48.14242653], [11.54855571, 48.14276627], [11.54856399, 48.14281765], [11.54853448, 48.14284246], [11.5486178, 48.14334355], [11.54857563, 48.14338529], [11.54853875, 48.14342184], [11.54842521, 48.1435088], [11.548484, 48.14362924], [11.55051093, 48.14317051], [11.55577148, 48.1420825], [11.55616233, 48.14205007], [11.55684278, 48.14199679], [11.56073758, 48.14115831], [11.56112575, 48.14104909], [11.5614382, 48.14096795], [11.56566323, 48.13964453], [11.56643165, 48.14024242], [11.5668227, 48.14038528], [11.56688853, 48.14040933], [11.56802325, 48.14082388], [11.56934855, 48.14171765], [11.57277269, 48.14280973], [11.57378133, 48.14340628], [11.57557904, 48.14303168], [11.5773149, 48.14266812], [11.57745018, 48.14264037], [11.5775957, 48.14261062], [11.57781353, 48.1430792], [11.57837155, 48.14426989], [11.58190708, 48.14351682], [11.58344871, 48.14318375], [11.58355828, 48.14347006], [11.58363432, 48.14366908], [11.58366446, 48.14374771], [11.58367143, 48.14376599], [11.58373774, 48.14393942], [11.58374077, 48.14394734], [11.5837605, 48.14399921], [11.5837694, 48.14402937], [11.5837736, 48.14405681], [11.58377414, 48.144085], [11.58377023, 48.14410698], [11.58374641, 48.144156], [11.58370377, 48.14419892], [11.58370271, 48.14421268], [11.58385813, 48.14418835], [11.58385877, 48.14419258], [11.58392594, 48.14417898], [11.58394174, 48.14421315], [11.58398633, 48.14431279], [11.58404184, 48.14443578], [11.58416864, 48.14441113], [11.58416539, 48.14444708], [11.58416561, 48.14446875], [11.58416916, 48.14451129], [11.58417142, 48.14453162], [11.58417442, 48.14455869], [11.5841867, 48.14465027], [11.58419772, 48.14473306], [11.58419835, 48.14473801], [11.58421596, 48.14485347], [11.58423809, 48.14497452], [11.58426574, 48.14511024], [11.58427301, 48.14514192], [11.58429052, 48.14521896], [11.58430081, 48.14525982], [11.5843176, 48.14532652], [11.58432865, 48.14533924], [11.58434255, 48.14534945], [11.58436118, 48.14535572], [11.58437971, 48.14535687], [11.58441605, 48.1454491], [11.58441462, 48.14547607], [11.58441757, 48.14549389], [11.58442829, 48.14553115], [11.58449032, 48.14573584], [11.58449544, 48.14575016], [11.58463047, 48.14605919], [11.58467499, 48.14615729], [11.58478987, 48.14641346], [11.58491701, 48.14669729], [11.58499022, 48.14686693], [11.58501749, 48.1469361], [11.5850717, 48.14714524], [11.58510485, 48.14726713], [11.58513545, 48.14743801], [11.58516204, 48.14762246], [11.58517843, 48.14780787], [11.58518728, 48.14807656], [11.58518653, 48.14829817], [11.58517932, 48.14841111], [11.58517198, 48.14852405], [11.58516923, 48.14858105], [11.58515499, 48.1486961], [11.58513867, 48.14885315], [11.58510945, 48.14901008], [11.58508152, 48.14912474], [11.58503829, 48.14926962], [11.58502034, 48.14931245], [11.58487379, 48.14974645], [11.58486878, 48.1497682], [11.58484051, 48.14987132], [11.58485946, 48.14988771], [11.58487542, 48.14990073], [11.58491663, 48.14993329], [11.58495717, 48.14996419], [11.58502046, 48.1500123], [11.58508202, 48.15005975], [11.5853686, 48.15002182], [11.58570317, 48.14997705], [11.58578132, 48.14997195], [11.58583412, 48.14997431], [11.58589452, 48.14998407], [11.5859137, 48.14998782], [11.58593528, 48.14999492], [11.5859887, 48.15001939], [11.58604443, 48.15005889], [11.58606769, 48.15007552], [11.58614058, 48.15014069], [11.58622041, 48.15022938], [11.58694799, 48.15137076], [11.5869616, 48.15136622], [11.58696308, 48.15144906], [11.58698351, 48.15151548], [11.58702025, 48.1515787], [11.58717073, 48.15172415], [11.58768338, 48.15215517], [11.58773823, 48.15220313], [11.58794932, 48.15241414], [11.58806893, 48.15260325], [11.58819238, 48.15285095], [11.58818408, 48.15286252], [11.58799705, 48.15312211], [11.58790716, 48.15320578], [11.58780758, 48.15324004], [11.58771676, 48.15327111], [11.58769871, 48.15327726], [11.58599046, 48.15248969], [11.58572721, 48.15233882], [11.58543114, 48.1520808], [11.58526291, 48.15170119], [11.58513091, 48.1517218], [11.58512971, 48.15172199], [11.58482882, 48.15176912], [11.58482673, 48.15176201], [11.58459406, 48.15179974], [11.58445878, 48.15182895], [11.58352141, 48.15197073], [11.58246965, 48.15218389], [11.58232893, 48.15221149], [11.58222072, 48.15213403], [11.58213165, 48.15210772], [11.58205425, 48.15210439], [11.5819861, 48.15212061], [11.58192239, 48.15216834], [11.58185781, 48.15230701], [11.58174317, 48.15233184], [11.58175896, 48.15240657], [11.58179042, 48.15247351], [11.58207812, 48.15308747], [11.58214808, 48.15323668], [11.58223424, 48.15321893], [11.58241601, 48.1535962], [11.58252361, 48.15383188], [11.58252626, 48.15383693], [11.58264182, 48.15406269], [11.58265252, 48.1540853], [11.5826827, 48.15414892], [11.58088598, 48.15448898], [11.57928764, 48.15468092], [11.57885938, 48.15472783], [11.57682472, 48.15495215], [11.57631657, 48.15501189], [11.5760766, 48.15502816], [11.57549981, 48.15512566], [11.57535568, 48.15515928], [11.57515426, 48.15520714], [11.57085217, 48.1564433], [11.57072614, 48.15648018], [11.57060373, 48.15651613], [11.57011845, 48.15659536], [11.56876044, 48.15669415], [11.56859086, 48.1567136], [11.56811295, 48.15677052], [11.56602987, 48.15679994], [11.56574438, 48.15678389], [11.5639961, 48.15692815]]]}}, {"type": "Feature", "properties": {"ref": "6", "name": "Sendling"}, "geometry": {"type": "Polygon", "coordinates": [[[11.53666136, 48.12938711], [11.53652613, 48.12947435], [11.53624978, 48.12961275], [11.5357022, 48.12986691], [11.53567212, 48.12988091], [11.53542436, 48.12985546], [11.53545032, 48.12983586], [11.53547671, 48.12981492], [11.53557288, 48.12974021], [11.53570915, 48.1296285], [11.53579293, 48.12955787], [11.53583558, 48.12952117], [11.53586821, 48.12949297], [11.53597185, 48.12940024], [11.53602064, 48.12935476], [11.53606184, 48.12931635], [11.53614128, 48.12923916], [11.53622436, 48.1291571], [11.53630095, 48.12907952], [11.53637214, 48.12900497], [11.53642695, 48.12894484], [11.53650523, 48.12885829], [11.53651731, 48.12884512], [11.53659562, 48.12875373], [11.53660472, 48.12874307], [11.53664138, 48.12869987], [11.53665794, 48.12868034], [11.53672086, 48.12860126], [11.53677918, 48.12852675], [11.53685264, 48.12842733], [11.53690871, 48.12834933], [11.53694954, 48.12829141], [11.53698873, 48.12823501], [11.53704792, 48.1281474], [11.53710035, 48.12806651], [11.53714996, 48.12798686], [11.53718707, 48.12792513], [11.53723716, 48.12783881], [11.53726911, 48.12778047], [11.53730121, 48.12772133], [11.53734669, 48.12763472], [11.53737077, 48.12758463], [11.53738171, 48.12756272], [11.53740005, 48.12752403], [11.53741703, 48.12748821], [11.53746593, 48.12738381], [11.53748815, 48.12733362], [11.5375093, 48.12728306], [11.53752963, 48.12723233], [11.53754902, 48.1271824], [11.53756729, 48.12713669], [11.53758477, 48.12708828], [11.53760214, 48.12703655], [11.53761763, 48.12698482], [11.53763081, 48.1269382], [11.53763241, 48.12693866], [11.5376403, 48.12692817], [11.53771659, 48.12662199], [11.53773145, 48.12658059], [11.5377507, 48.12651609], [11.53775906, 48.12648258], [11.53777091, 48.1264194], [11.53777813, 48.1263786], [11.53778763, 48.12632207], [11.53779736, 48.12625636], [11.53780802, 48.12617699], [11.5378126, 48.12613095], [11.53781723, 48.12607944], [11.53781987, 48.12603906], [11.53782418, 48.12597855], [11.53782667, 48.12592639], [11.53782807, 48.12587522], [11.53782936, 48.12582135], [11.53782959, 48.12578043], [11.53782942, 48.12573942], [11.53782898, 48.12572898], [11.53782789, 48.1256859], [11.53782602, 48.12563885], [11.53780882, 48.12564013], [11.53780625, 48.12561188], [11.53778863, 48.12553322], [11.53777485, 48.12547167], [11.53777295, 48.12546321], [11.53776661, 48.1254349], [11.53775393, 48.12526028], [11.53774461, 48.12517606], [11.53773789, 48.12517666], [11.5377278, 48.12508868], [11.53772221, 48.12502275], [11.53772171, 48.12500422], [11.53769845, 48.12482669], [11.53768464, 48.12469019], [11.53713731, 48.12212808], [11.53702052, 48.12156828], [11.53697106, 48.12157159], [11.53697086, 48.12156287], [11.53690508, 48.1212722], [11.53681731, 48.12087293], [11.53671889, 48.12043176], [11.53670305, 48.12035588], [11.53668941, 48.12028963], [11.53667627, 48.12022797], [11.5366621, 48.12016099], [11.53658783, 48.11980265], [11.53649406, 48.11941052], [11.53641292, 48.1190791], [11.53638781, 48.11894489], [11.53624864, 48.11826511], [11.53620172, 48.11806224], [11.53615799, 48.1178637], [11.53614309, 48.11780401], [11.53597187, 48.11701364], [11.53594266, 48.11687912], [11.53591586, 48.11674843], [11.53589504, 48.11663931], [11.53590208, 48.11629699], [11.53588364, 48.11598613], [11.53588639, 48.11546851], [11.53585073, 48.11440073], [11.5358898, 48.11403099], [11.53589235, 48.11297903], [11.53598433, 48.11252381], [11.53599066, 48.11224706], [11.53598818, 48.11220511], [11.53598733, 48.11186829], [11.5359878, 48.11172251], [11.53599431, 48.11147287], [11.53599677, 48.1112584], [11.53599674, 48.11121707], [11.5359845, 48.11088614], [11.53606435, 48.11088691], [11.53606316, 48.11080593], [11.53606039, 48.11061201], [11.53606417, 48.11041677], [11.53605617, 48.11033599], [11.53604683, 48.10985698], [11.53601326, 48.10985667], [11.53603012, 48.10910851], [11.53601605, 48.10888765], [11.53602141, 48.10848729], [11.5360933, 48.10589957], [11.53611518, 48.10512472], [11.53611144, 48.10485157], [11.53605689, 48.10381162], [11.53604908, 48.10360981], [11.53613228, 48.1036277], [11.53614699, 48.10363087], [11.53621468, 48.10364544], [11.53626511, 48.10365629], [11.5363168, 48.10366742], [11.5364125, 48.10368801], [11.53641438, 48.10368829], [11.53640461, 48.10363753], [11.53640062, 48.10361754], [11.53638975, 48.10356256], [11.53791361, 48.1036625], [11.53920649, 48.10378252], [11.54040095, 48.10393428], [11.54059407, 48.1039579], [11.54059977, 48.10391617], [11.54063913, 48.1037237], [11.54067199, 48.10359674], [11.54070261, 48.10350156], [11.54072547, 48.10343027], [11.54084837, 48.1030762], [11.5408551, 48.10305676], [11.54086281, 48.10303291], [11.54085645, 48.10302399], [11.54089374, 48.10290604], [11.54093219, 48.10277939], [11.54107444, 48.10232867], [11.54111867, 48.10217227], [11.54114121, 48.10208359], [11.54114897, 48.10204906], [11.54116121, 48.10199462], [11.54116656, 48.10196716], [11.54117162, 48.10194115], [11.5411768, 48.10188738], [11.54120193, 48.10188514], [11.54128842, 48.10188048], [11.54129686, 48.10221797], [11.54125244, 48.1028897], [11.54126783, 48.10300244], [11.5413626, 48.10313772], [11.54167164, 48.10338151], [11.54233812, 48.10388816], [11.54261088, 48.10411901], [11.54281466, 48.10432229], [11.54317623, 48.10474234], [11.54342742, 48.10501745], [11.54370832, 48.10519533], [11.5441229, 48.10541692], [11.54489873, 48.10541218], [11.54550102, 48.10532221], [11.54623825, 48.10529033], [11.54647618, 48.10526175], [11.54693775, 48.10517571], [11.54762876, 48.10500264], [11.54805364, 48.10572334], [11.54886359, 48.10551292], [11.54896531, 48.1054745], [11.54925728, 48.10536768], [11.55052576, 48.10495075], [11.55051327, 48.10493782], [11.55048542, 48.10491388], [11.55047716, 48.10490638], [11.55029025, 48.10474598], [11.55064208, 48.10463558], [11.55074403, 48.10460361], [11.55091715, 48.10454982], [11.55101483, 48.10466838], [11.55111606, 48.1047876], [11.55117858, 48.10486915], [11.55124955, 48.10496996], [11.55130781, 48.10506408], [11.55133065, 48.10510904], [11.55137916, 48.10519494], [11.55142523, 48.10528785], [11.55146997, 48.10538228], [11.55151792, 48.10550777], [11.55155308, 48.1056036], [11.55158559, 48.10570924], [11.55154018, 48.1057122], [11.55154687, 48.1057768], [11.55162769, 48.10622459], [11.55157436, 48.1062268], [11.55160096, 48.10663433], [11.55164646, 48.1066346], [11.55164757, 48.10664531], [11.55165576, 48.10664561], [11.55165908, 48.10671297], [11.55165931, 48.1067181], [11.5516817, 48.10675343], [11.55187146, 48.1067476], [11.55187121, 48.10674535], [11.55193325, 48.10674406], [11.55193472, 48.1067608], [11.55200804, 48.10675875], [11.55200738, 48.10674166], [11.55206674, 48.10673974], [11.55206631, 48.10674289], [11.55225916, 48.10673826], [11.55227559, 48.10671808], [11.55227339, 48.10669163], [11.55228024, 48.10669148], [11.55227977, 48.10668347], [11.55227225, 48.10668389], [11.55227116, 48.10666977], [11.55227935, 48.10666962], [11.55227781, 48.10666134], [11.55227136, 48.10666131], [11.55226933, 48.10664764], [11.55227753, 48.10664722], [11.55227581, 48.10661231], [11.55227245, 48.10661239], [11.55226897, 48.10661139], [11.5522667, 48.10660949], [11.55226605, 48.10660706], [11.55226674, 48.10660508], [11.55226836, 48.10660347], [11.55227079, 48.1066024], [11.55227361, 48.10660196], [11.55227657, 48.10660233], [11.55227402, 48.10657021], [11.55235182, 48.10656673], [11.55248059, 48.10647765], [11.55247059, 48.1063903], [11.55245618, 48.10633288], [11.55233615, 48.105945], [11.55257164, 48.10583827], [11.55299025, 48.1056485], [11.55304671, 48.10562345], [11.55305537, 48.10562343], [11.55305777, 48.10561792], [11.55339118, 48.10546829], [11.55361669, 48.10536634], [11.55368491, 48.10539377], [11.55393663, 48.10545738], [11.55400403, 48.10545989], [11.55395992, 48.10543615], [11.55369515, 48.10532933], [11.55374149, 48.10530831], [11.55403511, 48.10517519], [11.55423219, 48.10508582], [11.55434396, 48.10514352], [11.55437248, 48.10512213], [11.55427402, 48.10506232], [11.55494768, 48.10476065], [11.55505226, 48.10471382], [11.5551289, 48.1046795], [11.55563294, 48.10445369], [11.55617076, 48.10478233], [11.55702623, 48.10531845], [11.55717678, 48.10541256], [11.55727656, 48.1054732], [11.55751939, 48.10562435], [11.55754127, 48.10564081], [11.55930214, 48.10674518], [11.55948071, 48.10685684], [11.55961851, 48.10694729], [11.55972257, 48.10701342], [11.55991279, 48.10714912], [11.56009245, 48.10728725], [11.5602752, 48.10744104], [11.56044547, 48.10760206], [11.56049631, 48.10764147], [11.56057302, 48.1077183], [11.56084248, 48.10801866], [11.56099895, 48.10822741], [11.56105278, 48.10830793], [11.56116759, 48.10847863], [11.56122649, 48.10857825], [11.5612801, 48.1086675], [11.5613314, 48.10876078], [11.56137199, 48.10884979], [11.56141027, 48.10894183], [11.56157889, 48.10936237], [11.56160279, 48.1094434], [11.56162212, 48.10952362], [11.56164424, 48.10963919], [11.56165356, 48.1096958], [11.56166726, 48.10985118], [11.56167278, 48.10997827], [11.56167184, 48.11007753], [11.56166677, 48.11015645], [11.56164461, 48.11034757], [11.56163105, 48.11042495], [11.56158449, 48.11065013], [11.56155269, 48.1107626], [11.56152141, 48.11089215], [11.56138324, 48.11140804], [11.56133456, 48.1115978], [11.56116015, 48.11225245], [11.56114442, 48.11231642], [11.56113364, 48.11235182], [11.56111338, 48.11244429], [11.56108008, 48.11258073], [11.56106369, 48.11264791], [11.56103037, 48.11274374], [11.56102863, 48.11274875], [11.56099897, 48.11283437], [11.56098415, 48.11288323], [11.56097105, 48.11292646], [11.56095004, 48.1130111], [11.56092703, 48.11315744], [11.56091579, 48.11327782], [11.56091551, 48.11337415], [11.56089842, 48.11394719], [11.56089835, 48.11399945], [11.56089622, 48.11402678], [11.56089225, 48.11418827], [11.56087031, 48.11481915], [11.56085624, 48.11520557], [11.56085655, 48.11535695], [11.56085868, 48.11548422], [11.56088155, 48.11585474], [11.56088943, 48.11590674], [11.56089638, 48.11594192], [11.56090508, 48.11597693], [11.56091539, 48.11601168], [11.56092746, 48.11604626], [11.56094115, 48.11608058], [11.56095816, 48.11611968], [11.56102461, 48.11623893], [11.56108904, 48.11634171], [11.56112206, 48.1163904], [11.56119842, 48.11649098], [11.56126706, 48.1165686], [11.56132021, 48.11662114], [11.56226842, 48.11753537], [11.56229801, 48.11756192], [11.56229612, 48.11756335], [11.56244469, 48.11770306], [11.56241076, 48.11774485], [11.56249234, 48.11781792], [11.56251208, 48.11783383], [11.5625083, 48.11783615], [11.56250586, 48.11783911], [11.56250489, 48.11784243], [11.56250553, 48.11784576], [11.56250779, 48.11784883], [11.56251444, 48.11785596], [11.56199288, 48.118107], [11.56198167, 48.11809833], [11.56197619, 48.11809633], [11.56197002, 48.11809541], [11.56196384, 48.11809583], [11.56195805, 48.11809734], [11.56195306, 48.11809993], [11.56194954, 48.11810333], [11.56194762, 48.11810737], [11.56194745, 48.11811151], [11.56194903, 48.11811556], [11.56195768, 48.1181244], [11.5617207, 48.1182393], [11.56169986, 48.11824921], [11.56143356, 48.11837597], [11.56142917, 48.11837145], [11.56142329, 48.11836775], [11.56141619, 48.11836529], [11.56140828, 48.1183641], [11.56140022, 48.11836434], [11.56139442, 48.11836692], [11.56138969, 48.11837041], [11.56138669, 48.11837463], [11.56138531, 48.11837921], [11.56138594, 48.11838389], [11.56139647, 48.11839346], [11.56135282, 48.11841434], [11.56098784, 48.11858829], [11.56087214, 48.11864336], [11.56086881, 48.11863939], [11.56086414, 48.11863623], [11.56085838, 48.11863396], [11.56085181, 48.11863285], [11.56084509, 48.11863292], [11.56083863, 48.11863415], [11.56077286, 48.11864479], [11.56071245, 48.11867251], [11.55990525, 48.11904589], [11.55992694, 48.11908461], [11.55992394, 48.11908594], [11.55965569, 48.11921323], [11.55965372, 48.11921136], [11.55963067, 48.11922233], [11.55956554, 48.11925365], [11.55948062, 48.11929433], [11.55941074, 48.11932781], [11.55935623, 48.11935503], [11.55829693, 48.11985437], [11.55705311, 48.12046012], [11.55646791, 48.12074157], [11.55497148, 48.12146113], [11.55424623, 48.12180203], [11.5540568, 48.12189109], [11.55256004, 48.12261109], [11.55074195, 48.12352001], [11.55026015, 48.1237716], [11.54985495, 48.12396968], [11.54913924, 48.12431409], [11.54903199, 48.12420068], [11.54889957, 48.12426429], [11.54883728, 48.12429057], [11.54882028, 48.12429842], [11.54866319, 48.12437398], [11.54850663, 48.12444819], [11.54849647, 48.12444149], [11.5472172, 48.12505254], [11.54581719, 48.12572666], [11.54574703, 48.12575975], [11.54566243, 48.1258018], [11.54557313, 48.1258464], [11.54549432, 48.12588579], [11.54549015, 48.12587165], [11.54539379, 48.12587911], [11.54488138, 48.12610141], [11.5447159, 48.12610182], [11.54444353, 48.1261229], [11.54445907, 48.12620508], [11.54436574, 48.12623014], [11.54430195, 48.1262413], [11.5442113, 48.12631324], [11.54419783, 48.12637099], [11.54418184, 48.12643948], [11.54416982, 48.12649331], [11.54415165, 48.12650204], [11.54405715, 48.12654747], [11.54404055, 48.12655541], [11.54379384, 48.12667417], [11.54317684, 48.12697987], [11.54268363, 48.12722436], [11.54213095, 48.12749185], [11.54191754, 48.12759612], [11.54123438, 48.12791258], [11.54092322, 48.12804099], [11.54038285, 48.12825143], [11.54022977, 48.12830549], [11.53966357, 48.12850547], [11.53964443, 48.12851223], [11.53945237, 48.12857668], [11.5392375, 48.12864905], [11.5389523, 48.1287456], [11.53891895, 48.128705], [11.53891364, 48.12869841], [11.53879573, 48.12873267], [11.53867343, 48.12876819], [11.53865362, 48.12877386], [11.53866215, 48.1288864], [11.5384473, 48.12895453], [11.53834317, 48.12898821], [11.53827784, 48.12900945], [11.53818773, 48.12903877], [11.53728873, 48.12934374], [11.53728496, 48.12934499], [11.53720066, 48.12933754], [11.53717958, 48.12933574], [11.53714925, 48.12933302], [11.53712724, 48.12933113], [11.53705544, 48.12932482], [11.53666136, 48.12938711]]]}}, {"type": "Feature", "properties": {"ref": "17", "name": "Obergiesing-Fasangarten"}, "geometry": {"type": "Polygon", "coordinates": [[[11.5980396, 48.1225857], [11.59805083, 48.12259302], [11.59788398, 48.12276594], [11.59783954, 48.12281518], [11.59781882, 48.12278543], [11.59780118, 48.12277341], [11.59778283, 48.12276679], [11.59732428, 48.12259499], [11.59662616, 48.12237709], [11.59587883, 48.12216558], [11.59502021, 48.12193018], [11.59497365, 48.12195718], [11.59431263, 48.12184538], [11.593723, 48.12174409], [11.59373311, 48.12172281], [11.59269812, 48.12154019], [11.59174831, 48.1213704], [11.59168046, 48.12135819], [11.59061505, 48.12117124], [11.58779332, 48.12066272], [11.58763116, 48.12063426], [11.58523626, 48.12020877], [11.58512976, 48.12018934], [11.58507772, 48.12017981], [11.5848045, 48.12012953], [11.58472501, 48.12015801], [11.58448061, 48.12008299], [11.58440797, 48.12006295], [11.58427304, 48.12003749], [11.58329312, 48.11987198], [11.58330532, 48.11984199], [11.58316663, 48.11981704], [11.58251288, 48.11969916], [11.58247318, 48.11969199], [11.58246366, 48.11972181], [11.58238504, 48.11971028], [11.58235097, 48.11970458], [11.58224104, 48.11968463], [11.58214696, 48.11966759], [11.58212362, 48.11966373], [11.58160013, 48.11957089], [11.58158922, 48.11955574], [11.58157951, 48.11955465], [11.58147121, 48.11953998], [11.58127537, 48.11950957], [11.58105798, 48.11947127], [11.58069633, 48.11940375], [11.58047053, 48.11935944], [11.58034797, 48.11933417], [11.58004102, 48.1192623], [11.57975845, 48.11919151], [11.5793917, 48.1190957], [11.57930693, 48.1190707], [11.57926259, 48.11905637], [11.57875732, 48.11890804], [11.57801433, 48.11869743], [11.57799216, 48.11868711], [11.57797599, 48.1186764], [11.57796095, 48.11866233], [11.57795206, 48.11865037], [11.57750836, 48.11858358], [11.57749159, 48.11858109], [11.5774868, 48.11863999], [11.57748276, 48.11868872], [11.57746936, 48.11868534], [11.57744403, 48.11867905], [11.57736054, 48.11865824], [11.57730667, 48.11864483], [11.57728522, 48.11863953], [11.57725292, 48.11863141], [11.57709622, 48.11859237], [11.57714402, 48.1185081], [11.57717832, 48.11827755], [11.57719283, 48.11816288], [11.57709422, 48.11763418], [11.57688598, 48.1162605], [11.5767506, 48.11588208], [11.57663189, 48.11591355], [11.57661355, 48.11590683], [11.57655904, 48.11588714], [11.5764549, 48.11575979], [11.57641071, 48.11571189], [11.57637799, 48.11567589], [11.57626215, 48.1155745], [11.57622304, 48.1155464], [11.57618135, 48.11552009], [11.57598183, 48.11537772], [11.57595207, 48.11535648], [11.57584486, 48.11527596], [11.57579486, 48.11523377], [11.57574729, 48.11518998], [11.57570429, 48.1151445], [11.57566628, 48.11509687], [11.57559444, 48.11500019], [11.57556764, 48.11497698], [11.5754984, 48.11486989], [11.57546684, 48.11481933], [11.57540763, 48.11471713], [11.57534936, 48.11461457], [11.57529378, 48.11451167], [11.57526949, 48.11445934], [11.57524789, 48.11440639], [11.57521903, 48.1143239], [11.57520687, 48.11430029], [11.57517278, 48.11425061], [11.57506351, 48.11410336], [11.57500666, 48.11402643], [11.57490188, 48.11391317], [11.57485995, 48.11386607], [11.57481843, 48.1138188], [11.57477449, 48.11377223], [11.57473782, 48.11372335], [11.57470519, 48.11367304], [11.57465255, 48.11357652], [11.57460023, 48.11347461], [11.57454293, 48.11337376], [11.57448279, 48.1132737], [11.57441955, 48.11317247], [11.57438732, 48.11312208], [11.57435321, 48.1130724], [11.57433739, 48.11305201], [11.57392337, 48.11262132], [11.57373923, 48.11236484], [11.57369248, 48.11221146], [11.57379859, 48.11198486], [11.57447419, 48.11193615], [11.57571834, 48.11169974], [11.57612977, 48.11159063], [11.57643953, 48.11150873], [11.57706607, 48.11125138], [11.5776139, 48.11092375], [11.57800875, 48.11058637], [11.57813419, 48.1104399], [11.57841109, 48.11011711], [11.57897216, 48.10932654], [11.57984189, 48.10758128], [11.58026433, 48.10691796], [11.58065928, 48.10641921], [11.58132693, 48.10573938], [11.58194681, 48.10497543], [11.58212677, 48.10470967], [11.58224297, 48.10452494], [11.58155658, 48.10432746], [11.58162679, 48.10420238], [11.58215969, 48.10323786], [11.58171064, 48.09935627], [11.58164148, 48.09886727], [11.58163856, 48.09876185], [11.58165793, 48.0986987], [11.5817121, 48.09861855], [11.5819781, 48.09833599], [11.58215969, 48.09841368], [11.58492421, 48.09959276], [11.58517737, 48.09970076], [11.58651931, 48.09750722], [11.58819877, 48.09478421], [11.58829904, 48.09462638], [11.5882084, 48.09461091], [11.58815981, 48.09458818], [11.5881363, 48.09457718], [11.58808066, 48.09455116], [11.58805764, 48.09454226], [11.58795739, 48.09450368], [11.58704861, 48.09415444], [11.58647466, 48.09393374], [11.58558891, 48.09359296], [11.58557205, 48.09358642], [11.58556439, 48.09358348], [11.58548613, 48.09355312], [11.58542095, 48.09352789], [11.58546012, 48.09351444], [11.58553927, 48.09348737], [11.58567161, 48.09345618], [11.58580995, 48.09344857], [11.58594795, 48.09346355], [11.58608125, 48.09349345], [11.58620135, 48.09353183], [11.58631495, 48.09357916], [11.58642028, 48.09363539], [11.58692153, 48.09387687], [11.58734806, 48.09355521], [11.58750215, 48.09350011], [11.58771432, 48.09347718], [11.58802317, 48.09350117], [11.58822571, 48.09354309], [11.58837793, 48.09352728], [11.58855999, 48.09343016], [11.58883582, 48.09293414], [11.58891209, 48.09279846], [11.58882953, 48.09278081], [11.58886013, 48.09273218], [11.58894124, 48.09274623], [11.58907001, 48.09251355], [11.58930359, 48.09209035], [11.58951279, 48.0917143], [11.58976026, 48.09126703], [11.58999296, 48.09084256], [11.59022815, 48.09042106], [11.59047277, 48.08997773], [11.59069443, 48.08958379], [11.5909205, 48.08917601], [11.59101569, 48.08900439], [11.59104183, 48.08895745], [11.5911618, 48.08874111], [11.59139124, 48.08833003], [11.59161724, 48.08791002], [11.59183434, 48.08748529], [11.59202991, 48.08705212], [11.59218441, 48.0866762], [11.59223241, 48.08635896], [11.59224963, 48.08608065], [11.59232666, 48.0856627], [11.59253554, 48.08524261], [11.59262065, 48.08506999], [11.59291253, 48.08504177], [11.59311768, 48.085022], [11.59361578, 48.08497392], [11.59382494, 48.08504059], [11.59451545, 48.08526072], [11.59443824, 48.08536773], [11.5943275, 48.08551744], [11.59452428, 48.08557261], [11.59443851, 48.08571208], [11.59468076, 48.08580351], [11.59472423, 48.08581994], [11.59484808, 48.08566235], [11.59492525, 48.08556406], [11.59503316, 48.08542676], [11.59508071, 48.08543997], [11.59538647, 48.08552387], [11.59559085, 48.08557951], [11.59597969, 48.08569851], [11.59643778, 48.08578553], [11.59691039, 48.08583174], [11.59741513, 48.08583827], [11.59770854, 48.0858712], [11.59788645, 48.08593403], [11.59804584, 48.08606135], [11.59813889, 48.0863378], [11.59818639, 48.08644491], [11.59828371, 48.08653123], [11.59836224, 48.08658278], [11.59840013, 48.08659568], [11.59854591, 48.08664575], [11.59966224, 48.08688705], [11.60177553, 48.08734331], [11.60312198, 48.08557307], [11.60313444, 48.08557671], [11.60352924, 48.08506191], [11.60424595, 48.08542287], [11.60470987, 48.08568889], [11.60592016, 48.08639176], [11.60651844, 48.08682091], [11.60707379, 48.08683038], [11.60712344, 48.08683118], [11.60718115, 48.08683246], [11.60721685, 48.08683321], [11.60743653, 48.08683818], [11.60750497, 48.08683968], [11.60752404, 48.08684011], [11.60760379, 48.08684193], [11.60762273, 48.08684231], [11.60770448, 48.086844], [11.60774959, 48.08684498], [11.60785321, 48.08684731], [11.60786462, 48.08684753], [11.60809772, 48.08685273], [11.60834157, 48.08685777], [11.60860484, 48.08686692], [11.60872074, 48.0868711], [11.60934214, 48.08689332], [11.6098189, 48.08692042], [11.60999689, 48.08693059], [11.61035392, 48.08695802], [11.61081008, 48.08699289], [11.61183735, 48.08709079], [11.61188389, 48.08709553], [11.61187634, 48.08713597], [11.61187129, 48.08716284], [11.61182839, 48.08739574], [11.61172008, 48.08775943], [11.61161249, 48.08809485], [11.61165315, 48.08809409], [11.61168873, 48.08809339], [11.61171491, 48.08809293], [11.61192614, 48.08808888], [11.61204269, 48.08808675], [11.6121238, 48.08808479], [11.61216233, 48.08808456], [11.61271082, 48.08807437], [11.61288253, 48.08806883], [11.6130612, 48.08806331], [11.61317329, 48.0880598], [11.61328537, 48.08805638], [11.61340095, 48.08805282], [11.6135623, 48.08804813], [11.61358351, 48.0880473], [11.61419217, 48.08802426], [11.61448756, 48.0880256], [11.61452943, 48.08802573], [11.61461923, 48.08802602], [11.61466836, 48.08802609], [11.6147105, 48.08802631], [11.61495371, 48.08803142], [11.61519598, 48.08803274], [11.61515258, 48.0883063], [11.61514611, 48.08834747], [11.61513246, 48.08843277], [11.61555071, 48.08844227], [11.61561284, 48.08844364], [11.61566827, 48.08844508], [11.61577366, 48.08844281], [11.61620451, 48.08843418], [11.61631406, 48.08843207], [11.61630467, 48.08846756], [11.61611396, 48.08918557], [11.61608634, 48.08928903], [11.61607169, 48.08934441], [11.61605664, 48.0894005], [11.616042, 48.08945597], [11.61602695, 48.08951251], [11.61601177, 48.0895695], [11.61599714, 48.08962488], [11.61596229, 48.08975564], [11.61586098, 48.09013676], [11.61578822, 48.0904106], [11.61578214, 48.09043333], [11.61565837, 48.09089963], [11.61562494, 48.09102517], [11.61561016, 48.09108096], [11.61557991, 48.09119497], [11.61552853, 48.0913884], [11.61545153, 48.09136136], [11.6153621, 48.09132994], [11.61532529, 48.09148753], [11.61548141, 48.0915574], [11.61531209, 48.09216718], [11.61530429, 48.09220659], [11.61528963, 48.09228026], [11.61505702, 48.09323899], [11.61503046, 48.0933482], [11.61486308, 48.09416031], [11.61484121, 48.09423625], [11.61483379, 48.0942619], [11.61479781, 48.09438641], [11.61467358, 48.09439257], [11.61466605, 48.09439281], [11.61427466, 48.09440498], [11.61350756, 48.09440433], [11.61296556, 48.09442549], [11.6126476, 48.09443783], [11.61197648, 48.0944521], [11.61197863, 48.09448799], [11.61172699, 48.09449268], [11.61108566, 48.09450464], [11.61071222, 48.09451155], [11.60979462, 48.09455248], [11.60960955, 48.09456075], [11.6095894, 48.09456167], [11.60945425, 48.09456167], [11.60891135, 48.09456549], [11.60883958, 48.09457132], [11.60875395, 48.09457827], [11.60832384, 48.09461335], [11.60825492, 48.09461887], [11.60798101, 48.0946744], [11.60764132, 48.09474326], [11.6073505, 48.09480218], [11.6070406, 48.09486499], [11.60702419, 48.09486827], [11.60680364, 48.09495174], [11.60668877, 48.09499521], [11.60657377, 48.09503871], [11.60633771, 48.09512803], [11.60611687, 48.09521138], [11.60594163, 48.09527779], [11.60588861, 48.09531232], [11.60569038, 48.09544157], [11.6054928, 48.09557046], [11.60530197, 48.09569474], [11.60513929, 48.09580085], [11.60506563, 48.0958489], [11.60506361, 48.09585051], [11.6049882, 48.09593147], [11.60485808, 48.09607044], [11.60472944, 48.09620779], [11.6046592, 48.09628247], [11.60459952, 48.0963464], [11.60458518, 48.09636182], [11.60446931, 48.09648563], [11.60434773, 48.09661572], [11.60424662, 48.09672402], [11.60421243, 48.0967901], [11.60413683, 48.09693627], [11.60406122, 48.09708261], [11.60396975, 48.09725939], [11.6038508, 48.09723893], [11.60382158, 48.09728245], [11.60310588, 48.09835649], [11.60255792, 48.09917811], [11.60241273, 48.09939544], [11.60196315, 48.10006692], [11.60193058, 48.10021278], [11.60151711, 48.10083554], [11.60096762, 48.10165585], [11.60041759, 48.10247627], [11.6001574, 48.1028804], [11.59990401, 48.10311469], [11.59983987, 48.1032478], [11.59977438, 48.1033837], [11.5998378, 48.10339831], [11.59983125, 48.10341214], [11.59968863, 48.10371384], [11.5996032, 48.1039123], [11.59950197, 48.10414753], [11.5994905, 48.10417231], [11.5994109, 48.10434417], [11.59930384, 48.10457539], [11.59936365, 48.10458738], [11.59917129, 48.10503336], [11.59905223, 48.10530978], [11.59894909, 48.10554875], [11.59875828, 48.10599118], [11.59867641, 48.10618125], [11.59836506, 48.10690364], [11.59825882, 48.10714997], [11.59822954, 48.10721759], [11.59822749, 48.10722145], [11.59818213, 48.10730949], [11.59814253, 48.10738637], [11.59816929, 48.10743342], [11.5981701, 48.10745006], [11.59805307, 48.10742653], [11.5979915, 48.10741417], [11.59788203, 48.10765932], [11.59786354, 48.10770621], [11.59776187, 48.10809061], [11.59760586, 48.10858644], [11.59747417, 48.10889032], [11.59738506, 48.1090883], [11.59722648, 48.10944521], [11.59719551, 48.10943908], [11.59697962, 48.10992579], [11.59701112, 48.10993193], [11.59696535, 48.11003493], [11.59649652, 48.11109652], [11.59649241, 48.11110604], [11.59640859, 48.11129636], [11.59630642, 48.11148738], [11.59601574, 48.11203085], [11.59582924, 48.11251772], [11.59579707, 48.11263162], [11.59576545, 48.11274337], [11.59570643, 48.11297826], [11.5956405, 48.11321997], [11.5955424, 48.1134712], [11.59548978, 48.11369396], [11.59546073, 48.11383677], [11.59543709, 48.1139671], [11.5954299, 48.11402599], [11.59542355, 48.11407858], [11.5954158, 48.1141433], [11.59539337, 48.11436787], [11.59537977, 48.11451125], [11.59537716, 48.11460539], [11.59536616, 48.11486464], [11.59537282, 48.11500562], [11.59537366, 48.1150235], [11.59532441, 48.11508701], [11.59526792, 48.11514985], [11.59526309, 48.11514966], [11.59525802, 48.11516259], [11.59526355, 48.11521055], [11.5952655, 48.11546419], [11.59529703, 48.11591692], [11.59535183, 48.11627721], [11.59541308, 48.11656003], [11.59542733, 48.11662565], [11.59550986, 48.11693777], [11.59561766, 48.11730825], [11.59565124, 48.11742402], [11.59568827, 48.11755105], [11.59575841, 48.11779123], [11.59586794, 48.11818321], [11.59592745, 48.11841655], [11.59595683, 48.11847044], [11.59596325, 48.11850617], [11.59598087, 48.11859671], [11.59600335, 48.1186862], [11.59600724, 48.11870447], [11.59600984, 48.11871626], [11.59601641, 48.11871763], [11.59601835, 48.11872762], [11.59601154, 48.11873884], [11.59601193, 48.11875872], [11.59606413, 48.11899158], [11.59611955, 48.11924281], [11.59612031, 48.11924938], [11.59617486, 48.11948899], [11.59620212, 48.11960925], [11.59629354, 48.12028416], [11.59630082, 48.12031521], [11.59630519, 48.12034059], [11.59632758, 48.12046891], [11.59638832, 48.12067995], [11.59656833, 48.12104081], [11.59665636, 48.12121732], [11.59668094, 48.12126678], [11.59668725, 48.12128335], [11.5967903, 48.12143692], [11.59685885, 48.12153707], [11.59692458, 48.12161751], [11.59697908, 48.12168757], [11.59708463, 48.12180798], [11.59712694, 48.1218583], [11.59716658, 48.12190952], [11.59723615, 48.12198118], [11.59743297, 48.12215439], [11.59756971, 48.12225363], [11.59772521, 48.12239584], [11.59793697, 48.12257042], [11.5979788, 48.12254557], [11.5980396, 48.1225857]]]}}, {"type": "Feature", "properties": {"ref": "5", "name": "Au-Haidhausen"}, "geometry": {"type": "Polygon", "coordinates": [[[11.59479181, 48.14170545], [11.59477821, 48.14167483], [11.59476529, 48.14167757], [11.59472087, 48.14158282], [11.59470836, 48.14158557], [11.59422305, 48.1404878], [11.59423638, 48.14048416], [11.59420644, 48.14041229], [11.59422175, 48.14039643], [11.59416809, 48.14032062], [11.59409884, 48.14022274], [11.59405127, 48.14015808], [11.59392221, 48.14000201], [11.59339716, 48.13940642], [11.59324988, 48.13925645], [11.59313916, 48.13915364], [11.59300515, 48.13903929], [11.5928808, 48.13894513], [11.59278791, 48.13888093], [11.59180433, 48.13827272], [11.59178454, 48.13826051], [11.59176502, 48.13824831], [11.59174537, 48.1382361], [11.59172571, 48.13822407], [11.59170605, 48.13821178], [11.59168653, 48.13819984], [11.59166634, 48.13818727], [11.59164642, 48.13817487], [11.59162664, 48.13816257], [11.59160726, 48.13815054], [11.59158747, 48.13813824], [11.59156743, 48.13812576], [11.59154778, 48.13811355], [11.59152853, 48.13810152], [11.59150915, 48.1380895], [11.59148898, 48.13807693], [11.5914696, 48.1380649], [11.59145624, 48.13805649], [11.59144996, 48.1380526], [11.59143031, 48.13804031], [11.59141054, 48.13802792], [11.5913909, 48.1380158], [11.59137192, 48.13800396], [11.591352, 48.13799166], [11.59134452, 48.13798695], [11.59133262, 48.13797954], [11.5913127, 48.13796714], [11.59129264, 48.13795465], [11.5912893, 48.13795257], [11.59127299, 48.13794244], [11.59125334, 48.13793022], [11.59123355, 48.13791783], [11.59121389, 48.13790561], [11.59119411, 48.1378934], [11.59117458, 48.13788128], [11.5911548, 48.13786897], [11.59113528, 48.13785676], [11.59111602, 48.13784482], [11.59109556, 48.13783207], [11.59107898, 48.13782175], [11.59106093, 48.13781053], [11.59105384, 48.1378061], [11.5910414, 48.13779832], [11.59102242, 48.13778656], [11.59100276, 48.13777434], [11.59098324, 48.13776222], [11.59096386, 48.1377501], [11.59094394, 48.13773779], [11.59092429, 48.13772549], [11.59090517, 48.13771364], [11.59088512, 48.13770115], [11.59086533, 48.13768885], [11.59084621, 48.13767691], [11.59082643, 48.13766461], [11.59080691, 48.13765259], [11.59078712, 48.13764011], [11.59076747, 48.137628], [11.59074795, 48.13761588], [11.59072829, 48.13760358], [11.59070877, 48.13759147], [11.59068899, 48.13757926], [11.59067976, 48.13757338], [11.5906696, 48.13756705], [11.59064995, 48.13755484], [11.59062976, 48.13754236], [11.59061064, 48.13753042], [11.59059099, 48.13751821], [11.59057133, 48.137506], [11.59055275, 48.13749442], [11.59053282, 48.13748211], [11.59051357, 48.13747008], [11.59049325, 48.13745759], [11.59047399, 48.13744565], [11.59045461, 48.13743362], [11.59043482, 48.1374214], [11.59041584, 48.13740964], [11.59039591, 48.13739761], [11.59037693, 48.13738594], [11.59035754, 48.13737418], [11.59033882, 48.13736287], [11.59032023, 48.13735174], [11.59030151, 48.13734053], [11.59028359, 48.13732985], [11.59026434, 48.13731819], [11.59024482, 48.13730643], [11.59019299, 48.13726767], [11.59018739, 48.1372628], [11.59029396, 48.13724232], [11.59034442, 48.1372326], [11.59052244, 48.13719832], [11.59052843, 48.13720193], [11.59053657, 48.13720323], [11.59054607, 48.1372011], [11.59055092, 48.13719734], [11.59055285, 48.13719249], [11.59073343, 48.13715771], [11.5907385, 48.1371625], [11.59093481, 48.13734712], [11.59112373, 48.13749831], [11.59213856, 48.13816069], [11.59222671, 48.13817683], [11.59232901, 48.1381861], [11.59234531, 48.13818157], [11.5923608, 48.13817587], [11.59237537, 48.13816918], [11.59238873, 48.13816158], [11.59240102, 48.13815308], [11.59241184, 48.13814377], [11.59242119, 48.13813373], [11.59242907, 48.13812314], [11.5924352, 48.1381121], [11.59243987, 48.13809989], [11.59244252, 48.13808731], [11.59244315, 48.13807472], [11.59244178, 48.13806203], [11.59243824, 48.13804961], [11.5924327, 48.13803754], [11.59221171, 48.13751956], [11.59225046, 48.13751215], [11.59220549, 48.13738985], [11.59217951, 48.13739479], [11.59217727, 48.13738957], [11.59217071, 48.13738712], [11.59214353, 48.13739232], [11.59210671, 48.13732835], [11.59205687, 48.13727899], [11.59188587, 48.13716346], [11.59176712, 48.13707848], [11.59173561, 48.13703753], [11.59170496, 48.13697095], [11.59162023, 48.13677516], [11.59158488, 48.13670869], [11.59154421, 48.136619], [11.59150966, 48.13657033], [11.59147012, 48.13652316], [11.59133982, 48.13638573], [11.59110551, 48.13614757], [11.59083342, 48.13588011], [11.59076605, 48.13581826], [11.5907094, 48.13576354], [11.5906459, 48.13570549], [11.59054972, 48.13562062], [11.59026355, 48.13539792], [11.58994485, 48.13518664], [11.58982345, 48.1351128], [11.58964045, 48.13501355], [11.58951471, 48.13494563], [11.58931515, 48.1348523], [11.58930538, 48.13484768], [11.58916896, 48.13480485], [11.58899667, 48.13479585], [11.58899239, 48.13479331], [11.58894906, 48.13476842], [11.58894492, 48.13476607], [11.58880589, 48.13474533], [11.58871301, 48.13474924], [11.5886389, 48.13475833], [11.58863292, 48.1347503], [11.58853942, 48.1347818], [11.58844908, 48.13466151], [11.58845196, 48.13465791], [11.58845092, 48.13465428], [11.58844669, 48.13465175], [11.58844151, 48.13465141], [11.58835073, 48.13453056], [11.5883541, 48.13452683], [11.58835304, 48.13452296], [11.58834867, 48.13452044], [11.58834302, 48.13452027], [11.58825237, 48.13439951], [11.58825565, 48.13439606], [11.58825485, 48.13439212], [11.58825015, 48.13438935], [11.58824466, 48.13438922], [11.58815334, 48.13426758], [11.58815734, 48.13426372], [11.58815588, 48.1342591], [11.58814986, 48.13425666], [11.58814353, 48.13425748], [11.58811289, 48.13421914], [11.58811639, 48.13421578], [11.58811558, 48.13421123], [11.58810998, 48.13420827], [11.58810384, 48.13420859], [11.58807283, 48.13417225], [11.5880766, 48.13416793], [11.58807533, 48.1341641], [11.58807015, 48.13416142], [11.58806378, 48.1341617], [11.58803262, 48.13412535], [11.58803625, 48.13412163], [11.58803493, 48.13411701], [11.58802925, 48.1341144], [11.58802357, 48.13411479], [11.58799254, 48.13407853], [11.58799625, 48.13407453], [11.58799503, 48.13407038], [11.58798969, 48.13406767], [11.58798348, 48.13406797], [11.58795166, 48.13403071], [11.58795494, 48.13402649], [11.58795317, 48.13402236], [11.58794791, 48.13402004], [11.58794179, 48.13402051], [11.58783055, 48.13390578], [11.5878335, 48.13390201], [11.58783169, 48.13389768], [11.58782618, 48.13389548], [11.58782096, 48.13389594], [11.58771158, 48.13378313], [11.58771378, 48.13377928], [11.58771181, 48.13377556], [11.58770805, 48.13377376], [11.58770252, 48.13377366], [11.58759293, 48.13366086], [11.58759577, 48.13365701], [11.58759388, 48.1336528], [11.58758918, 48.13365074], [11.58758347, 48.13365103], [11.58747421, 48.13353831], [11.58753985, 48.13351012], [11.58749895, 48.13346789], [11.58751028, 48.13346298], [11.5875291, 48.13346143], [11.58792716, 48.13346589], [11.58796399, 48.1334663], [11.58800308, 48.13346815], [11.58801436, 48.13346979], [11.58804872, 48.13347479], [11.58810407, 48.13349216], [11.58807218, 48.13341992], [11.58805275, 48.13337542], [11.58799397, 48.1333137], [11.5878107, 48.13311404], [11.5876387, 48.13291114], [11.58746061, 48.13272041], [11.58730321, 48.13252304], [11.58705796, 48.13230957], [11.58680468, 48.13206388], [11.58677263, 48.1320393], [11.58674412, 48.13202491], [11.58669319, 48.13202347], [11.58656834, 48.13189638], [11.58659512, 48.13189126], [11.58658576, 48.13186946], [11.58653012, 48.13174161], [11.58742451, 48.13156767], [11.58736904, 48.13144004], [11.587359, 48.13141787], [11.58736814, 48.13141638], [11.58734281, 48.13137311], [11.58731533, 48.13133038], [11.58728557, 48.13128809], [11.587272, 48.13127168], [11.58727026, 48.13127176], [11.58723737, 48.13123522], [11.58720234, 48.13119823], [11.58715847, 48.13115654], [11.58708264, 48.13109467], [11.58684555, 48.13091889], [11.58685892, 48.13090994], [11.58678507, 48.13085653], [11.58677293, 48.13086369], [11.58668961, 48.13080215], [11.5865551, 48.13070069], [11.58642207, 48.13060004], [11.58629032, 48.13049801], [11.58615989, 48.13039427], [11.58603104, 48.13029099], [11.58590358, 48.13018645], [11.58577643, 48.13008115], [11.58565129, 48.12997575], [11.58552749, 48.12986928], [11.58540447, 48.1297621], [11.58516332, 48.12954662], [11.58514959, 48.12953379], [11.58514305, 48.12952768], [11.58510404, 48.12949123], [11.5850788, 48.12946763], [11.5850688, 48.12945879], [11.58428759, 48.12875719], [11.58425421, 48.12872811], [11.58422677, 48.12870418], [11.58416286, 48.12865197], [11.58409475, 48.1286019], [11.58402405, 48.12855426], [11.58394997, 48.1285085], [11.58387241, 48.1284646], [11.58379404, 48.12842311], [11.58371284, 48.1283835], [11.58362988, 48.12834595], [11.58354511, 48.12831156], [11.58345696, 48.12827861], [11.58336678, 48.12824825], [11.58327458, 48.1282212], [11.58318115, 48.12819648], [11.58308583, 48.12817347], [11.58299019, 48.12815433], [11.58289239, 48.12813779], [11.58279281, 48.12812394], [11.58269445, 48.12811154], [11.58259417, 48.12810247], [11.58249413, 48.1280969], [11.58239501, 48.12809411], [11.5822944, 48.12809357], [11.58219228, 48.12809634], [11.58126724, 48.12812627], [11.58120166, 48.12812837], [11.58103114, 48.12813387], [11.58098374, 48.12813155], [11.58094631, 48.12812539], [11.58089241, 48.12811297], [11.58088792, 48.12811925], [11.58087828, 48.12811615], [11.58085671, 48.12810843], [11.58083609, 48.12809955], [11.5808306, 48.12809665], [11.58080497, 48.12808324], [11.58073173, 48.12804494], [11.58063478, 48.12799423], [11.58062903, 48.12799124], [11.58058128, 48.1279668], [11.58059214, 48.1279528], [11.58049823, 48.12790361], [11.58048807, 48.12791365], [11.58035529, 48.12785234], [11.58028928, 48.1278233], [11.58016943, 48.12777647], [11.57997823, 48.12771104], [11.57964771, 48.12760893], [11.57941439, 48.12753653], [11.57916257, 48.12745595], [11.579022, 48.12740985], [11.57895675, 48.12738705], [11.57889287, 48.12736272], [11.57888594, 48.12736014], [11.57884119, 48.12734346], [11.5787594, 48.12731115], [11.57869877, 48.12728692], [11.57863131, 48.12725988], [11.57857068, 48.12723286], [11.57843586, 48.12717445], [11.57832437, 48.12712225], [11.57817897, 48.12704966], [11.57801365, 48.12696173], [11.57784779, 48.12686011], [11.57784659, 48.12685876], [11.57782802, 48.12684789], [11.57782133, 48.12684409], [11.57782877, 48.12683855], [11.57781754, 48.12683158], [11.57771375, 48.12676851], [11.57761281, 48.12670613], [11.57760238, 48.12669971], [11.5776126, 48.12667939], [11.57760285, 48.12665898], [11.57761048, 48.12665083], [11.57760581, 48.12664173], [11.57741921, 48.12653765], [11.57723968, 48.12643924], [11.57646125, 48.12602551], [11.57534539, 48.12543507], [11.5753137, 48.12541814], [11.5752812, 48.12540138], [11.5752495, 48.12538434], [11.57521766, 48.12536713], [11.5746571, 48.12507011], [11.57462981, 48.12505607], [11.57383899, 48.12463857], [11.57380795, 48.124622], [11.57301216, 48.12420492], [11.57279147, 48.12408899], [11.57254648, 48.12394908], [11.57250622, 48.12392718], [11.57235533, 48.12383968], [11.57220953, 48.12376873], [11.5710506, 48.12314136], [11.56986166, 48.12251868], [11.56973098, 48.12245027], [11.56959601, 48.12237957], [11.56948678, 48.12232223], [11.56932687, 48.12221586], [11.56939398, 48.12218426], [11.56945483, 48.12214742], [11.5695085, 48.12210589], [11.56955421, 48.12206029], [11.56959129, 48.12201129], [11.56961918, 48.12195963], [11.56963746, 48.12190608], [11.56964585, 48.12185144], [11.56964436, 48.12179771], [11.5696333, 48.12174449], [11.56963134, 48.12173792], [11.5696231, 48.12171532], [11.56961252, 48.12169181], [11.56960145, 48.12167113], [11.56958952, 48.12165181], [11.57130665, 48.12112635], [11.57152523, 48.12103649], [11.57236291, 48.12069178], [11.57245399, 48.12065758], [11.57253886, 48.12062577], [11.57523564, 48.11952814], [11.57535148, 48.11949761], [11.57546043, 48.11946797], [11.57656051, 48.11901506], [11.57692473, 48.11881266], [11.57698954, 48.11876295], [11.57708369, 48.11861241], [11.57709622, 48.11859237], [11.57725292, 48.11863141], [11.57728522, 48.11863953], [11.57730667, 48.11864483], [11.57736054, 48.11865824], [11.57744403, 48.11867905], [11.57746936, 48.11868534], [11.57748276, 48.11868872], [11.5774868, 48.11863999], [11.57749159, 48.11858109], [11.57750836, 48.11858358], [11.57795206, 48.11865037], [11.57796095, 48.11866233], [11.57797599, 48.1186764], [11.57799216, 48.11868711], [11.57801433, 48.11869743], [11.57875732, 48.11890804], [11.57926259, 48.11905637], [11.57930693, 48.1190707], [11.5793917, 48.1190957], [11.57975845, 48.11919151], [11.58004102, 48.1192623], [11.58034797, 48.11933417], [11.58047053, 48.11935944], [11.58069633, 48.11940375], [11.58105798, 48.11947127], [11.58127537, 48.11950957], [11.58147121, 48.11953998], [11.58157951, 48.11955465], [11.58158922, 48.11955574], [11.58160013, 48.11957089], [11.58212362, 48.11966373], [11.58214696, 48.11966759], [11.58224104, 48.11968463], [11.58235097, 48.11970458], [11.58238504, 48.11971028], [11.58246366, 48.11972181], [11.58247318, 48.11969199], [11.58251288, 48.11969916], [11.58316663, 48.11981704], [11.58330532, 48.11984199], [11.58329312, 48.11987198], [11.58427304, 48.12003749], [11.58440797, 48.12006295], [11.58448061, 48.12008299], [11.58472501, 48.12015801], [11.5848045, 48.12012953], [11.58507772, 48.12017981], [11.58512976, 48.12018934], [11.58523626, 48.12020877], [11.58763116, 48.12063426], [11.58779332, 48.12066272], [11.59061505, 48.12117124], [11.59168046, 48.12135819], [11.59174831, 48.1213704], [11.59269812, 48.12154019], [11.59373311, 48.12172281], [11.593723, 48.12174409], [11.59431263, 48.12184538], [11.59497365, 48.12195718], [11.59502021, 48.12193018], [11.59587883, 48.12216558], [11.59662616, 48.12237709], [11.59732428, 48.12259499], [11.59778283, 48.12276679], [11.59780118, 48.12277341], [11.59781882, 48.12278543], [11.59783954, 48.12281518], [11.59788398, 48.12276594], [11.59805083, 48.12259302], [11.59813815, 48.122652], [11.59824127, 48.12272169], [11.5982581, 48.12273426], [11.59832104, 48.12277595], [11.59828484, 48.12279919], [11.59851411, 48.12293919], [11.59907326, 48.12328742], [11.59908488, 48.12329583], [11.59934238, 48.12346568], [11.60038444, 48.12411437], [11.60074288, 48.12426115], [11.60075969, 48.12427614], [11.60086277, 48.12425276], [11.60086476, 48.12425555], [11.60088564, 48.12430257], [11.6009136, 48.12436839], [11.60091921, 48.12438101], [11.60102905, 48.1243306], [11.60107972, 48.12437285], [11.60116211, 48.12444157], [11.60124251, 48.12449895], [11.60149189, 48.12466301], [11.60155348, 48.12468715], [11.60162569, 48.12471142], [11.60170478, 48.12473184], [11.60178589, 48.12475281], [11.60195646, 48.12479037], [11.60195636, 48.12480314], [11.60204449, 48.12481809], [11.60230317, 48.12485835], [11.6023109, 48.1248653], [11.60230362, 48.12490475], [11.60240991, 48.12491441], [11.60255909, 48.12492025], [11.60262909, 48.12491966], [11.60271013, 48.1249156], [11.60282723, 48.12490573], [11.60294261, 48.12489183], [11.60304298, 48.12487301], [11.60313999, 48.12485015], [11.60323718, 48.12482226], [11.6033181, 48.12479656], [11.60343437, 48.12487321], [11.60391659, 48.12519424], [11.60488092, 48.12583289], [11.60587262, 48.12648955], [11.605982, 48.12656167], [11.60660282, 48.12697121], [11.60676107, 48.12707554], [11.60741217, 48.12750424], [11.6081328, 48.12797941], [11.60837789, 48.12814087], [11.60870408, 48.12835554], [11.60882373, 48.12843426], [11.60898499, 48.12855394], [11.60909573, 48.12864938], [11.60921753, 48.12877463], [11.60931668, 48.12887729], [11.61028704, 48.12988195], [11.61090508, 48.13052824], [11.61097804, 48.13063089], [11.61100824, 48.13066902], [11.611043, 48.1307078], [11.61135623, 48.13102766], [11.61165235, 48.13133615], [11.61166594, 48.13135059], [11.61171405, 48.13140139], [11.61175192, 48.13145611], [11.6117622, 48.13149994], [11.61181233, 48.13147781], [11.61203601, 48.13170519], [11.61192663, 48.13174521], [11.61198542, 48.13178687], [11.61200199, 48.13179861], [11.61264186, 48.13225187], [11.61269905, 48.13229244], [11.61300576, 48.13246637], [11.61307986, 48.13250844], [11.6131573, 48.13255241], [11.61362688, 48.13277413], [11.61413152, 48.13301189], [11.61423439, 48.13305191], [11.61470601, 48.13323556], [11.61527378, 48.13341606], [11.61535916, 48.13344324], [11.61559729, 48.13350953], [11.61598231, 48.13361693], [11.61604425, 48.13363396], [11.61611909, 48.13364959], [11.61625644, 48.13367831], [11.61637183, 48.1336975], [11.61649666, 48.13371823], [11.61666378, 48.13374592], [11.61702868, 48.13379567], [11.61742398, 48.13383903], [11.61781349, 48.13386634], [11.61786346, 48.13386723], [11.61837133, 48.13387588], [11.61861104, 48.13388042], [11.61901421, 48.13386429], [11.61901885, 48.13392808], [11.6187126, 48.13493422], [11.61867208, 48.13503699], [11.61867002, 48.13504256], [11.61865168, 48.135089], [11.6185044, 48.13546274], [11.61803317, 48.13665952], [11.6180048, 48.13673163], [11.61820351, 48.13675253], [11.6181931, 48.13679692], [11.61880586, 48.13686166], [11.61965374, 48.13695097], [11.61985404, 48.13697207], [11.61980496, 48.13718836], [11.6197405, 48.13718357], [11.61960717, 48.13717232], [11.61947452, 48.13715954], [11.61942543, 48.13733963], [11.61938022, 48.13750538], [11.61937115, 48.13765911], [11.61936277, 48.13780999], [11.61935441, 48.13795855], [11.61934756, 48.13808849], [11.61700475, 48.13810347], [11.61464784, 48.13819213], [11.61301058, 48.13825365], [11.61086208, 48.13848578], [11.60900936, 48.1387596], [11.60749301, 48.13900919], [11.60652787, 48.13916763], [11.60651483, 48.13910781], [11.60647947, 48.13895493], [11.60647856, 48.13888209], [11.6064771, 48.13877508], [11.60645399, 48.13877438], [11.60644129, 48.13876624], [11.60644055, 48.1387567], [11.60642369, 48.13875212], [11.60641653, 48.13874092], [11.6064232, 48.13872959], [11.60643985, 48.13872468], [11.60645765, 48.13872985], [11.60646539, 48.13874177], [11.60647668, 48.13874162], [11.6064763, 48.13871941], [11.60630541, 48.13864478], [11.60530337, 48.13816713], [11.60501936, 48.13819845], [11.60488377, 48.13821301], [11.60475664, 48.13767098], [11.60462607, 48.13768759], [11.604611, 48.1376896], [11.60405176, 48.13776386], [11.60404472, 48.13775403], [11.6033157, 48.13795749], [11.6031758, 48.13799658], [11.60268914, 48.13813499], [11.60269211, 48.13816854], [11.60269314, 48.13818139], [11.60269333, 48.13818374], [11.60273364, 48.13818153], [11.60273164, 48.13819672], [11.6027332, 48.13830842], [11.6027339, 48.13832245], [11.602737, 48.13838887], [11.60273934, 48.13843893], [11.60273784, 48.13845988], [11.60273631, 48.13846581], [11.60276457, 48.13846033], [11.60277869, 48.13849429], [11.60271649, 48.13851197], [11.60257898, 48.13868868], [11.60264494, 48.13886294], [11.60268541, 48.13898657], [11.60271318, 48.13908254], [11.602733, 48.13919204], [11.6027654, 48.13932549], [11.60279253, 48.13942792], [11.60280813, 48.13942636], [11.60283751, 48.13953511], [11.60292832, 48.13977952], [11.60299148, 48.13992203], [11.60306419, 48.14009267], [11.60156739, 48.14040686], [11.60126435, 48.14047051], [11.60022365, 48.14068461], [11.60009824, 48.1407103], [11.59995415, 48.14073982], [11.59886179, 48.14096162], [11.59882269, 48.14087623], [11.59879774, 48.1408551], [11.59877195, 48.1408373], [11.59874225, 48.14082128], [11.59873555, 48.1408183], [11.59871922, 48.14081069], [11.59871266, 48.1408077], [11.59867769, 48.14079508], [11.59864297, 48.14078454], [11.59860326, 48.14077577], [11.59850064, 48.14077546], [11.59840197, 48.14077515], [11.59837774, 48.14078001], [11.59832924, 48.14079441], [11.59829689, 48.14080527], [11.59826965, 48.14081687], [11.59824252, 48.14083053], [11.59821646, 48.14084537], [11.5981924, 48.14086255], [11.59817223, 48.14088074], [11.59815437, 48.14089633], [11.59810903, 48.14093601], [11.59750149, 48.14105941], [11.59742636, 48.14107471], [11.59731407, 48.14109751], [11.59727248, 48.14110438], [11.59724961, 48.14110628], [11.59723051, 48.14110792], [11.59721116, 48.14110749], [11.59719007, 48.14110705], [11.59715032, 48.14110358], [11.5971118, 48.14109769], [11.5970729, 48.14108846], [11.59703618, 48.14107583], [11.59700216, 48.14106132], [11.59697151, 48.14104475], [11.5969433, 48.14102622], [11.59691728, 48.14100436], [11.5968965, 48.14098154], [11.59687762, 48.14095764], [11.59664644, 48.14053858], [11.5966017, 48.14048329], [11.59657632, 48.14046098], [11.59654468, 48.14043299], [11.59652515, 48.1404197], [11.59647874, 48.14038824], [11.59640348, 48.14035064], [11.59631998, 48.14032174], [11.59623078, 48.14030155], [11.59613829, 48.14028944], [11.59604424, 48.14028813], [11.59595093, 48.14029619], [11.59586037, 48.14031308], [11.59577522, 48.14034002], [11.59569753, 48.14037526], [11.5956297, 48.14041855], [11.59557203, 48.14046846], [11.59556049, 48.14048317], [11.59552845, 48.14052425], [11.59549976, 48.14058404], [11.59548503, 48.14064605], [11.59548709, 48.14070902], [11.59550448, 48.14077096], [11.59574926, 48.14130591], [11.59574815, 48.14132776], [11.59574082, 48.14133718], [11.59570377, 48.14138453], [11.5956959, 48.14139467], [11.59566693, 48.14140509], [11.59565911, 48.14139031], [11.59562829, 48.14139703], [11.59562617, 48.1413928], [11.59557247, 48.14140421], [11.59557445, 48.14140853], [11.59556072, 48.14141127], [11.59554255, 48.14141498], [11.59558563, 48.14150976], [11.59557446, 48.14151205], [11.59558847, 48.1415425], [11.59479181, 48.14170545]]]}}, {"type": "Feature", "properties": {"ref": "16", "name": "Ramersdorf-Perlach"}, "geometry": {"type": "Polygon", "coordinates": [[[11.60091921, 48.12438101], [11.6009136, 48.12436839], [11.60088564, 48.12430257], [11.60086476, 48.12425555], [11.60086277, 48.12425276], [11.60075969, 48.12427614], [11.60074288, 48.12426115], [11.60038444, 48.12411437], [11.59934238, 48.12346568], [11.59908488, 48.12329583], [11.59907326, 48.12328742], [11.59851411, 48.12293919], [11.59828484, 48.12279919], [11.59832104, 48.12277595], [11.5982581, 48.12273426], [11.59824127, 48.12272169], [11.59813815, 48.122652], [11.59805083, 48.12259302], [11.5980396, 48.1225857], [11.5979788, 48.12254557], [11.59793697, 48.12257042], [11.59772521, 48.12239584], [11.59756971, 48.12225363], [11.59743297, 48.12215439], [11.59723615, 48.12198118], [11.59716658, 48.12190952], [11.59712694, 48.1218583], [11.59708463, 48.12180798], [11.59697908, 48.12168757], [11.59692458, 48.12161751], [11.59685885, 48.12153707], [11.5967903, 48.12143692], [11.59668725, 48.12128335], [11.59668094, 48.12126678], [11.59665636, 48.12121732], [11.59656833, 48.12104081], [11.59638832, 48.12067995], [11.59632758, 48.12046891], [11.59630519, 48.12034059], [11.59630082, 48.12031521], [11.59629354, 48.12028416], [11.59620212, 48.11960925], [11.59617486, 48.11948899], [11.59612031, 48.11924938], [11.59611955, 48.11924281], [11.59606413, 48.11899158], [11.59601193, 48.11875872], [11.59601154, 48.11873884], [11.59601835, 48.11872762], [11.59601641, 48.11871763], [11.59600984, 48.11871626], [11.59600724, 48.11870447], [11.59600335, 48.1186862], [11.59598087, 48.11859671], [11.59596325, 48.11850617], [11.59595683, 48.11847044], [11.59592745, 48.11841655], [11.59586794, 48.11818321], [11.59575841, 48.11779123], [11.59568827, 48.11755105], [11.59565124, 48.11742402], [11.59561766, 48.11730825], [11.59550986, 48.11693777], [11.59542733, 48.11662565], [11.59541308, 48.11656003], [11.59535183, 48.11627721], [11.59529703, 48.11591692], [11.5952655, 48.11546419], [11.59526355, 48.11521055], [11.59525802, 48.11516259], [11.59526309, 48.11514966], [11.59526792, 48.11514985], [11.59532441, 48.11508701], [11.59537366, 48.1150235], [11.59537282, 48.11500562], [11.59536616, 48.11486464], [11.59537716, 48.11460539], [11.59537977, 48.11451125], [11.59539337, 48.11436787], [11.5954158, 48.1141433], [11.59542355, 48.11407858], [11.5954299, 48.11402599], [11.59543709, 48.1139671], [11.59546073, 48.11383677], [11.59548978, 48.11369396], [11.5955424, 48.1134712], [11.5956405, 48.11321997], [11.59570643, 48.11297826], [11.59576545, 48.11274337], [11.59579707, 48.11263162], [11.59582924, 48.11251772], [11.59601574, 48.11203085], [11.59630642, 48.11148738], [11.59640859, 48.11129636], [11.59649241, 48.11110604], [11.59649652, 48.11109652], [11.59696535, 48.11003493], [11.59701112, 48.10993193], [11.59697962, 48.10992579], [11.59719551, 48.10943908], [11.59722648, 48.10944521], [11.59738506, 48.1090883], [11.59747417, 48.10889032], [11.59760586, 48.10858644], [11.59776187, 48.10809061], [11.59786354, 48.10770621], [11.59788203, 48.10765932], [11.5979915, 48.10741417], [11.59805307, 48.10742653], [11.5981701, 48.10745006], [11.59816929, 48.10743342], [11.59814253, 48.10738637], [11.59818213, 48.10730949], [11.59822749, 48.10722145], [11.59822954, 48.10721759], [11.59825882, 48.10714997], [11.59836506, 48.10690364], [11.59867641, 48.10618125], [11.59875828, 48.10599118], [11.59894909, 48.10554875], [11.59905223, 48.10530978], [11.59917129, 48.10503336], [11.59936365, 48.10458738], [11.59930384, 48.10457539], [11.5994109, 48.10434417], [11.5994905, 48.10417231], [11.59950197, 48.10414753], [11.5996032, 48.1039123], [11.59968863, 48.10371384], [11.59983125, 48.10341214], [11.5998378, 48.10339831], [11.59977438, 48.1033837], [11.59983987, 48.1032478], [11.59990401, 48.10311469], [11.6001574, 48.1028804], [11.60041759, 48.10247627], [11.60096762, 48.10165585], [11.60151711, 48.10083554], [11.60193058, 48.10021278], [11.60196315, 48.10006692], [11.60241273, 48.09939544], [11.60255792, 48.09917811], [11.60310588, 48.09835649], [11.60382158, 48.09728245], [11.6038508, 48.09723893], [11.60396975, 48.09725939], [11.60406122, 48.09708261], [11.60413683, 48.09693627], [11.60421243, 48.0967901], [11.60424662, 48.09672402], [11.60434773, 48.09661572], [11.60446931, 48.09648563], [11.60458518, 48.09636182], [11.60459952, 48.0963464], [11.6046592, 48.09628247], [11.60472944, 48.09620779], [11.60485808, 48.09607044], [11.6049882, 48.09593147], [11.60506361, 48.09585051], [11.60506563, 48.0958489], [11.60513929, 48.09580085], [11.60530197, 48.09569474], [11.6054928, 48.09557046], [11.60569038, 48.09544157], [11.60588861, 48.09531232], [11.60594163, 48.09527779], [11.60611687, 48.09521138], [11.60633771, 48.09512803], [11.60657377, 48.09503871], [11.60668877, 48.09499521], [11.60680364, 48.09495174], [11.60702419, 48.09486827], [11.6070406, 48.09486499], [11.6073505, 48.09480218], [11.60764132, 48.09474326], [11.60798101, 48.0946744], [11.60825492, 48.09461887], [11.60832384, 48.09461335], [11.60875395, 48.09457827], [11.60883958, 48.09457132], [11.60891135, 48.09456549], [11.60945425, 48.09456167], [11.6095894, 48.09456167], [11.60960955, 48.09456075], [11.60979462, 48.09455248], [11.61071222, 48.09451155], [11.61108566, 48.09450464], [11.61172699, 48.09449268], [11.61197863, 48.09448799], [11.61197648, 48.0944521], [11.6126476, 48.09443783], [11.61296556, 48.09442549], [11.61350756, 48.09440433], [11.61427466, 48.09440498], [11.61466605, 48.09439281], [11.61467358, 48.09439257], [11.61479781, 48.09438641], [11.61483379, 48.0942619], [11.61484121, 48.09423625], [11.61486308, 48.09416031], [11.61503046, 48.0933482], [11.61505702, 48.09323899], [11.61528963, 48.09228026], [11.61530429, 48.09220659], [11.61531209, 48.09216718], [11.61548141, 48.0915574], [11.61532529, 48.09148753], [11.6153621, 48.09132994], [11.61545153, 48.09136136], [11.61552853, 48.0913884], [11.61557991, 48.09119497], [11.61561016, 48.09108096], [11.61562494, 48.09102517], [11.61565837, 48.09089963], [11.61578214, 48.09043333], [11.61578822, 48.0904106], [11.61586098, 48.09013676], [11.61596229, 48.08975564], [11.61599714, 48.08962488], [11.61601177, 48.0895695], [11.61602695, 48.08951251], [11.616042, 48.08945597], [11.61605664, 48.0894005], [11.61607169, 48.08934441], [11.61608634, 48.08928903], [11.61611396, 48.08918557], [11.61630467, 48.08846756], [11.61631406, 48.08843207], [11.61633192, 48.08843169], [11.61634387, 48.08843146], [11.61671842, 48.08842479], [11.61674997, 48.08842401], [11.61680087, 48.08843795], [11.6167556, 48.08862397], [11.61738388, 48.0885778], [11.62371797, 48.08811225], [11.62375422, 48.08810976], [11.62373891, 48.08801789], [11.62380377, 48.08801369], [11.62377552, 48.08782664], [11.62371156, 48.08732454], [11.62374367, 48.08732221], [11.62381703, 48.08731668], [11.62388381, 48.08731176], [11.625032, 48.08722668], [11.62630877, 48.08713339], [11.62634818, 48.08710258], [11.62644466, 48.0870867], [11.62646025, 48.08708424], [11.62646979, 48.08708274], [11.62648175, 48.0870808], [11.62670137, 48.08709538], [11.62685396, 48.08709912], [11.6270111, 48.08708469], [11.62703741, 48.08708387], [11.62705589, 48.08707134], [11.62705668, 48.08705371], [11.62703946, 48.08704034], [11.62700815, 48.08700677], [11.62690168, 48.08695407], [11.62656881, 48.086839], [11.6265813, 48.08680028], [11.62659312, 48.08679879], [11.62680511, 48.08677264], [11.62692197, 48.08676005], [11.62762176, 48.08670119], [11.62771107, 48.08669367], [11.62774975, 48.08669038], [11.62778642, 48.08668735], [11.62783298, 48.08668967], [11.6279074, 48.08668335], [11.62867238, 48.08661952], [11.62932542, 48.08656723], [11.62962855, 48.08654643], [11.62962587, 48.08625694], [11.62966521, 48.08625652], [11.63036542, 48.08622237], [11.63099956, 48.08618237], [11.63211209, 48.08606404], [11.63285418, 48.08598688], [11.63295467, 48.08597645], [11.63304316, 48.08596725], [11.63305406, 48.08582428], [11.63305989, 48.08557129], [11.63306691, 48.08549117], [11.63306169, 48.08503557], [11.63305656, 48.08488448], [11.63303808, 48.0846932], [11.63303257, 48.08460172], [11.63302993, 48.08450403], [11.63303817, 48.08427411], [11.63307173, 48.0842743], [11.6331417, 48.08427143], [11.63364161, 48.08425098], [11.63414991, 48.08422552], [11.63471956, 48.08417951], [11.63482433, 48.08416842], [11.63516569, 48.0841321], [11.63566843, 48.08406518], [11.63625354, 48.08398125], [11.63677035, 48.08390321], [11.63742131, 48.08380131], [11.63825024, 48.0836675], [11.63823282, 48.08362337], [11.6374047, 48.08374064], [11.63737592, 48.08363603], [11.63778644, 48.08358346], [11.63819319, 48.0835271], [11.63907519, 48.08339308], [11.63978086, 48.08327999], [11.63986447, 48.0832655], [11.6407367, 48.08311425], [11.64133568, 48.0830098], [11.64159678, 48.08296427], [11.6422562, 48.08284707], [11.64281609, 48.08273808], [11.64380443, 48.08254693], [11.64438246, 48.08242648], [11.64517158, 48.08226393], [11.64540565, 48.08221871], [11.64588753, 48.08212561], [11.64630814, 48.08204805], [11.64674986, 48.08196994], [11.64678909, 48.08196305], [11.6468197, 48.0820216], [11.64776132, 48.08180702], [11.64796355, 48.08176094], [11.6482578, 48.08169311], [11.64938947, 48.08143214], [11.64946164, 48.08141563], [11.64948194, 48.08141102], [11.64978392, 48.08134111], [11.64988969, 48.08131706], [11.6499573, 48.08130152], [11.65014457, 48.08128165], [11.65022426, 48.08126921], [11.65081489, 48.08115402], [11.65127652, 48.08106009], [11.65152041, 48.08101048], [11.65231059, 48.08085771], [11.65261412, 48.08080411], [11.65309401, 48.08071118], [11.65364852, 48.08060026], [11.6539081, 48.08055187], [11.65417895, 48.08049934], [11.65432171, 48.08046907], [11.65448197, 48.08043512], [11.65470704, 48.08039427], [11.65516136, 48.08030343], [11.65548649, 48.08024396], [11.65601351, 48.0801509], [11.65667349, 48.08003429], [11.65710687, 48.07996058], [11.65746984, 48.07989885], [11.65825998, 48.07975247], [11.65837247, 48.0797305], [11.65842646, 48.07971992], [11.65847593, 48.07971022], [11.65904375, 48.0795986], [11.6591343, 48.07958161], [11.65923725, 48.07956194], [11.6599632, 48.0794375], [11.6600739, 48.07941849], [11.66020353, 48.07939623], [11.66023665, 48.07946503], [11.66029931, 48.07944598], [11.66066851, 48.07932902], [11.66073811, 48.07931555], [11.66079669, 48.07930421], [11.66103522, 48.07925791], [11.6614342, 48.07918064], [11.66145595, 48.07917692], [11.6615642, 48.07915601], [11.66173279, 48.07912341], [11.6619047, 48.07909021], [11.66195995, 48.07907959], [11.66215333, 48.07905032], [11.66221689, 48.07904035], [11.66240224, 48.07901272], [11.66244536, 48.0790061], [11.66256537, 48.07897785], [11.6626499, 48.07895796], [11.66271481, 48.07894268], [11.66291485, 48.07889554], [11.6631477, 48.07885233], [11.66336715, 48.07881162], [11.66347486, 48.0789933], [11.66437533, 48.07870884], [11.66433111, 48.07861516], [11.66442262, 48.07860042], [11.66475442, 48.07854701], [11.66479461, 48.07854057], [11.6648794, 48.07852688], [11.66501324, 48.07850532], [11.66564884, 48.07840226], [11.66557766, 48.07822614], [11.66556986, 48.07820858], [11.66597368, 48.07816793], [11.66645241, 48.07811977], [11.66684795, 48.07807443], [11.66715326, 48.07803949], [11.66742372, 48.07800853], [11.66745877, 48.07800449], [11.66778318, 48.07796723], [11.66782293, 48.07796275], [11.66824961, 48.07797663], [11.66857228, 48.07798712], [11.66889544, 48.07799778], [11.66921836, 48.07800872], [11.66954069, 48.07801884], [11.66983676, 48.07802861], [11.66986252, 48.07802958], [11.67019849, 48.07804281], [11.67045368, 48.07805281], [11.67053446, 48.07805286], [11.67087058, 48.07805288], [11.67120593, 48.07805314], [11.67157474, 48.07805311], [11.67166154, 48.07805312], [11.67173607, 48.07805311], [11.67173672, 48.07805311], [11.67186445, 48.07806496], [11.67345103, 48.07821232], [11.67351692, 48.07835579], [11.67353269, 48.07839019], [11.67362179, 48.07858402], [11.67371164, 48.07877966], [11.67419752, 48.07873022], [11.67426358, 48.07872349], [11.67427043, 48.07872306], [11.67437624, 48.07871203], [11.6749724, 48.07865082], [11.67497764, 48.07865021], [11.67515799, 48.07863175], [11.67528476, 48.07861871], [11.67533956, 48.07861321], [11.67551457, 48.07859527], [11.67568821, 48.07857742], [11.67585551, 48.07856026], [11.67601474, 48.07854385], [11.67631856, 48.07851273], [11.67659742, 48.07848403], [11.67681227, 48.07846194], [11.67702845, 48.0784397], [11.67718772, 48.07842336], [11.67726294, 48.07841568], [11.67737175, 48.07840457], [11.67742938, 48.07839871], [11.67751292, 48.07839015], [11.67759617, 48.07838158], [11.67769795, 48.07837118], [11.67776387, 48.07836444], [11.67788369, 48.07835221], [11.67790075, 48.07835047], [11.67793326, 48.07834715], [11.67800862, 48.07833955], [11.67801306, 48.07833902], [11.67802474, 48.0783378], [11.67820884, 48.0783189], [11.67835237, 48.07830375], [11.67856345, 48.07828258], [11.67861703, 48.07827688], [11.67865677, 48.07845178], [11.67880783, 48.07843773], [11.67894911, 48.07842455], [11.6790227, 48.07841767], [11.67922172, 48.07839908], [11.67938784, 48.07838351], [11.67936471, 48.07828345], [11.6793451, 48.07819897], [11.67941212, 48.07819178], [11.67964361, 48.07816704], [11.67979013, 48.07815138], [11.67989607, 48.07813998], [11.68035111, 48.07809133], [11.68048686, 48.07807678], [11.68061616, 48.07806293], [11.68063523, 48.07806037], [11.68098748, 48.0780118], [11.68169934, 48.07791338], [11.68212533, 48.07785494], [11.68223225, 48.07784023], [11.68256274, 48.07779482], [11.68274793, 48.07776943], [11.68296899, 48.07775179], [11.68297235, 48.07775152], [11.68355833, 48.07770463], [11.68406628, 48.07766405], [11.68424142, 48.07764341], [11.68435475, 48.07763014], [11.68530043, 48.07751872], [11.68565624, 48.07748956], [11.6853972, 48.07762817], [11.68522926, 48.07776974], [11.68506269, 48.07790934], [11.68503479, 48.07792815], [11.68482454, 48.07807159], [11.6847039, 48.07819053], [11.68461133, 48.07831202], [11.68459273, 48.07834721], [11.68453774, 48.07845017], [11.68447839, 48.07856267], [11.68433685, 48.07879909], [11.68432765, 48.07881139], [11.68423518, 48.0789338], [11.68410889, 48.07910096], [11.68407293, 48.07914879], [11.68378575, 48.07972708], [11.68374955, 48.07982224], [11.68364983, 48.08008406], [11.68363592, 48.08012054], [11.68362321, 48.0801572], [11.68358603, 48.08026424], [11.68358614, 48.08057017], [11.68356076, 48.08065831], [11.68349919, 48.08087353], [11.68347725, 48.080951], [11.6834446, 48.08106621], [11.68346524, 48.08132783], [11.68349792, 48.0814256], [11.68351726, 48.08148933], [11.68323977, 48.08159948], [11.68310096, 48.08165431], [11.68296665, 48.08176606], [11.68290372, 48.08178683], [11.68287374, 48.08179664], [11.68273606, 48.08192693], [11.68270347, 48.08195773], [11.68257512, 48.08207907], [11.68241043, 48.08223681], [11.6823089, 48.08233412], [11.68217775, 48.08242443], [11.68199821, 48.08254821], [11.68189011, 48.08262272], [11.68180554, 48.08266825], [11.68160184, 48.08277822], [11.68137549, 48.08292854], [11.68131834, 48.08296651], [11.68128046, 48.08306819], [11.68127805, 48.08307469], [11.68124799, 48.08315538], [11.68123107, 48.08317772], [11.68111949, 48.08337691], [11.68105669, 48.0834898], [11.68100934, 48.08357511], [11.68097941, 48.08371228], [11.68096038, 48.08380019], [11.68096015, 48.08402543], [11.68096027, 48.08402759], [11.68096609, 48.08410512], [11.68103262, 48.0842716], [11.68111178, 48.0844938], [11.68112338, 48.08452612], [11.68112711, 48.08455248], [11.68113908, 48.08463266], [11.68115982, 48.08471049], [11.68116205, 48.08471895], [11.68120946, 48.08489612], [11.68121918, 48.08493193], [11.68126832, 48.08503433], [11.68133044, 48.08516402], [11.68141609, 48.08534018], [11.68151208, 48.08553687], [11.68151858, 48.08555002], [11.68152158, 48.08556334], [11.6815966, 48.08589053], [11.68163214, 48.08607543], [11.68166764, 48.08634059], [11.68172448, 48.08658377], [11.68178416, 48.08677557], [11.6817943, 48.08680815], [11.68184991, 48.0868465], [11.6819092, 48.08694], [11.68193066, 48.08702604], [11.68195237, 48.08705299], [11.6820095, 48.08712474], [11.68205, 48.08729043], [11.68211035, 48.08745609], [11.68219391, 48.08761588], [11.68225174, 48.08784143], [11.68228388, 48.08796978], [11.68235007, 48.08818156], [11.68235678, 48.08820244], [11.68240756, 48.08842975], [11.68243055, 48.08859402], [11.68245947, 48.08880007], [11.68248251, 48.08896545], [11.68250615, 48.08914331], [11.68250935, 48.08916697], [11.68251703, 48.08942281], [11.68249207, 48.08973682], [11.68248973, 48.0897664], [11.68249489, 48.09004241], [11.68249645, 48.09012369], [11.68250069, 48.09034845], [11.68250239, 48.09044074], [11.68254683, 48.09087372], [11.68256324, 48.09103363], [11.68256564, 48.09105692], [11.68260203, 48.09128504], [11.68260756, 48.09130421], [11.68265046, 48.09145254], [11.68266256, 48.0914944], [11.68277424, 48.09180249], [11.68304426, 48.09208944], [11.68311439, 48.09212546], [11.68322902, 48.09218436], [11.68334674, 48.09224908], [11.68341201, 48.0922548], [11.68348774, 48.09226145], [11.6836883, 48.09232308], [11.68395002, 48.09237869], [11.68415756, 48.09242278], [11.68449877, 48.09247937], [11.68465105, 48.09247222], [11.68504948, 48.09245331], [11.68569713, 48.09250683], [11.68595643, 48.09248604], [11.68596624, 48.09248454], [11.68623942, 48.09244165], [11.68683578, 48.09233548], [11.68734284, 48.09222329], [11.68777892, 48.09215052], [11.6878493, 48.09213866], [11.68785389, 48.09220198], [11.68805093, 48.09219558], [11.68823527, 48.09219004], [11.68873643, 48.0922113], [11.68852427, 48.09237339], [11.68826714, 48.09256995], [11.68800176, 48.09276952], [11.68787798, 48.0928796], [11.68766874, 48.09302462], [11.68736997, 48.09329568], [11.68710826, 48.09354332], [11.68691606, 48.09375507], [11.68670718, 48.09396509], [11.68662392, 48.09403554], [11.68631502, 48.0942971], [11.68627642, 48.09435438], [11.68619626, 48.09447334], [11.68600836, 48.09466384], [11.68598026, 48.09469254], [11.68597283, 48.09470052], [11.6858008, 48.09487415], [11.68563623, 48.09502491], [11.68544041, 48.09517126], [11.68505049, 48.09542485], [11.68493494, 48.09550907], [11.68473583, 48.09571723], [11.68447073, 48.09602807], [11.68411877, 48.09636144], [11.68408905, 48.09639508], [11.68398772, 48.09651007], [11.68375329, 48.09677604], [11.68368602, 48.09677678], [11.68365607, 48.09677706], [11.683103, 48.09678298], [11.68296392, 48.09680634], [11.68293501, 48.09666579], [11.68269132, 48.09667588], [11.68221018, 48.09673502], [11.68180601, 48.09678449], [11.68119152, 48.09688073], [11.6809368, 48.09693768], [11.68087295, 48.09695199], [11.68096736, 48.0970993], [11.68073056, 48.09713985], [11.68052404, 48.09717516], [11.68036075, 48.097222], [11.68008732, 48.09730046], [11.67989942, 48.09735443], [11.67981401, 48.09737856], [11.67954062, 48.09745586], [11.6794414, 48.09748391], [11.6792636, 48.09752722], [11.67908825, 48.09756982], [11.67900436, 48.09759018], [11.67894305, 48.09760449], [11.6786954, 48.09766173], [11.67849872, 48.09770723], [11.6784503, 48.097724], [11.67821647, 48.09780493], [11.67821391, 48.09780582], [11.67797214, 48.09786739], [11.67796528, 48.09786908], [11.67773017, 48.09793417], [11.6774882, 48.09800103], [11.67724899, 48.09806725], [11.67719637, 48.09808779], [11.67715695, 48.0981032], [11.67711909, 48.09811802], [11.67707538, 48.09813512], [11.67703797, 48.09814986], [11.67701469, 48.09815889], [11.67691558, 48.09818623], [11.67672042, 48.0982401], [11.67659683, 48.09827428], [11.67652585, 48.09829144], [11.67632984, 48.09833888], [11.6761337, 48.09838631], [11.6759367, 48.09843171], [11.67573957, 48.09847711], [11.67554291, 48.09852233], [11.67546088, 48.09854135], [11.67534709, 48.09857161], [11.67515274, 48.09862361], [11.67495839, 48.09867551], [11.67483991, 48.09870709], [11.67476313, 48.09872548], [11.6745667, 48.09877222], [11.67446507, 48.09879638], [11.67437146, 48.09882192], [11.67417763, 48.09887471], [11.67398367, 48.09892749], [11.6737888, 48.09897846], [11.67359392, 48.09902926], [11.67339909, 48.09908006], [11.67337866, 48.0990854], [11.67320887, 48.0991407], [11.67301861, 48.09920278], [11.67282824, 48.09926481], [11.67275303, 48.09928941], [11.67263471, 48.09931859], [11.67239421, 48.09937774], [11.67226796, 48.09940877], [11.67224524, 48.09941437], [11.67200963, 48.09947163], [11.67175567, 48.09953347], [11.67146064, 48.0996052], [11.67122298, 48.09966297], [11.67111727, 48.09968865], [11.67098896, 48.09972668], [11.67077601, 48.09978982], [11.67059395, 48.09984384], [11.67041162, 48.09989779], [11.67033276, 48.09992112], [11.67022545, 48.09994445], [11.67003624, 48.09998554], [11.6698465, 48.10002663], [11.66977052, 48.10004305], [11.66965221, 48.10006761], [11.66942915, 48.10011391], [11.66919258, 48.10016295], [11.6690218, 48.10019847], [11.66895419, 48.10020918], [11.66871948, 48.10024628], [11.66860817, 48.10026376], [11.66833757, 48.10030649], [11.66832452, 48.10030915], [11.66813167, 48.1003475], [11.66793907, 48.10038581], [11.66775776, 48.10042178], [11.66768258, 48.10043847], [11.6673994, 48.10050152], [11.66720863, 48.10054409], [11.66701767, 48.1005866], [11.66682661, 48.10062911], [11.66663571, 48.10067162], [11.66655866, 48.10068876], [11.66637601, 48.10071529], [11.66625885, 48.10073242], [11.66561128, 48.10082672], [11.66554233, 48.10083678], [11.66547609, 48.1008464], [11.66510572, 48.10092879], [11.66507467, 48.10093544], [11.66505432, 48.10103464], [11.66506691, 48.10115637], [11.66503981, 48.10125181], [11.66497566, 48.1015307], [11.66492875, 48.10168506], [11.6648505, 48.10178654], [11.66481217, 48.10179277], [11.66477431, 48.10179892], [11.66480149, 48.10185115], [11.66482267, 48.10187639], [11.66486497, 48.1019569], [11.664879, 48.10202844], [11.66488822, 48.1020755], [11.66492659, 48.10218551], [11.66499722, 48.10229474], [11.66512145, 48.10245965], [11.66519974, 48.10253854], [11.66522321, 48.10256216], [11.6652794, 48.10261275], [11.66534028, 48.1026675], [11.66540813, 48.10272657], [11.66545943, 48.10277123], [11.66557646, 48.10288109], [11.66561447, 48.10292177], [11.66568593, 48.10299814], [11.66580698, 48.10313976], [11.66591572, 48.10327409], [11.66606805, 48.1034628], [11.66683974, 48.1044192], [11.66686744, 48.10445363], [11.66688976, 48.10448125], [11.66602213, 48.10490785], [11.66604541, 48.1049358], [11.66605368, 48.10494526], [11.66607459, 48.1049705], [11.66614706, 48.10505793], [11.66512911, 48.1054378], [11.66331749, 48.10662151], [11.66307225, 48.10685901], [11.66306362, 48.10686546], [11.66286213, 48.10701581], [11.66278797, 48.10707016], [11.6627136, 48.10712345], [11.661138, 48.10847248], [11.65972799, 48.10899418], [11.6595999, 48.10899418], [11.6594048, 48.10899406], [11.65920983, 48.10899386], [11.65901487, 48.10899372], [11.65877868, 48.10899358], [11.65877862, 48.10908281], [11.65854243, 48.10908266], [11.65854237, 48.10917186], [11.65830632, 48.10917166], [11.65830626, 48.10926085], [11.65807014, 48.1092607], [11.65807011, 48.10934992], [11.65783407, 48.10934972], [11.65783398, 48.10944244], [11.65754975, 48.10944233], [11.6550803, 48.11072669], [11.65508029, 48.1108062], [11.65488558, 48.11080645], [11.65469005, 48.11080661], [11.65469019, 48.11086507], [11.65441323, 48.11086527], [11.65423047, 48.11086537], [11.65404774, 48.11086556], [11.65386502, 48.11086566], [11.65368208, 48.11086585], [11.65349919, 48.11086591], [11.65331648, 48.11086604], [11.65305329, 48.11086618], [11.65285871, 48.11086627], [11.65205919, 48.11086684], [11.65205951, 48.11109155], [11.65164445, 48.11109186], [11.65162229, 48.11109251], [11.65160012, 48.1110945], [11.65157848, 48.11109776], [11.65155723, 48.11110228], [11.65153678, 48.11110797], [11.651517, 48.11111492], [11.65149828, 48.11112295], [11.65148063, 48.11113198], [11.65146431, 48.11114209], [11.65145878, 48.11114585], [11.65134906, 48.11114586], [11.65102687, 48.11114608], [11.64994962, 48.11112937], [11.64958597, 48.11112488], [11.64913301, 48.11164661], [11.64876137, 48.11187662], [11.64823886, 48.11220385], [11.64730489, 48.11281626], [11.64609464, 48.113553], [11.64435061, 48.11468265], [11.64369191, 48.1150832], [11.64287924, 48.11557735], [11.64250572, 48.11579549], [11.64141351, 48.11636138], [11.64004419, 48.11690689], [11.63806417, 48.11746639], [11.63624194, 48.11778694], [11.63440449, 48.11804722], [11.63227533, 48.11842218], [11.63220074, 48.11843605], [11.63055328, 48.1188084], [11.62974886, 48.11899025], [11.62956799, 48.11903115], [11.62738492, 48.11952459], [11.6258351, 48.1198275], [11.6241963, 48.12005167], [11.62204301, 48.12023046], [11.62016091, 48.12035393], [11.61681266, 48.12057422], [11.61322791, 48.12081502], [11.61295232, 48.12083427], [11.61196452, 48.12091305], [11.61035965, 48.12100858], [11.60852855, 48.1209854], [11.60608497, 48.12083921], [11.60362647, 48.12284674], [11.60197178, 48.12391714], [11.60107972, 48.12437285], [11.60102905, 48.1243306], [11.60091921, 48.12438101]]]}}, {"type": "Feature", "properties": {"ref": "25", "name": "Laim"}, "geometry": {"type": "Polygon", "coordinates": [[[11.49582723, 48.14542724], [11.49528485, 48.14556634], [11.49417239, 48.14585161], [11.49331617, 48.14601177], [11.49249027, 48.14610938], [11.49097665, 48.1466222], [11.49101291, 48.14666465], [11.49034934, 48.14690038], [11.48997202, 48.14704577], [11.48961326, 48.14720055], [11.48922625, 48.14737905], [11.48896612, 48.14654122], [11.48880387, 48.14602236], [11.48861805, 48.1454164], [11.48847259, 48.14470492], [11.48857449, 48.14469579], [11.48866587, 48.14468762], [11.48930212, 48.14463078], [11.48942668, 48.14461848], [11.48944861, 48.14443323], [11.48946937, 48.14425819], [11.48952307, 48.14425016], [11.4895895, 48.14424077], [11.48962203, 48.14423618], [11.48881185, 48.14204589], [11.48830575, 48.14097154], [11.48824767, 48.14084935], [11.4880473, 48.14046929], [11.48779412, 48.1401172], [11.48741709, 48.13970462], [11.48664966, 48.13904835], [11.48629669, 48.13863739], [11.48571678, 48.13777918], [11.48522973, 48.13694379], [11.48515937, 48.13683797], [11.48502482, 48.13663448], [11.48463236, 48.13597334], [11.48356846, 48.13388859], [11.48318462, 48.13304728], [11.48287116, 48.13215666], [11.48276926, 48.13165074], [11.48276563, 48.13114703], [11.48287665, 48.13051738], [11.4829782, 48.13011655], [11.48362562, 48.13016782], [11.48405835, 48.13016848], [11.4882536, 48.13007525], [11.48959446, 48.12993562], [11.48964421, 48.12993023], [11.49030484, 48.1298898], [11.49103709, 48.1298165], [11.49170728, 48.12967087], [11.49216059, 48.12952528], [11.4925605, 48.12939946], [11.49333001, 48.12907428], [11.4940784, 48.12869163], [11.49415344, 48.12865007], [11.49481956, 48.12827854], [11.49560736, 48.12780881], [11.49655597, 48.12711848], [11.49724589, 48.12650308], [11.49765208, 48.12599163], [11.49797707, 48.12539512], [11.49906929, 48.12558867], [11.50026778, 48.12573521], [11.50125227, 48.12580225], [11.50224951, 48.12582291], [11.50269053, 48.12581751], [11.50280872, 48.12581429], [11.5032168, 48.12580322], [11.50398185, 48.12576265], [11.50509351, 48.12566651], [11.50689969, 48.12545841], [11.5084437, 48.12524737], [11.50863405, 48.12522139], [11.50877114, 48.12557112], [11.5088662, 48.12581958], [11.50899908, 48.12595112], [11.50920707, 48.12615707], [11.50944046, 48.1263332], [11.50977107, 48.12652836], [11.51005216, 48.12664994], [11.51124522, 48.12712193], [11.51187161, 48.12737504], [11.51252498, 48.12762192], [11.5130453, 48.12783026], [11.51420649, 48.12833083], [11.51485751, 48.12863782], [11.51550365, 48.12895707], [11.51629027, 48.1294008], [11.51692859, 48.12980671], [11.51737859, 48.13013711], [11.51765871, 48.1303871], [11.51787565, 48.13058082], [11.51888054, 48.13147268], [11.51982324, 48.13229642], [11.52034104, 48.13268719], [11.52134357, 48.13339664], [11.52241575, 48.13414364], [11.52274686, 48.13437577], [11.52324081, 48.1347142], [11.52363836, 48.13497842], [11.52461319, 48.13562114], [11.52533669, 48.13604601], [11.52609895, 48.13644746], [11.52602515, 48.13651404], [11.52596409, 48.13654741], [11.52603648, 48.13658403], [11.5262748, 48.13673315], [11.52634639, 48.13677797], [11.52635534, 48.13678269], [11.52641002, 48.13681169], [11.52649549, 48.13685702], [11.52651051, 48.1368605], [11.52652218, 48.13686315], [11.52640423, 48.13712502], [11.52633926, 48.13728394], [11.52630457, 48.13739146], [11.52622884, 48.13769236], [11.52619714, 48.13791085], [11.52617912, 48.13810667], [11.52619533, 48.13852056], [11.52622924, 48.13872274], [11.52627367, 48.13893524], [11.52638127, 48.13926748], [11.5263693, 48.13926923], [11.52636297, 48.13927046], [11.52645725, 48.13947807], [11.52657598, 48.13968624], [11.52669912, 48.13989019], [11.52691745, 48.14019095], [11.52700148, 48.14032926], [11.52706145, 48.14032402], [11.52722408, 48.14048369], [11.5276508, 48.14045122], [11.52786266, 48.14062187], [11.52788471, 48.14062042], [11.52797849, 48.14069102], [11.52821197, 48.14081193], [11.52864116, 48.14098064], [11.52903052, 48.14108656], [11.52923168, 48.14111345], [11.52925355, 48.14111632], [11.52931368, 48.14113633], [11.52972871, 48.14127469], [11.52978938, 48.14129491], [11.5302545, 48.14138306], [11.53057995, 48.14144473], [11.53088665, 48.14143186], [11.53087602, 48.14160954], [11.53091077, 48.14161463], [11.53094834, 48.14162107], [11.53098632, 48.14162626], [11.53102335, 48.14163163], [11.53105985, 48.14163708], [11.53109784, 48.14164146], [11.53113461, 48.14164628], [11.53117166, 48.14165048], [11.53120871, 48.1416545], [11.53124388, 48.14165833], [11.53127972, 48.14166226], [11.53131463, 48.14166546], [11.53135061, 48.14166903], [11.53138699, 48.1416726], [11.5314219, 48.14167598], [11.53145788, 48.14167936], [11.53149346, 48.14168274], [11.53152877, 48.14168621], [11.53156435, 48.14168951], [11.53159993, 48.14169298], [11.53163873, 48.14169664], [11.53167673, 48.1417003], [11.53171485, 48.1417037], [11.53175378, 48.14170646], [11.53179057, 48.14170895], [11.53182802, 48.1417118], [11.53186481, 48.1417142], [11.53190133, 48.14171669], [11.53193906, 48.14171918], [11.53197357, 48.14172103], [11.53201132, 48.14172262], [11.53204544, 48.14172401], [11.53208077, 48.14172488], [11.53211745, 48.1417261], [11.53215157, 48.14172732], [11.53218744, 48.14172864], [11.5322229, 48.14172995], [11.53225822, 48.14173126], [11.53229677, 48.14173241], [11.53233424, 48.14173355], [11.53237078, 48.1417345], [11.53240892, 48.14173592], [11.53244732, 48.14173769], [11.53248305, 48.14173793], [11.53251718, 48.14173806], [11.53255225, 48.14173821], [11.53258732, 48.1417379], [11.53262401, 48.14173787], [11.5326611, 48.14173748], [11.53269323, 48.14173617], [11.5327271, 48.14173486], [11.53279192, 48.14172991], [11.53283535, 48.14172658], [11.53296608, 48.14171424], [11.53305218, 48.1417037], [11.53313843, 48.14169173], [11.53323585, 48.14167683], [11.53325833, 48.14167261], [11.53330962, 48.14166301], [11.5333931, 48.14164456], [11.53347013, 48.141626], [11.5335162, 48.14161352], [11.53363114, 48.14157976], [11.53363459, 48.14158427], [11.53370786, 48.14156127], [11.53370441, 48.14155685], [11.53379819, 48.14152377], [11.53385764, 48.14150062], [11.53405624, 48.14142581], [11.53405703, 48.14142743], [11.53406782, 48.14142316], [11.53417412, 48.14138282], [11.5342119, 48.14161996], [11.53425152, 48.14187479], [11.53429719, 48.14217427], [11.53432396, 48.14234371], [11.53435861, 48.14256767], [11.53439442, 48.14280216], [11.53394995, 48.14282462], [11.53349177, 48.14283854], [11.53241741, 48.14284096], [11.53225664, 48.1428359], [11.5320868, 48.14282379], [11.53190505, 48.14280505], [11.53162691, 48.14278694], [11.53134006, 48.1427723], [11.53113445, 48.14276567], [11.53084099, 48.14276241], [11.53063672, 48.14276356], [11.53016981, 48.14277461], [11.52990543, 48.14278434], [11.52946142, 48.14280582], [11.52905267, 48.14283608], [11.52858242, 48.14287732], [11.52729956, 48.14297834], [11.5259553, 48.14308573], [11.52474477, 48.1431818], [11.52299158, 48.14333615], [11.52268657, 48.14333102], [11.52121293, 48.14344827], [11.52002671, 48.14354857], [11.51964628, 48.14358573], [11.51957196, 48.14337987], [11.51943245, 48.14338874], [11.5188993, 48.14341789], [11.51840601, 48.143438], [11.51785412, 48.14344736], [11.51731918, 48.14343841], [11.51676023, 48.14342215], [11.51475294, 48.14333048], [11.51409837, 48.14330589], [11.5134735, 48.14329063], [11.51279185, 48.14329536], [11.51247518, 48.14330764], [11.51211209, 48.14332156], [11.51143631, 48.14336638], [11.51076899, 48.14342578], [11.51022525, 48.14347862], [11.50554298, 48.14396824], [11.50558043, 48.14412233], [11.50554562, 48.14423882], [11.50523286, 48.14427152], [11.50517507, 48.14428603], [11.50458286, 48.14436696], [11.50396253, 48.14443347], [11.50355169, 48.14447895], [11.50357669, 48.14458536], [11.50349749, 48.14459355], [11.50335587, 48.14461026], [11.50304996, 48.14464317], [11.50290112, 48.14466301], [11.50276455, 48.14467969], [11.50275016, 48.14466712], [11.50256732, 48.14468707], [11.50256719, 48.14468626], [11.50254984, 48.14468807], [11.50243318, 48.14469939], [11.50234476, 48.14468908], [11.50225021, 48.14469889], [11.50208083, 48.14471647], [11.5020789, 48.1447081], [11.5016503, 48.14475278], [11.5016525, 48.14476178], [11.50149106, 48.14477891], [11.50145488, 48.14462631], [11.50129104, 48.14465863], [11.50058267, 48.14472655], [11.50009727, 48.14477493], [11.49888885, 48.14490109], [11.49664247, 48.14523854], [11.49598899, 48.14540194], [11.49597898, 48.14539247], [11.49582723, 48.14542724]]]}}, {"type": "Feature", "properties": {"ref": "1", "name": "Altstadt-Lehel"}, "geometry": {"type": "Polygon", "coordinates": [[[11.59127197, 48.15649099], [11.59097988, 48.15652555], [11.59061274, 48.15654252], [11.58950856, 48.15656762], [11.58942355, 48.15656858], [11.58945571, 48.15651404], [11.5894801, 48.15646851], [11.58948408, 48.15646107], [11.58947305, 48.15646292], [11.58957806, 48.15628754], [11.58970557, 48.15603459], [11.58977177, 48.15588399], [11.58981755, 48.15578539], [11.58984088, 48.15574167], [11.58985522, 48.15571447], [11.58994217, 48.15555148], [11.58997321, 48.15548559], [11.58998742, 48.15543915], [11.59000066, 48.15532794], [11.59004158, 48.15506698], [11.59006116, 48.15476639], [11.59005866, 48.15469119], [11.59005524, 48.15461375], [11.59002983, 48.15451238], [11.5900157, 48.15446529], [11.59000937, 48.15444908], [11.58996766, 48.15437087], [11.58991682, 48.15429076], [11.5899139, 48.15428652], [11.58984598, 48.15418826], [11.58972161, 48.15400434], [11.58967167, 48.15393249], [11.58960857, 48.15384197], [11.58948631, 48.1537152], [11.58945285, 48.15367956], [11.58940489, 48.15362677], [11.58938281, 48.15359863], [11.58935987, 48.15357633], [11.58932738, 48.15355633], [11.58927785, 48.15353294], [11.589186, 48.15349132], [11.58915518, 48.15347888], [11.58912488, 48.15346942], [11.58908894, 48.15345831], [11.58905554, 48.1534492], [11.58892767, 48.15340555], [11.58884022, 48.15338375], [11.58876945, 48.1533604], [11.58863535, 48.15332154], [11.58861879, 48.15331459], [11.58860777, 48.15330379], [11.58860416, 48.15329093], [11.58860854, 48.15327818], [11.58862802, 48.15326323], [11.58862935, 48.15326175], [11.58863046, 48.15326018], [11.58863224, 48.15325095], [11.58862684, 48.15324236], [11.5884637, 48.15312522], [11.58832755, 48.15301081], [11.58819238, 48.15285095], [11.58806893, 48.15260325], [11.58794932, 48.15241414], [11.58773823, 48.15220313], [11.58768338, 48.15215517], [11.58717073, 48.15172415], [11.58702025, 48.1515787], [11.58698351, 48.15151548], [11.58696308, 48.15144906], [11.5869616, 48.15136622], [11.58694799, 48.15137076], [11.58622041, 48.15022938], [11.58614058, 48.15014069], [11.58606769, 48.15007552], [11.58604443, 48.15005889], [11.5859887, 48.15001939], [11.58593528, 48.14999492], [11.5859137, 48.14998782], [11.58589452, 48.14998407], [11.58583412, 48.14997431], [11.58578132, 48.14997195], [11.58570317, 48.14997705], [11.5853686, 48.15002182], [11.58508202, 48.15005975], [11.58502046, 48.1500123], [11.58495717, 48.14996419], [11.58491663, 48.14993329], [11.58487542, 48.14990073], [11.58485946, 48.14988771], [11.58484051, 48.14987132], [11.58486878, 48.1497682], [11.58487379, 48.14974645], [11.58502034, 48.14931245], [11.58503829, 48.14926962], [11.58508152, 48.14912474], [11.58510945, 48.14901008], [11.58513867, 48.14885315], [11.58515499, 48.1486961], [11.58516923, 48.14858105], [11.58517198, 48.14852405], [11.58517932, 48.14841111], [11.58518653, 48.14829817], [11.58518728, 48.14807656], [11.58517843, 48.14780787], [11.58516204, 48.14762246], [11.58513545, 48.14743801], [11.58510485, 48.14726713], [11.5850717, 48.14714524], [11.58501749, 48.1469361], [11.58499022, 48.14686693], [11.58491701, 48.14669729], [11.58478987, 48.14641346], [11.58467499, 48.14615729], [11.58463047, 48.14605919], [11.58449544, 48.14575016], [11.58449032, 48.14573584], [11.58442829, 48.14553115], [11.58441757, 48.14549389], [11.58441462, 48.14547607], [11.58441605, 48.1454491], [11.58437971, 48.14535687], [11.58436118, 48.14535572], [11.58434255, 48.14534945], [11.58432865, 48.14533924], [11.5843176, 48.14532652], [11.58430081, 48.14525982], [11.58429052, 48.14521896], [11.58427301, 48.14514192], [11.58426574, 48.14511024], [11.58423809, 48.14497452], [11.58421596, 48.14485347], [11.58419835, 48.14473801], [11.58419772, 48.14473306], [11.5841867, 48.14465027], [11.58417442, 48.14455869], [11.58417142, 48.14453162], [11.58416916, 48.14451129], [11.58416561, 48.14446875], [11.58416539, 48.14444708], [11.58416864, 48.14441113], [11.58404184, 48.14443578], [11.58398633, 48.14431279], [11.58394174, 48.14421315], [11.58392594, 48.14417898], [11.58385877, 48.14419258], [11.58385813, 48.14418835], [11.58370271, 48.14421268], [11.58370377, 48.14419892], [11.58374641, 48.144156], [11.58377023, 48.14410698], [11.58377414, 48.144085], [11.5837736, 48.14405681], [11.5837694, 48.14402937], [11.5837605, 48.14399921], [11.58374077, 48.14394734], [11.58373774, 48.14393942], [11.58367143, 48.14376599], [11.58366446, 48.14374771], [11.58363432, 48.14366908], [11.58355828, 48.14347006], [11.58344871, 48.14318375], [11.58190708, 48.14351682], [11.57837155, 48.14426989], [11.57781353, 48.1430792], [11.5775957, 48.14261062], [11.57745018, 48.14264037], [11.5773149, 48.14266812], [11.57557904, 48.14303168], [11.57378133, 48.14340628], [11.57277269, 48.14280973], [11.56934855, 48.14171765], [11.56802325, 48.14082388], [11.56688853, 48.14040933], [11.5668227, 48.14038528], [11.56643165, 48.14024242], [11.56566323, 48.13964453], [11.56523975, 48.13910375], [11.56501885, 48.13785087], [11.56498202, 48.13755846], [11.56483259, 48.13637827], [11.56486304, 48.13631488], [11.56515069, 48.13571585], [11.56615813, 48.13412139], [11.56665067, 48.13337509], [11.56709385, 48.13264907], [11.56730869, 48.1326505], [11.56703231, 48.13242987], [11.56705272, 48.13238815], [11.56708134, 48.13234898], [11.56712211, 48.13230904], [11.56736868, 48.13208502], [11.56753281, 48.13193351], [11.56782408, 48.13166588], [11.56789839, 48.13160091], [11.56794295, 48.13156665], [11.56797982, 48.13153987], [11.56806319, 48.13149043], [11.56812172, 48.1314624], [11.56818834, 48.13143603], [11.56829499, 48.13140167], [11.56844661, 48.13135585], [11.56987733, 48.13094906], [11.57018824, 48.13087752], [11.57026304, 48.13087124], [11.57034249, 48.13086969], [11.5704168, 48.13087403], [11.57048296, 48.13088092], [11.57055238, 48.13089348], [11.57060744, 48.13090773], [11.57068961, 48.13093292], [11.57076258, 48.13095906], [11.57084576, 48.13099535], [11.57092555, 48.13103676], [11.57123396, 48.13120686], [11.57151935, 48.13135656], [11.57181899, 48.13151298], [11.57211674, 48.13166474], [11.57244278, 48.13183519], [11.57297671, 48.1321182], [11.57308292, 48.13217654], [11.57344942, 48.1323697], [11.5735165, 48.13240728], [11.57359993, 48.13245631], [11.57366716, 48.13249934], [11.57380753, 48.13259896], [11.57429533, 48.1329521], [11.57468252, 48.13323273], [11.57473768, 48.13326683], [11.57478335, 48.13328715], [11.57483795, 48.13330338], [11.57489918, 48.13331414], [11.57496543, 48.1333185], [11.57503916, 48.13331386], [11.57584968, 48.13320612], [11.57594159, 48.13319469], [11.57604701, 48.13318868], [11.57614282, 48.13318944], [11.57622662, 48.13319647], [11.57629062, 48.13320502], [11.57635479, 48.13321769], [11.57698231, 48.13336761], [11.57762323, 48.13352235], [11.57835386, 48.13369802], [11.57917662, 48.13389691], [11.57932003, 48.13392706], [11.57942554, 48.13394408], [11.57951209, 48.13395321], [11.57963132, 48.13396091], [11.57971707, 48.13396107], [11.5798125, 48.13395725], [11.57989295, 48.13395108], [11.57997713, 48.13394105], [11.58092864, 48.13379874], [11.58154205, 48.13372459], [11.58188514, 48.13368286], [11.58195483, 48.13367838], [11.58202494, 48.13367684], [11.58209736, 48.13367983], [11.58216592, 48.13368832], [11.58223901, 48.13370254], [11.58276079, 48.13387047], [11.58283793, 48.13389597], [11.58335469, 48.1332128], [11.58353602, 48.13297549], [11.58525809, 48.13218495], [11.58572435, 48.13196335], [11.58653012, 48.13174161], [11.58658576, 48.13186946], [11.58659512, 48.13189126], [11.58656834, 48.13189638], [11.58669319, 48.13202347], [11.58674412, 48.13202491], [11.58677263, 48.1320393], [11.58680468, 48.13206388], [11.58705796, 48.13230957], [11.58730321, 48.13252304], [11.58746061, 48.13272041], [11.5876387, 48.13291114], [11.5878107, 48.13311404], [11.58799397, 48.1333137], [11.58805275, 48.13337542], [11.58807218, 48.13341992], [11.58810407, 48.13349216], [11.58804872, 48.13347479], [11.58801436, 48.13346979], [11.58800308, 48.13346815], [11.58796399, 48.1334663], [11.58792716, 48.13346589], [11.5875291, 48.13346143], [11.58751028, 48.13346298], [11.58749895, 48.13346789], [11.58753985, 48.13351012], [11.58747421, 48.13353831], [11.58758347, 48.13365103], [11.58758918, 48.13365074], [11.58759388, 48.1336528], [11.58759577, 48.13365701], [11.58759293, 48.13366086], [11.58770252, 48.13377366], [11.58770805, 48.13377376], [11.58771181, 48.13377556], [11.58771378, 48.13377928], [11.58771158, 48.13378313], [11.58782096, 48.13389594], [11.58782618, 48.13389548], [11.58783169, 48.13389768], [11.5878335, 48.13390201], [11.58783055, 48.13390578], [11.58794179, 48.13402051], [11.58794791, 48.13402004], [11.58795317, 48.13402236], [11.58795494, 48.13402649], [11.58795166, 48.13403071], [11.58798348, 48.13406797], [11.58798969, 48.13406767], [11.58799503, 48.13407038], [11.58799625, 48.13407453], [11.58799254, 48.13407853], [11.58802357, 48.13411479], [11.58802925, 48.1341144], [11.58803493, 48.13411701], [11.58803625, 48.13412163], [11.58803262, 48.13412535], [11.58806378, 48.1341617], [11.58807015, 48.13416142], [11.58807533, 48.1341641], [11.5880766, 48.13416793], [11.58807283, 48.13417225], [11.58810384, 48.13420859], [11.58810998, 48.13420827], [11.58811558, 48.13421123], [11.58811639, 48.13421578], [11.58811289, 48.13421914], [11.58814353, 48.13425748], [11.58814986, 48.13425666], [11.58815588, 48.1342591], [11.58815734, 48.13426372], [11.58815334, 48.13426758], [11.58824466, 48.13438922], [11.58825015, 48.13438935], [11.58825485, 48.13439212], [11.58825565, 48.13439606], [11.58825237, 48.13439951], [11.58834302, 48.13452027], [11.58834867, 48.13452044], [11.58835304, 48.13452296], [11.5883541, 48.13452683], [11.58835073, 48.13453056], [11.58844151, 48.13465141], [11.58844669, 48.13465175], [11.58845092, 48.13465428], [11.58845196, 48.13465791], [11.58844908, 48.13466151], [11.58853942, 48.1347818], [11.58863292, 48.1347503], [11.5886389, 48.13475833], [11.58871301, 48.13474924], [11.58880589, 48.13474533], [11.58894492, 48.13476607], [11.58894906, 48.13476842], [11.58899239, 48.13479331], [11.58899667, 48.13479585], [11.58916896, 48.13480485], [11.58930538, 48.13484768], [11.58931515, 48.1348523], [11.58951471, 48.13494563], [11.58964045, 48.13501355], [11.58982345, 48.1351128], [11.58994485, 48.13518664], [11.59026355, 48.13539792], [11.59054972, 48.13562062], [11.5906459, 48.13570549], [11.5907094, 48.13576354], [11.59076605, 48.13581826], [11.59083342, 48.13588011], [11.59110551, 48.13614757], [11.59133982, 48.13638573], [11.59147012, 48.13652316], [11.59150966, 48.13657033], [11.59154421, 48.136619], [11.59158488, 48.13670869], [11.59162023, 48.13677516], [11.59170496, 48.13697095], [11.59173561, 48.13703753], [11.59176712, 48.13707848], [11.59188587, 48.13716346], [11.59205687, 48.13727899], [11.59210671, 48.13732835], [11.59214353, 48.13739232], [11.59217071, 48.13738712], [11.59217727, 48.13738957], [11.59217951, 48.13739479], [11.59220549, 48.13738985], [11.59225046, 48.13751215], [11.59221171, 48.13751956], [11.5924327, 48.13803754], [11.59243824, 48.13804961], [11.59244178, 48.13806203], [11.59244315, 48.13807472], [11.59244252, 48.13808731], [11.59243987, 48.13809989], [11.5924352, 48.1381121], [11.59242907, 48.13812314], [11.59242119, 48.13813373], [11.59241184, 48.13814377], [11.59240102, 48.13815308], [11.59238873, 48.13816158], [11.59237537, 48.13816918], [11.5923608, 48.13817587], [11.59234531, 48.13818157], [11.59232901, 48.1381861], [11.59222671, 48.13817683], [11.59213856, 48.13816069], [11.59112373, 48.13749831], [11.59093481, 48.13734712], [11.5907385, 48.1371625], [11.59073343, 48.13715771], [11.59055285, 48.13719249], [11.59055092, 48.13719734], [11.59054607, 48.1372011], [11.59053657, 48.13720323], [11.59052843, 48.13720193], [11.59052244, 48.13719832], [11.59034442, 48.1372326], [11.59029396, 48.13724232], [11.59018739, 48.1372628], [11.59019299, 48.13726767], [11.59024482, 48.13730643], [11.59026434, 48.13731819], [11.59028359, 48.13732985], [11.59030151, 48.13734053], [11.59032023, 48.13735174], [11.59033882, 48.13736287], [11.59035754, 48.13737418], [11.59037693, 48.13738594], [11.59039591, 48.13739761], [11.59041584, 48.13740964], [11.59043482, 48.1374214], [11.59045461, 48.13743362], [11.59047399, 48.13744565], [11.59049325, 48.13745759], [11.59051357, 48.13747008], [11.59053282, 48.13748211], [11.59055275, 48.13749442], [11.59057133, 48.137506], [11.59059099, 48.13751821], [11.59061064, 48.13753042], [11.59062976, 48.13754236], [11.59064995, 48.13755484], [11.5906696, 48.13756705], [11.59067976, 48.13757338], [11.59068899, 48.13757926], [11.59070877, 48.13759147], [11.59072829, 48.13760358], [11.59074795, 48.13761588], [11.59076747, 48.137628], [11.59078712, 48.13764011], [11.59080691, 48.13765259], [11.59082643, 48.13766461], [11.59084621, 48.13767691], [11.59086533, 48.13768885], [11.59088512, 48.13770115], [11.59090517, 48.13771364], [11.59092429, 48.13772549], [11.59094394, 48.13773779], [11.59096386, 48.1377501], [11.59098324, 48.13776222], [11.59100276, 48.13777434], [11.59102242, 48.13778656], [11.5910414, 48.13779832], [11.59105384, 48.1378061], [11.59106093, 48.13781053], [11.59107898, 48.13782175], [11.59109556, 48.13783207], [11.59111602, 48.13784482], [11.59113528, 48.13785676], [11.5911548, 48.13786897], [11.59117458, 48.13788128], [11.59119411, 48.1378934], [11.59121389, 48.13790561], [11.59123355, 48.13791783], [11.59125334, 48.13793022], [11.59127299, 48.13794244], [11.5912893, 48.13795257], [11.59129264, 48.13795465], [11.5913127, 48.13796714], [11.59133262, 48.13797954], [11.59134452, 48.13798695], [11.591352, 48.13799166], [11.59137192, 48.13800396], [11.5913909, 48.1380158], [11.59141054, 48.13802792], [11.59143031, 48.13804031], [11.59144996, 48.1380526], [11.59145624, 48.13805649], [11.5914696, 48.1380649], [11.59148898, 48.13807693], [11.59150915, 48.1380895], [11.59152853, 48.13810152], [11.59154778, 48.13811355], [11.59156743, 48.13812576], [11.59158747, 48.13813824], [11.59160726, 48.13815054], [11.59162664, 48.13816257], [11.59164642, 48.13817487], [11.59166634, 48.13818727], [11.59168653, 48.13819984], [11.59170605, 48.13821178], [11.59172571, 48.13822407], [11.59174537, 48.1382361], [11.59176502, 48.13824831], [11.59178454, 48.13826051], [11.59180433, 48.13827272], [11.59278791, 48.13888093], [11.5928808, 48.13894513], [11.59300515, 48.13903929], [11.59313916, 48.13915364], [11.59324988, 48.13925645], [11.59339716, 48.13940642], [11.59392221, 48.14000201], [11.59405127, 48.14015808], [11.59409884, 48.14022274], [11.59416809, 48.14032062], [11.59422175, 48.14039643], [11.59420644, 48.14041229], [11.59423638, 48.14048416], [11.59422305, 48.1404878], [11.59470836, 48.14158557], [11.59472087, 48.14158282], [11.59476529, 48.14167757], [11.59477821, 48.14167483], [11.59479181, 48.14170545], [11.59486317, 48.14186152], [11.59487717, 48.14189197], [11.59486439, 48.14189444], [11.59490786, 48.14198958], [11.59489333, 48.14199249], [11.59526835, 48.14280771], [11.59532254, 48.1429483], [11.59545416, 48.14332887], [11.59544474, 48.1433309], [11.59546673, 48.14340437], [11.59547574, 48.14340342], [11.59549143, 48.14345879], [11.595581, 48.14379611], [11.59564386, 48.14408011], [11.5956753, 48.14422033], [11.59570752, 48.14436324], [11.59572337, 48.14443436], [11.59575561, 48.14457651], [11.59577158, 48.14464791], [11.59577936, 48.14468328], [11.59578935, 48.14472748], [11.59584445, 48.14497679], [11.59586002, 48.14504788], [11.59587198, 48.14510141], [11.59598512, 48.14561809], [11.59598917, 48.14566738], [11.59610188, 48.14617273], [11.59614288, 48.1463582], [11.59618932, 48.14651432], [11.59630147, 48.14690335], [11.59634444, 48.1470073], [11.59639487, 48.1471182], [11.59643746, 48.14720619], [11.59648172, 48.14728843], [11.59656484, 48.14742028], [11.59669707, 48.14761505], [11.59682398, 48.14779392], [11.59726797, 48.1483264], [11.5980916, 48.14927409], [11.59809673, 48.14927186], [11.59816854, 48.14934619], [11.59795105, 48.14944209], [11.59675951, 48.1499856], [11.59524609, 48.15067146], [11.59455261, 48.15123596], [11.59407381, 48.15166671], [11.59374386, 48.15223031], [11.59341115, 48.15267339], [11.59335017, 48.15311363], [11.59286414, 48.15421705], [11.59244254, 48.15496787], [11.59237213, 48.15506224], [11.59209449, 48.15551534], [11.59186686, 48.15596475], [11.59178258, 48.15618892], [11.59173644, 48.15627985], [11.59167728, 48.15634083], [11.59154795, 48.15642363], [11.59127197, 48.15649099]]]}}, {"type": "Feature", "properties": {"ref": "14", "name": "Berg am Laim"}, "geometry": {"type": "Polygon", "coordinates": [[[11.64551091, 48.13598114], [11.64527426, 48.13600452], [11.64440888, 48.13608991], [11.64361152, 48.13616857], [11.64285369, 48.13624334], [11.64265404, 48.13626307], [11.64169735, 48.13635742], [11.6413716, 48.1363896], [11.64123915, 48.13640268], [11.64074127, 48.13645185], [11.64038216, 48.13648194], [11.64002141, 48.13650104], [11.63966008, 48.13650998], [11.63955516, 48.13650938], [11.63929816, 48.13650704], [11.63893725, 48.13649371], [11.63857749, 48.13646966], [11.63755231, 48.13638532], [11.63652324, 48.13630037], [11.63585726, 48.13624526], [11.63578326, 48.13610876], [11.63534125, 48.13592008], [11.63491403, 48.13571301], [11.63481033, 48.13566959], [11.63470819, 48.13563293], [11.63458261, 48.13558773], [11.63434164, 48.135501], [11.63384831, 48.13538908], [11.6336333, 48.1353786], [11.63333825, 48.13536424], [11.63331328, 48.13532405], [11.63326276, 48.13532461], [11.63321281, 48.13532514], [11.63310997, 48.13532624], [11.63294824, 48.13532795], [11.63291734, 48.1353283], [11.63293806, 48.13528591], [11.63294913, 48.13526266], [11.63295661, 48.13524692], [11.63019713, 48.13570056], [11.62978678, 48.13575342], [11.62935626, 48.13578763], [11.62935001, 48.13586235], [11.62934937, 48.13586999], [11.62830702, 48.13581903], [11.62757909, 48.13576584], [11.62624193, 48.13571657], [11.62476408, 48.13566291], [11.62434288, 48.13574138], [11.62439519, 48.13575018], [11.62433211, 48.13576347], [11.62420094, 48.1357958], [11.62411476, 48.13582126], [11.62407946, 48.13583302], [11.62403096, 48.13584924], [11.62394675, 48.13588001], [11.62376082, 48.13595274], [11.62377101, 48.13584206], [11.62377447, 48.13580789], [11.62374791, 48.13580313], [11.62200955, 48.13549102], [11.62186048, 48.13546417], [11.62118917, 48.13538693], [11.62075474, 48.13531766], [11.62037452, 48.13524118], [11.61954725, 48.1351212], [11.6192695, 48.13507549], [11.61867002, 48.13504256], [11.61867208, 48.13503699], [11.6187126, 48.13493422], [11.61901885, 48.13392808], [11.61901421, 48.13386429], [11.61861104, 48.13388042], [11.61837133, 48.13387588], [11.61786346, 48.13386723], [11.61781349, 48.13386634], [11.61742398, 48.13383903], [11.61702868, 48.13379567], [11.61666378, 48.13374592], [11.61649666, 48.13371823], [11.61637183, 48.1336975], [11.61625644, 48.13367831], [11.61611909, 48.13364959], [11.61604425, 48.13363396], [11.61598231, 48.13361693], [11.61559729, 48.13350953], [11.61535916, 48.13344324], [11.61527378, 48.13341606], [11.61470601, 48.13323556], [11.61423439, 48.13305191], [11.61413152, 48.13301189], [11.61362688, 48.13277413], [11.6131573, 48.13255241], [11.61307986, 48.13250844], [11.61300576, 48.13246637], [11.61269905, 48.13229244], [11.61264186, 48.13225187], [11.61200199, 48.13179861], [11.61198542, 48.13178687], [11.61192663, 48.13174521], [11.61203601, 48.13170519], [11.61181233, 48.13147781], [11.6117622, 48.13149994], [11.61175192, 48.13145611], [11.61171405, 48.13140139], [11.61166594, 48.13135059], [11.61165235, 48.13133615], [11.61135623, 48.13102766], [11.611043, 48.1307078], [11.61100824, 48.13066902], [11.61097804, 48.13063089], [11.61090508, 48.13052824], [11.61028704, 48.12988195], [11.60931668, 48.12887729], [11.60921753, 48.12877463], [11.60909573, 48.12864938], [11.60898499, 48.12855394], [11.60882373, 48.12843426], [11.60870408, 48.12835554], [11.60837789, 48.12814087], [11.6081328, 48.12797941], [11.60741217, 48.12750424], [11.60676107, 48.12707554], [11.60660282, 48.12697121], [11.605982, 48.12656167], [11.60587262, 48.12648955], [11.60488092, 48.12583289], [11.60391659, 48.12519424], [11.60343437, 48.12487321], [11.6033181, 48.12479656], [11.60323718, 48.12482226], [11.60313999, 48.12485015], [11.60304298, 48.12487301], [11.60294261, 48.12489183], [11.60282723, 48.12490573], [11.60271013, 48.1249156], [11.60262909, 48.12491966], [11.60255909, 48.12492025], [11.60240991, 48.12491441], [11.60230362, 48.12490475], [11.6023109, 48.1248653], [11.60230317, 48.12485835], [11.60204449, 48.12481809], [11.60195636, 48.12480314], [11.60195646, 48.12479037], [11.60178589, 48.12475281], [11.60170478, 48.12473184], [11.60162569, 48.12471142], [11.60155348, 48.12468715], [11.60149189, 48.12466301], [11.60124251, 48.12449895], [11.60116211, 48.12444157], [11.60107972, 48.12437285], [11.60197178, 48.12391714], [11.60362647, 48.12284674], [11.60608497, 48.12083921], [11.60852855, 48.1209854], [11.61035965, 48.12100858], [11.61196452, 48.12091305], [11.61295232, 48.12083427], [11.61322791, 48.12081502], [11.61681266, 48.12057422], [11.62016091, 48.12035393], [11.62204301, 48.12023046], [11.6241963, 48.12005167], [11.6258351, 48.1198275], [11.62738492, 48.11952459], [11.62956799, 48.11903115], [11.62974886, 48.11899025], [11.63055328, 48.1188084], [11.63220074, 48.11843605], [11.63227533, 48.11842218], [11.63440449, 48.11804722], [11.63624194, 48.11778694], [11.63806417, 48.11746639], [11.64004419, 48.11690689], [11.64141351, 48.11636138], [11.64250572, 48.11579549], [11.64287924, 48.11557735], [11.64369191, 48.1150832], [11.64424843, 48.11524638], [11.64508704, 48.11497113], [11.64645601, 48.11445823], [11.64659898, 48.11470328], [11.64734482, 48.11598154], [11.64776003, 48.11663911], [11.64813287, 48.11719761], [11.64849504, 48.11774224], [11.64943648, 48.11919488], [11.64974154, 48.11951479], [11.64980121, 48.11959168], [11.64991895, 48.11974648], [11.6500039, 48.11985804], [11.65001752, 48.11987593], [11.65072529, 48.11964004], [11.65175289, 48.12105756], [11.65181316, 48.12113755], [11.65283009, 48.12258534], [11.65271996, 48.12270849], [11.65400674, 48.12467592], [11.65408588, 48.12484532], [11.65414521, 48.12497696], [11.65503272, 48.1263124], [11.65579641, 48.12751502], [11.65641217, 48.12835918], [11.65652898, 48.12851815], [11.65646742, 48.12854774], [11.65641958, 48.12857071], [11.65636562, 48.12860516], [11.65632758, 48.12864767], [11.65630791, 48.12869563], [11.65597915, 48.12897078], [11.65569817, 48.12926905], [11.65566102, 48.12932038], [11.65546802, 48.1295866], [11.65525881, 48.12991066], [11.65524737, 48.12991522], [11.65522708, 48.12993547], [11.65517999, 48.12998586], [11.65512787, 48.13010494], [11.65511948, 48.13009421], [11.65505479, 48.13024331], [11.65510192, 48.13030315], [11.65506328, 48.13031688], [11.65488068, 48.13079637], [11.65469462, 48.13128487], [11.6546606, 48.13137055], [11.65442508, 48.13200093], [11.65440469, 48.13205555], [11.65433572, 48.13223998], [11.65403931, 48.13305416], [11.65389248, 48.13345806], [11.65381958, 48.13343185], [11.65378405, 48.13351963], [11.65374313, 48.13385347], [11.65365253, 48.13412399], [11.65359354, 48.13430024], [11.65357735, 48.13434848], [11.65332504, 48.13501219], [11.65312735, 48.13540578], [11.6529327, 48.13542279], [11.65255954, 48.13545532], [11.6518015, 48.13552264], [11.65154187, 48.13554567], [11.65150704, 48.1355488], [11.65127646, 48.13556922], [11.6510427, 48.13558999], [11.65074832, 48.13563453], [11.65064087, 48.13565083], [11.64982761, 48.13570319], [11.6497643, 48.13567025], [11.64963314, 48.13565619], [11.64958742, 48.13566208], [11.64958057, 48.13566295], [11.6488434, 48.1357576], [11.6481679, 48.13584345], [11.64806338, 48.13585834], [11.64751015, 48.13590394], [11.64713909, 48.13592512], [11.64632737, 48.13599135], [11.64591854, 48.13597257], [11.64551091, 48.13598114]]]}}, {"type": "Feature", "properties": {"ref": "22", "name": "Aubing-Lochhausen-Langwied"}, "geometry": {"type": "Polygon", "coordinates": [[[11.43194294, 48.20449427], [11.43200851, 48.20473197], [11.43204003, 48.2048571], [11.43208042, 48.20508398], [11.43209156, 48.20519329], [11.43205417, 48.20518802], [11.43197851, 48.20517734], [11.43167928, 48.2051349], [11.43000673, 48.20489646], [11.42995382, 48.20488828], [11.42856223, 48.20468962], [11.42749408, 48.20453712], [11.4273877, 48.20452189], [11.42696013, 48.20446067], [11.42681274, 48.20443989], [11.42605809, 48.20433338], [11.42604063, 48.20433086], [11.42601756, 48.20428938], [11.42596062, 48.20429315], [11.42581063, 48.20430571], [11.42536263, 48.2043279], [11.42263502, 48.20394579], [11.42060622, 48.20365621], [11.42033574, 48.20362463], [11.41967697, 48.20354784], [11.41946209, 48.20350629], [11.41934185, 48.20340445], [11.41929599, 48.20332959], [11.41903011, 48.20289406], [11.41893511, 48.20280895], [11.41883193, 48.20277011], [11.41876495, 48.20276753], [11.41868599, 48.20276452], [11.41767047, 48.20299259], [11.417056, 48.20313058], [11.41685984, 48.20314281], [11.41367338, 48.2026592], [11.41315416, 48.20258044], [11.41295877, 48.20255084], [11.412887, 48.20253392], [11.412743, 48.20251483], [11.40987979, 48.20213485], [11.40906707, 48.20202762], [11.40886435, 48.20190344], [11.40742089, 48.20170505], [11.40678458, 48.20161758], [11.40664968, 48.20160628], [11.4065746, 48.20165481], [11.40479506, 48.20138926], [11.40471014, 48.20138001], [11.4046283, 48.20134935], [11.40462606, 48.20136877], [11.40287617, 48.20114131], [11.40282728, 48.20113494], [11.40243924, 48.20139472], [11.40240082, 48.20135594], [11.40226006, 48.20126054], [11.4021207, 48.20116605], [11.40210815, 48.20115754], [11.40202234, 48.20121463], [11.40168409, 48.20098759], [11.40164874, 48.20097427], [11.40153656, 48.20094857], [11.40142126, 48.20093681], [11.40090223, 48.20091418], [11.4005534, 48.2008969], [11.40031141, 48.20088976], [11.40024195, 48.20088274], [11.40017875, 48.20088016], [11.39946741, 48.20085038], [11.39915128, 48.20083792], [11.39830487, 48.20079618], [11.39755348, 48.20076181], [11.39730349, 48.20074644], [11.39728033, 48.2007491], [11.39707552, 48.20074004], [11.39286319, 48.20055498], [11.39083448, 48.20046052], [11.39082022, 48.20043904], [11.39080371, 48.2004144], [11.39067228, 48.20014183], [11.39062957, 48.19987739], [11.39059183, 48.19968567], [11.3906038, 48.19968628], [11.39057286, 48.19955197], [11.39052506, 48.19931787], [11.39046676, 48.19907364], [11.39046107, 48.1990434], [11.39045321, 48.19900227], [11.39043904, 48.19892757], [11.39039806, 48.19876364], [11.39035382, 48.19858638], [11.39032999, 48.19858859], [11.39027183, 48.19833995], [11.39023036, 48.19816222], [11.39018889, 48.19798475], [11.39020639, 48.19798286], [11.39020474, 48.19797512], [11.39009977, 48.19748385], [11.39007904, 48.19748554], [11.38998289, 48.19700384], [11.39001861, 48.19698749], [11.38999659, 48.19694952], [11.38998021, 48.19694619], [11.38993782, 48.19673185], [11.38985578, 48.19631575], [11.38977762, 48.19592258], [11.38972635, 48.19564003], [11.3896761, 48.19539662], [11.38960855, 48.19512025], [11.38954821, 48.19490286], [11.38949957, 48.19472789], [11.38941064, 48.19444486], [11.38932646, 48.19419323], [11.38923478, 48.19392721], [11.38916728, 48.19373147], [11.38899352, 48.1932297], [11.38888597, 48.192896], [11.38880746, 48.19262031], [11.38874587, 48.19233621], [11.38870206, 48.19200402], [11.38862146, 48.19125829], [11.38859949, 48.19108639], [11.38856688, 48.19094207], [11.3885398, 48.19084337], [11.39021591, 48.19063955], [11.39070295, 48.19058003], [11.39054946, 48.19026943], [11.39083493, 48.1901387], [11.39154906, 48.18981298], [11.39220378, 48.18958119], [11.39228144, 48.18955416], [11.39224038, 48.18927685], [11.39221726, 48.18867145], [11.3922179, 48.18817671], [11.39220586, 48.18789613], [11.39216596, 48.18764122], [11.39216594, 48.18764113], [11.39206079, 48.18710216], [11.39202936, 48.18689294], [11.39201252, 48.18678187], [11.3919947, 48.18672989], [11.39196013, 48.18662717], [11.39190775, 48.18647273], [11.39177327, 48.18615964], [11.3915773, 48.1858902], [11.39143218, 48.18573379], [11.39127017, 48.18554821], [11.39192565, 48.18518943], [11.39316024, 48.18451388], [11.39319259, 48.18449643], [11.39323021, 48.18447568], [11.39325904, 48.18445973], [11.39319426, 48.18437675], [11.39309688, 48.18425229], [11.39290681, 48.18400903], [11.39252677, 48.18351359], [11.39194831, 48.18276842], [11.39140701, 48.18206875], [11.39093373, 48.18145476], [11.39086797, 48.18138496], [11.39079594, 48.18133323], [11.39059911, 48.18119181], [11.39045497, 48.18110452], [11.38908259, 48.18048619], [11.38889546, 48.18040423], [11.38886345, 48.18038221], [11.38870688, 48.18031752], [11.38846664, 48.18019969], [11.38836164, 48.180128], [11.38807043, 48.17985676], [11.38750489, 48.17896931], [11.3874278, 48.17886934], [11.38735863, 48.17881582], [11.38678786, 48.17846197], [11.38620338, 48.17811656], [11.38529956, 48.17756812], [11.38528389, 48.17757424], [11.38525106, 48.1775871], [11.38491716, 48.17771936], [11.38485007, 48.1777411], [11.38478298, 48.17776285], [11.38463286, 48.17779865], [11.38447901, 48.17782194], [11.38352527, 48.17791702], [11.38332482, 48.17795906], [11.38313502, 48.1780273], [11.38304029, 48.17807716], [11.38299631, 48.17810031], [11.38296655, 48.17811598], [11.38294731, 48.17812856], [11.38270253, 48.1782885], [11.38255603, 48.17838422], [11.38237537, 48.17850242], [11.38234189, 48.17852428], [11.38226054, 48.17857745], [11.38209223, 48.17868735], [11.38197976, 48.17876085], [11.3818614, 48.1788382], [11.38184947, 48.17884596], [11.38177222, 48.17889636], [11.38170744, 48.17893873], [11.38157264, 48.17902668], [11.38149813, 48.17907539], [11.38140561, 48.1791347], [11.381111, 48.17932342], [11.38108404, 48.17934073], [11.38104413, 48.17931659], [11.37991009, 48.17919039], [11.37950661, 48.17914551], [11.37828718, 48.17901878], [11.37765652, 48.1789532], [11.37741632, 48.17892754], [11.37616466, 48.17901328], [11.37530528, 48.17907217], [11.37516038, 48.17906962], [11.37511052, 48.17906837], [11.37507988, 48.17906758], [11.37507477, 48.17904525], [11.37504013, 48.17897357], [11.37498277, 48.17892352], [11.37491022, 48.17888508], [11.37381013, 48.17850894], [11.373688, 48.17847679], [11.37359861, 48.17846388], [11.37346217, 48.17845189], [11.37159015, 48.17842777], [11.37145087, 48.17841702], [11.371303, 48.17837954], [11.37118672, 48.17833189], [11.37109947, 48.17827638], [11.37076471, 48.17797925], [11.37014609, 48.17743374], [11.36919942, 48.17659959], [11.36911588, 48.17651795], [11.36906514, 48.17643575], [11.36903748, 48.17637868], [11.36903139, 48.17630527], [11.36905344, 48.17620644], [11.36966527, 48.17433295], [11.36963608, 48.17422765], [11.36944124, 48.17383424], [11.36941123, 48.17379352], [11.36939614, 48.17374289], [11.36925678, 48.17346404], [11.36923477, 48.17342724], [11.36908335, 48.17312744], [11.36899951, 48.17293293], [11.36886181, 48.17267], [11.36882174, 48.17246406], [11.36874915, 48.17202075], [11.36875481, 48.17195622], [11.36875416, 48.17191197], [11.36872666, 48.17182073], [11.36867842, 48.17167406], [11.36867875, 48.17159177], [11.3686793, 48.1715158], [11.36863172, 48.17133481], [11.36862154, 48.17125823], [11.3686265, 48.17113108], [11.36854938, 48.17078779], [11.36854427, 48.17071124], [11.36853651, 48.17064302], [11.36849222, 48.17058305], [11.36851355, 48.17054306], [11.36851465, 48.17045466], [11.36848006, 48.17034873], [11.36839421, 48.16980696], [11.36838168, 48.16967675], [11.3682958, 48.16943939], [11.36825968, 48.16937184], [11.36817296, 48.16918446], [11.36813032, 48.1691088], [11.368084, 48.16901583], [11.36807342, 48.16895723], [11.36802235, 48.16887781], [11.36786779, 48.1685185], [11.36765642, 48.16814468], [11.36763794, 48.16814998], [11.36763187, 48.16815183], [11.36758817, 48.1681203], [11.36751556, 48.16798617], [11.36744461, 48.16785509], [11.36746486, 48.16784837], [11.36743473, 48.16780503], [11.36717928, 48.16743146], [11.36707201, 48.16719907], [11.36688916, 48.16687011], [11.36651869, 48.16618962], [11.36625544, 48.165712], [11.36603027, 48.16528827], [11.365814, 48.16486921], [11.36565533, 48.16463214], [11.36543777, 48.16436357], [11.36525058, 48.16419392], [11.36507579, 48.16404318], [11.3648665, 48.16387885], [11.36463456, 48.16374124], [11.3644237, 48.16362604], [11.36412562, 48.1634827], [11.3638287, 48.16336175], [11.363629, 48.16328937], [11.3627694, 48.16304751], [11.36278497, 48.16302799], [11.36276029, 48.16302335], [11.3627158, 48.1628827], [11.36266938, 48.16272387], [11.3623041, 48.16154026], [11.36199904, 48.16053904], [11.36179579, 48.15988088], [11.36177234, 48.15981986], [11.36168133, 48.15965152], [11.36135011, 48.15908021], [11.36124258, 48.15890404], [11.36121677, 48.15884966], [11.36080344, 48.15811866], [11.36077828, 48.15806753], [11.36079066, 48.15806625], [11.36081286, 48.15806368], [11.36084761, 48.15805812], [11.36104494, 48.158087], [11.36107755, 48.1580915], [11.36111041, 48.15809618], [11.3617937, 48.15820325], [11.36243979, 48.15830418], [11.36283252, 48.1583832], [11.36364341, 48.15848594], [11.36374363, 48.15849046], [11.36440415, 48.15853732], [11.36475764, 48.15853669], [11.36506658, 48.15853942], [11.36547124, 48.15856297], [11.36551812, 48.15856485], [11.36612029, 48.15862444], [11.36663838, 48.15865973], [11.36723952, 48.15867346], [11.36833909, 48.15862531], [11.36944396, 48.15856223], [11.37025665, 48.15850785], [11.37068547, 48.15844555], [11.37089989, 48.15843482], [11.37102707, 48.1584285], [11.37119577, 48.15841864], [11.37111137, 48.15817839], [11.37089825, 48.15808296], [11.37069648, 48.15813666], [11.37058313, 48.15806214], [11.37045435, 48.158109], [11.37045191, 48.15809963], [11.37036759, 48.15805941], [11.37024625, 48.157969], [11.37025771, 48.15789973], [11.37026452, 48.15785913], [11.37034605, 48.15785174], [11.37036686, 48.15780942], [11.37034061, 48.15775713], [11.37033576, 48.15774766], [11.37026915, 48.15776519], [11.37012413, 48.15753353], [11.36998741, 48.15731507], [11.36997536, 48.15731114], [11.3701143, 48.15727071], [11.37007628, 48.15721386], [11.36981903, 48.15682687], [11.36985674, 48.15681996], [11.36987641, 48.15681647], [11.36990267, 48.15681166], [11.37083283, 48.15664124], [11.37193146, 48.15629623], [11.37328308, 48.15608711], [11.37381806, 48.15603838], [11.37486253, 48.15598455], [11.37491444, 48.15598169], [11.37515336, 48.15548757], [11.37386241, 48.15553763], [11.37391401, 48.15540348], [11.3741554, 48.15477692], [11.3742029, 48.15465401], [11.37420442, 48.1546501], [11.37442207, 48.15408981], [11.37362184, 48.15418377], [11.37358174, 48.1541885], [11.37391472, 48.15354811], [11.375619, 48.15336823], [11.37699128, 48.1533052], [11.37802113, 48.15322378], [11.37803121, 48.15383522], [11.37819573, 48.15383189], [11.37873114, 48.15382653], [11.37952244, 48.15382973], [11.37951536, 48.15372474], [11.37950282, 48.15353499], [11.3805912, 48.15348206], [11.38106959, 48.1534256], [11.38166308, 48.15332781], [11.38288876, 48.15307347], [11.3829335, 48.15279256], [11.38296984, 48.1525639], [11.38298766, 48.1524134], [11.38300307, 48.15228325], [11.38303802, 48.15198794], [11.38307282, 48.15169416], [11.38307416, 48.15167276], [11.38311011, 48.15095587], [11.38311866, 48.15079339], [11.38315259, 48.15014458], [11.38317572, 48.14972981], [11.38317739, 48.14968044], [11.38317751, 48.14967118], [11.38396858, 48.14976067], [11.38400468, 48.149765], [11.38401447, 48.1497664], [11.38401705, 48.14943993], [11.38402096, 48.14901913], [11.38423547, 48.14910903], [11.38500048, 48.14942986], [11.38553026, 48.14965187], [11.38723424, 48.14732862], [11.38729885, 48.14735297], [11.38746198, 48.14742135], [11.3881134, 48.14769441], [11.38835575, 48.14777355], [11.38914608, 48.14793045], [11.38988108, 48.14665258], [11.38990429, 48.14661242], [11.39013747, 48.14620545], [11.39016204, 48.1461625], [11.39021754, 48.1460656], [11.3902662, 48.14598065], [11.38997923, 48.14590265], [11.38940466, 48.14574644], [11.38941288, 48.14573389], [11.3894497, 48.14567742], [11.38954429, 48.14553239], [11.3906337, 48.14386351], [11.3904496, 48.14379824], [11.39047361, 48.14375601], [11.39015198, 48.14365188], [11.3902733, 48.1434616], [11.39127538, 48.14189221], [11.39005514, 48.1414233], [11.39005515, 48.14142276], [11.38975725, 48.1413086], [11.38952877, 48.14122106], [11.38953371, 48.14121272], [11.38955086, 48.14118331], [11.39086995, 48.1389235], [11.39169602, 48.13750757], [11.39189078, 48.13717356], [11.39208257, 48.13684509], [11.3920882, 48.13683567], [11.39210247, 48.13681111], [11.39213488, 48.13675624], [11.39217024, 48.13669636], [11.39217326, 48.13669125], [11.39219, 48.13666292], [11.39214154, 48.13664835], [11.39148893, 48.13645024], [11.39134665, 48.13640703], [11.39079114, 48.13622343], [11.39049963, 48.13613026], [11.38997875, 48.13597685], [11.3901655, 48.1354395], [11.38917391, 48.13513271], [11.38920002, 48.13503814], [11.38924564, 48.1349185], [11.38899735, 48.1348759], [11.38860474, 48.13471149], [11.3881915, 48.1345755], [11.38824894, 48.13439745], [11.38825228, 48.13438713], [11.3882594, 48.13436513], [11.38828478, 48.1342854], [11.38836187, 48.13404414], [11.38841381, 48.13388054], [11.38841647, 48.13387201], [11.38842487, 48.13384408], [11.38845398, 48.1337462], [11.38846723, 48.13370472], [11.38847819, 48.13367563], [11.38855439, 48.1334332], [11.38851484, 48.13342687], [11.38871862, 48.13285044], [11.38897342, 48.13289901], [11.38899235, 48.13285513], [11.3891446, 48.13245091], [11.38928039, 48.13205034], [11.3893817, 48.13174818], [11.38940947, 48.13167342], [11.38939165, 48.13161361], [11.38938855, 48.13160289], [11.38939905, 48.13155609], [11.38940482, 48.1315117], [11.38940696, 48.13146667], [11.38940468, 48.1314217], [11.38939861, 48.13137796], [11.3893884, 48.13133304], [11.38935782, 48.13121835], [11.389342, 48.13117049], [11.38932414, 48.13114772], [11.38933901, 48.13110686], [11.38928311, 48.13109576], [11.3892193, 48.13108308], [11.38919808, 48.13102547], [11.38904725, 48.13061694], [11.38903121, 48.13057358], [11.38898103, 48.13043801], [11.38896684, 48.13039943], [11.38890163, 48.13022203], [11.38872408, 48.12974064], [11.38876646, 48.12967521], [11.38888206, 48.12942677], [11.3896203, 48.12786671], [11.38975617, 48.1278877], [11.39075752, 48.12804421], [11.39279474, 48.12847957], [11.39300465, 48.12852446], [11.39310104, 48.12830872], [11.39401669, 48.12626008], [11.39428784, 48.1256533], [11.39442738, 48.12550917], [11.39452409, 48.12550689], [11.39456843, 48.12550588], [11.3945957, 48.1255054], [11.39599218, 48.12544359], [11.39850801, 48.12533228], [11.40104251, 48.1252196], [11.40220261, 48.12516797], [11.40226805, 48.12516506], [11.40229684, 48.12532638], [11.40249091, 48.12536303], [11.40251423, 48.12536738], [11.40263528, 48.12539024], [11.40277535, 48.12541662], [11.40358058, 48.12556851], [11.40374613, 48.12559971], [11.40382822, 48.12561517], [11.4038478, 48.12561805], [11.40393108, 48.12563025], [11.40399249, 48.1256393], [11.40532596, 48.12583496], [11.40803495, 48.12608179], [11.40817574, 48.12609458], [11.40854521, 48.12614187], [11.40896413, 48.12619556], [11.40999742, 48.12662789], [11.4112519, 48.12705208], [11.41208716, 48.12737172], [11.41268226, 48.12754786], [11.41281659, 48.12751009], [11.412884, 48.12749109], [11.41294642, 48.12751973], [11.41304185, 48.12756373], [11.41335148, 48.12770175], [11.41454037, 48.12821763], [11.41552252, 48.12868377], [11.41562488, 48.12874267], [11.41695541, 48.12950799], [11.41706521, 48.12957421], [11.41739499, 48.12977317], [11.4175914, 48.12989171], [11.41774372, 48.12998353], [11.41791928, 48.13008943], [11.4179996, 48.13013785], [11.41836534, 48.13035026], [11.41882204, 48.1306157], [11.41884515, 48.13062679], [11.41885643, 48.13063221], [11.41927989, 48.13083557], [11.41958369, 48.13098191], [11.42074929, 48.13154085], [11.42235303, 48.13230242], [11.4223917, 48.13232762], [11.42294244, 48.1326965], [11.42319673, 48.13290058], [11.42334011, 48.13301453], [11.42354666, 48.13329941], [11.42357088, 48.13333271], [11.42377399, 48.13388208], [11.42385544, 48.13409762], [11.42404768, 48.13458362], [11.42421651, 48.13477756], [11.42438162, 48.13496713], [11.4245443, 48.13515377], [11.42470752, 48.13534107], [11.42488682, 48.13547435], [11.42506619, 48.13560776], [11.42507698, 48.13561582], [11.42513842, 48.1356612], [11.42533508, 48.1358065], [11.42546828, 48.13590499], [11.4255241, 48.13594608], [11.42554289, 48.13595992], [11.42560454, 48.1360094], [11.42562825, 48.13602841], [11.42573399, 48.13611322], [11.42577714, 48.13614789], [11.42577994, 48.13614997], [11.42593935, 48.1362779], [11.42597931, 48.13630984], [11.42607933, 48.13638999], [11.42616989, 48.13646237], [11.42621941, 48.13650209], [11.42625855, 48.1365335], [11.42630393, 48.13654677], [11.42638624, 48.13657095], [11.42642332, 48.13658175], [11.4265652, 48.13662328], [11.42674885, 48.13667707], [11.4268051, 48.13669344], [11.42724963, 48.13682368], [11.4273135, 48.13684068], [11.42737429, 48.13685686], [11.42742945, 48.13687161], [11.42743341, 48.13686624], [11.42762798, 48.13693653], [11.42763765, 48.13692444], [11.42782566, 48.13697222], [11.42801787, 48.13702077], [11.42814716, 48.13705354], [11.42820959, 48.1370705], [11.42831448, 48.13709917], [11.42851071, 48.13715288], [11.42870761, 48.13720668], [11.42890508, 48.13726061], [11.4291032, 48.13731482], [11.42921037, 48.13734404], [11.42938813, 48.13739275], [11.42960381, 48.13745172], [11.42997983, 48.13755428], [11.4304376, 48.13746966], [11.43089797, 48.13738406], [11.43103988, 48.13735767], [11.43138524, 48.13728424], [11.43190829, 48.13717335], [11.43194787, 48.13716491], [11.43206033, 48.13714179], [11.43257196, 48.13703631], [11.43266623, 48.13701687], [11.43306189, 48.13693531], [11.43324897, 48.13694349], [11.43339119, 48.13695019], [11.43380645, 48.13696869], [11.43394566, 48.13697524], [11.43396867, 48.13697211], [11.43400525, 48.13696752], [11.4343399, 48.13692386], [11.43461175, 48.13688897], [11.43462951, 48.13688663], [11.43482411, 48.13682041], [11.43520663, 48.13669019], [11.43553608, 48.13646467], [11.43558265, 48.13643244], [11.43560955, 48.13640542], [11.43561166, 48.13640893], [11.43568398, 48.13634418], [11.43586604, 48.13619714], [11.435912, 48.13615879], [11.43592077, 48.13615542], [11.43603964, 48.1361096], [11.43622454, 48.13641212], [11.43637628, 48.13666054], [11.43654641, 48.13693845], [11.43669108, 48.13717487], [11.43671102, 48.13720743], [11.43685855, 48.1374486], [11.43701787, 48.13770716], [11.43719592, 48.13799824], [11.4373522, 48.13825399], [11.43735378, 48.13825661], [11.43739403, 48.13832337], [11.4374134, 48.13835334], [11.43743419, 48.13838554], [11.43754265, 48.13856677], [11.43786807, 48.13909393], [11.43824076, 48.13969823], [11.43818418, 48.13986586], [11.43828318, 48.14003288], [11.43837692, 48.14018818], [11.43848229, 48.14036293], [11.43858938, 48.14054045], [11.43872441, 48.14076482], [11.43888125, 48.1410205], [11.43923692, 48.14160043], [11.43925289, 48.14155502], [11.43958672, 48.14210673], [11.43971318, 48.14231521], [11.43983806, 48.1425215], [11.43991676, 48.14264929], [11.44000971, 48.1428012], [11.44010651, 48.14295845], [11.44013515, 48.14300662], [11.44019364, 48.14310216], [11.44029954, 48.14327537], [11.44040561, 48.14344843], [11.44050631, 48.14361168], [11.44062494, 48.14380323], [11.44073027, 48.14397569], [11.44083392, 48.14414587], [11.44096117, 48.14435471], [11.4410782, 48.14454555], [11.44120742, 48.14475716], [11.44133708, 48.14496898], [11.44138844, 48.14505459], [11.44140547, 48.14508229], [11.44149604, 48.14522969], [11.4415237, 48.14531767], [11.44152435, 48.14531965], [11.44161544, 48.14547952], [11.44162722, 48.14549819], [11.44164014, 48.14551868], [11.44164755, 48.14551665], [11.44166153, 48.14551627], [11.44171862, 48.14562984], [11.44177269, 48.14573735], [11.44187762, 48.14590255], [11.44218216, 48.14641515], [11.44236087, 48.14671611], [11.44237258, 48.14667651], [11.44264601, 48.14710108], [11.44275241, 48.14726625], [11.44275915, 48.1472643], [11.4428236, 48.14724563], [11.44308693, 48.14759761], [11.44327849, 48.1478535], [11.44358099, 48.14825886], [11.44392172, 48.14863586], [11.44384274, 48.14864494], [11.44403463, 48.14881792], [11.44407642, 48.14885554], [11.44408905, 48.14886738], [11.44420385, 48.14896197], [11.44425052, 48.14899744], [11.44428492, 48.1490236], [11.44430545, 48.14903952], [11.44460781, 48.14927322], [11.44470216, 48.14933727], [11.44504475, 48.14956984], [11.44519005, 48.14965572], [11.44542798, 48.14979648], [11.44551815, 48.14984702], [11.44565227, 48.1499217], [11.44580182, 48.15000563], [11.4461051, 48.15015624], [11.44657476, 48.15036929], [11.44703881, 48.15055311], [11.4471135, 48.15057856], [11.44755738, 48.15073157], [11.44818952, 48.1509273], [11.44861014, 48.15102629], [11.44870292, 48.15104635], [11.44872906, 48.15105205], [11.44980197, 48.15127904], [11.45117339, 48.15155357], [11.45153789, 48.15156576], [11.45167496, 48.1516024], [11.45201351, 48.1516426], [11.45327636, 48.15169316], [11.45341666, 48.15220195], [11.45355927, 48.152669], [11.45293116, 48.1527877], [11.45273507, 48.15282597], [11.45272699, 48.15282728], [11.45268778, 48.1528351], [11.45244855, 48.15288289], [11.45243538, 48.15287033], [11.45218722, 48.15291709], [11.45217563, 48.15292045], [11.45200677, 48.15295299], [11.45197877, 48.15295843], [11.45180915, 48.15299296], [11.45162602, 48.15302511], [11.45151309, 48.15305688], [11.45117475, 48.15314811], [11.45064018, 48.15326485], [11.45049356, 48.15329279], [11.45037559, 48.15331579], [11.44997847, 48.15339954], [11.44955577, 48.15348821], [11.44934113, 48.15352993], [11.44928025, 48.15353993], [11.44896221, 48.15358228], [11.44889545, 48.15359108], [11.4485584, 48.15368169], [11.44759746, 48.15413119], [11.4473571, 48.15427391], [11.44733546, 48.15428658], [11.44712012, 48.15441236], [11.44646561, 48.15479443], [11.44627192, 48.15491967], [11.4458754, 48.15518219], [11.44501676, 48.15576843], [11.44449115, 48.15613461], [11.4440689, 48.15642865], [11.44363284, 48.15674066], [11.44346477, 48.15686161], [11.44325311, 48.15701385], [11.44303838, 48.15716523], [11.44293321, 48.15724224], [11.44283008, 48.15731772], [11.4428454, 48.15733039], [11.44281857, 48.15734969], [11.44263384, 48.15748062], [11.44257659, 48.15752097], [11.44244832, 48.1576114], [11.44237275, 48.15766397], [11.44226132, 48.15774147], [11.44207271, 48.15787076], [11.44196418, 48.1579443], [11.44188331, 48.15799908], [11.44169256, 48.15812657], [11.44150049, 48.15825321], [11.44130681, 48.15837901], [11.44111245, 48.15850384], [11.44091626, 48.15862789], [11.44071922, 48.15875084], [11.44052073, 48.15887309], [11.44032131, 48.15899456], [11.44012042, 48.15911489], [11.43991845, 48.15923449], [11.43971527, 48.15935301], [11.43951099, 48.15947068], [11.43930554, 48.15958749], [11.43909919, 48.15970337], [11.43889209, 48.15981854], [11.43873286, 48.15990638], [11.43847741, 48.16004461], [11.43820344, 48.16018387], [11.43782351, 48.1603768], [11.43761888, 48.16048088], [11.43741445, 48.16058464], [11.43723109, 48.16067782], [11.4372104, 48.16068905], [11.43701284, 48.16079758], [11.43682532, 48.16090034], [11.4366174, 48.16101434], [11.43626765, 48.16120623], [11.43560565, 48.16156941], [11.43517925, 48.16180329], [11.43492474, 48.16194287], [11.43460058, 48.16211973], [11.43408236, 48.16240245], [11.43292496, 48.1630342], [11.4330286, 48.16310674], [11.43318116, 48.16324041], [11.43323588, 48.16328843], [11.4337254, 48.16363823], [11.43376384, 48.16366495], [11.43382269, 48.1637057], [11.43393419, 48.16376244], [11.43379132, 48.16406161], [11.4337733, 48.16409933], [11.43378792, 48.16412612], [11.43380563, 48.16425869], [11.43383954, 48.16431364], [11.43387943, 48.16437455], [11.43401427, 48.16446176], [11.43414998, 48.16456876], [11.43428996, 48.16472244], [11.43434643, 48.16480413], [11.43452746, 48.16504583], [11.4346151, 48.16516914], [11.43470867, 48.16529052], [11.43485218, 48.16546657], [11.43494267, 48.16557622], [11.43512436, 48.16576875], [11.43544697, 48.16599994], [11.43573677, 48.16618535], [11.43586989, 48.16629759], [11.43590399, 48.16632632], [11.43605755, 48.16645659], [11.43624917, 48.1666182], [11.4363935, 48.1667512], [11.43665099, 48.1669551], [11.43677277, 48.16703936], [11.43698563, 48.16718563], [11.43719847, 48.16733198], [11.43742462, 48.16748917], [11.43769852, 48.16765033], [11.43822222, 48.16794366], [11.43838013, 48.16803254], [11.43840887, 48.16804851], [11.43844105, 48.16806882], [11.43961355, 48.16881683], [11.4400674, 48.16919105], [11.44030118, 48.16939704], [11.44038025, 48.16946671], [11.44029244, 48.1696322], [11.44026259, 48.16968841], [11.44022238, 48.16976412], [11.44018873, 48.16981863], [11.44014651, 48.1698704], [11.44009627, 48.1699188], [11.44015224, 48.16992546], [11.44014404, 48.1699506], [11.44013199, 48.16995908], [11.43994732, 48.17007977], [11.43988625, 48.17011967], [11.43983614, 48.17015224], [11.4388821, 48.17077576], [11.43821324, 48.17121275], [11.43819889, 48.17122284], [11.43818573, 48.17123375], [11.43817391, 48.1712452], [11.43816343, 48.17125729], [11.43815429, 48.17126992], [11.43814676, 48.17128292], [11.43814028, 48.17129754], [11.43813568, 48.17131254], [11.43813296, 48.17132772], [11.43813226, 48.17134301], [11.43813343, 48.17135821], [11.43813649, 48.17137334], [11.43814157, 48.17138829], [11.4381484, 48.17140289], [11.43815712, 48.17141697], [11.43816772, 48.17143051], [11.43817981, 48.17144352], [11.43819366, 48.17145563], [11.43820885, 48.17146704], [11.43916565, 48.17212177], [11.43941056, 48.17228966], [11.43943112, 48.1723037], [11.43945141, 48.17231765], [11.43933459, 48.17254861], [11.43931411, 48.1725771], [11.43910452, 48.17287062], [11.43884113, 48.17307465], [11.43859041, 48.17322549], [11.43825548, 48.17343017], [11.43805575, 48.17355709], [11.43805535, 48.17355744], [11.43798898, 48.17361556], [11.43787773, 48.17378354], [11.43779554, 48.17392431], [11.43769902, 48.17417603], [11.43760776, 48.17449647], [11.43754842, 48.17470485], [11.43753582, 48.17474746], [11.43896972, 48.17478161], [11.43983874, 48.17482191], [11.44057448, 48.17497349], [11.44188856, 48.17539605], [11.44185655, 48.17541827], [11.44167813, 48.17554164], [11.44165943, 48.17555458], [11.44084101, 48.1760603], [11.4398989, 48.1766696], [11.43988833, 48.17667665], [11.43858945, 48.17751844], [11.43848742, 48.17758691], [11.43845236, 48.17761044], [11.4384165, 48.17763449], [11.43830276, 48.17771082], [11.43826577, 48.17773709], [11.4376036, 48.17821086], [11.43712359, 48.1787374], [11.43693643, 48.1789426], [11.43657417, 48.17943358], [11.43648294, 48.18019256], [11.43649971, 48.18077014], [11.43651008, 48.18162542], [11.43654826, 48.18235475], [11.43685215, 48.18293482], [11.43747609, 48.18354492], [11.43749183, 48.18355651], [11.43753906, 48.18359108], [11.43658576, 48.18412349], [11.43650056, 48.18416803], [11.43601601, 48.18441798], [11.4355933, 48.18459568], [11.4353177, 48.18469417], [11.43528605, 48.18470618], [11.43513719, 48.18475967], [11.43493771, 48.1848313], [11.4337908, 48.18524343], [11.4336273, 48.18530215], [11.43236499, 48.18575315], [11.43164852, 48.18600904], [11.43148994, 48.18606691], [11.43153382, 48.18608915], [11.43140426, 48.18646442], [11.43123933, 48.18679853], [11.43109112, 48.18709911], [11.43090662, 48.18755118], [11.43084477, 48.18766237], [11.43083914, 48.18778201], [11.4307528, 48.18801122], [11.43042187, 48.18870036], [11.43040121, 48.18874316], [11.43038836, 48.18876986], [11.43237859, 48.18913559], [11.4333129, 48.18928746], [11.43421865, 48.18942205], [11.43498611, 48.18948274], [11.43555175, 48.18954948], [11.43653489, 48.18969423], [11.43751818, 48.18988865], [11.4375518, 48.19007286], [11.43756762, 48.19019468], [11.43758531, 48.19037652], [11.43761148, 48.19070103], [11.4376305, 48.19094096], [11.4376396, 48.19114569], [11.43764932, 48.19138766], [11.43765092, 48.19161858], [11.43764634, 48.19184874], [11.43763679, 48.19216029], [11.43761176, 48.19255917], [11.43759147, 48.19271758], [11.43757095, 48.19289739], [11.43754302, 48.19309438], [11.43750294, 48.19336646], [11.43744432, 48.19373213], [11.43738561, 48.19401652], [11.43733151, 48.19424856], [11.43723681, 48.19467648], [11.43714687, 48.1950508], [11.43699221, 48.19563453], [11.43688529, 48.19604004], [11.43680298, 48.1963562], [11.43675408, 48.19655946], [11.43669751, 48.1968143], [11.43662372, 48.1971787], [11.4365809, 48.19749319], [11.43656152, 48.197737], [11.4365508, 48.19792009], [11.43654871, 48.19810122], [11.43656642, 48.198364], [11.43660715, 48.19869612], [11.43662944, 48.19884963], [11.43668511, 48.19910698], [11.43674406, 48.19931987], [11.43679662, 48.19947577], [11.43688208, 48.19969575], [11.4369779, 48.19990715], [11.4370402, 48.20004477], [11.43719068, 48.20030683], [11.43731472, 48.20051551], [11.43743747, 48.20070606], [11.43760204, 48.20092499], [11.43791968, 48.20130149], [11.43815157, 48.20154779], [11.43841654, 48.20179532], [11.43872944, 48.20206213], [11.4392022, 48.20241031], [11.43949475, 48.20260377], [11.43979357, 48.20278319], [11.440209, 48.20301244], [11.44061888, 48.20321152], [11.44103042, 48.20339143], [11.44162194, 48.20361747], [11.44192568, 48.20371981], [11.44222735, 48.20381038], [11.44244529, 48.2038686], [11.44039072, 48.20389974], [11.43938835, 48.2039261], [11.43827533, 48.20396765], [11.43711119, 48.20401], [11.43472004, 48.20414122], [11.43343603, 48.20421667], [11.43258167, 48.20426906], [11.43190508, 48.20430876], [11.43194294, 48.20449427]]]}}, {"type": "Feature", "properties": {"ref": "20", "name": "Hadern"}, "geometry": {"type": "Polygon", "coordinates": [[[11.47803348, 48.13054762], [11.47790711, 48.13081607], [11.47789616, 48.13083844], [11.47773743, 48.13080151], [11.47762768, 48.13077603], [11.47724463, 48.13069423], [11.4769769, 48.13064108], [11.47677555, 48.13060116], [11.47655791, 48.13055865], [11.47644416, 48.13053701], [11.47557784, 48.1303754], [11.4750247, 48.13027422], [11.4748639, 48.13024473], [11.47390803, 48.1300638], [11.4737229, 48.12995945], [11.47309784, 48.12960767], [11.47302521, 48.12956376], [11.4729162, 48.12949996], [11.47302614, 48.12941384], [11.47299621, 48.12941001], [11.47285677, 48.12939208], [11.47270544, 48.12937268], [11.47258136, 48.12935675], [11.472554, 48.12935232], [11.47249044, 48.12934204], [11.47212276, 48.12928216], [11.47193611, 48.12925175], [11.47174745, 48.12922115], [11.4716694, 48.12920848], [11.47160409, 48.12919883], [11.47146032, 48.12917774], [11.47135355, 48.12916206], [11.47127842, 48.12915102], [11.47120731, 48.12914054], [11.47117162, 48.1291358], [11.47103317, 48.12911737], [11.47097857, 48.12911002], [11.4707869, 48.12908452], [11.47059643, 48.12905921], [11.47040704, 48.12903393], [11.47031396, 48.12902152], [11.47021896, 48.12900823], [11.4700892, 48.12899011], [11.46966521, 48.12894504], [11.46966932, 48.12885809], [11.46856916, 48.12891358], [11.46859404, 48.12882556], [11.46830204, 48.12876685], [11.46789335, 48.12867876], [11.46693144, 48.12847798], [11.46645873, 48.12839436], [11.46644144, 48.12839131], [11.46619567, 48.1283578], [11.46593234, 48.1283218], [11.46580904, 48.12830586], [11.4656691, 48.12828588], [11.46557692, 48.12827332], [11.46501513, 48.12823199], [11.46501075, 48.12823179], [11.46500063, 48.1282313], [11.46496894, 48.12822873], [11.46499722, 48.1280291], [11.46501791, 48.12788289], [11.46507356, 48.1273404], [11.46510276, 48.1271526], [11.46510693, 48.12712573], [11.46512754, 48.12699038], [11.46502504, 48.12661789], [11.46495387, 48.12583041], [11.46484013, 48.1253132], [11.4647445, 48.12479321], [11.46472185, 48.12440047], [11.46474089, 48.12414582], [11.46474695, 48.12406682], [11.46475613, 48.12401002], [11.46476324, 48.12396421], [11.46479266, 48.12377913], [11.46480725, 48.12368036], [11.46481825, 48.12361755], [11.46482983, 48.12353747], [11.46483085, 48.12350385], [11.4648292, 48.12346949], [11.46482624, 48.12343027], [11.46482164, 48.12339536], [11.46478678, 48.12320951], [11.46478176, 48.12312728], [11.4647658, 48.12308736], [11.46476926, 48.12306606], [11.46480163, 48.12281735], [11.46485129, 48.12245007], [11.46487718, 48.12234848], [11.4648807, 48.12227961], [11.46494603, 48.1219621], [11.46499322, 48.12189389], [11.46509319, 48.12150222], [11.46526641, 48.12117584], [11.46535977, 48.12092791], [11.46542578, 48.12075417], [11.46556655, 48.12030987], [11.46562818, 48.11995192], [11.46564814, 48.11961063], [11.46564338, 48.11897731], [11.46566459, 48.11852806], [11.46565677, 48.11827118], [11.4656558, 48.11823601], [11.46565466, 48.1182006], [11.46565448, 48.11819465], [11.46565432, 48.11818476], [11.4656539, 48.11817342], [11.46564766, 48.11796183], [11.46548702, 48.11725855], [11.46540355, 48.11690203], [11.46538098, 48.11682405], [11.46509907, 48.11584371], [11.46506998, 48.11547124], [11.46506505, 48.11500362], [11.46506232, 48.11473106], [11.46506211, 48.11471307], [11.46506207, 48.1147048], [11.46425473, 48.11460706], [11.46339328, 48.11450168], [11.46337866, 48.11432113], [11.46337573, 48.11429092], [11.46336315, 48.11414561], [11.46333762, 48.11406976], [11.46329748, 48.11394654], [11.4632642, 48.11379628], [11.46324706, 48.1136371], [11.46324715, 48.11359033], [11.46326157, 48.11346951], [11.46332025, 48.11325168], [11.46332923, 48.11322851], [11.46341564, 48.11300397], [11.46345184, 48.11290647], [11.46347268, 48.11282662], [11.46348616, 48.1127578], [11.46351269, 48.11257115], [11.46351405, 48.1125181], [11.46351776, 48.11238115], [11.46350236, 48.11221046], [11.46347099, 48.11208925], [11.46334367, 48.11180734], [11.46329688, 48.1116312], [11.46323432, 48.11141136], [11.46322536, 48.11137058], [11.46318661, 48.11109993], [11.46320381, 48.11091628], [11.46320493, 48.11090446], [11.46320936, 48.11087314], [11.46325057, 48.11083618], [11.46326995, 48.110819], [11.463293, 48.11079824], [11.46326423, 48.11058275], [11.46329088, 48.10987212], [11.46331358, 48.10945829], [11.46341311, 48.10934094], [11.46342954, 48.10931053], [11.46350511, 48.10917075], [11.46352997, 48.10907975], [11.46357582, 48.10880294], [11.46357683, 48.10879594], [11.46358906, 48.108705], [11.46359909, 48.10863132], [11.46357588, 48.10840909], [11.46349277, 48.10813529], [11.46342529, 48.10798568], [11.46339586, 48.10790981], [11.46333491, 48.10775259], [11.46328363, 48.10754705], [11.46324393, 48.1073243], [11.46322291, 48.10703713], [11.46321278, 48.10695272], [11.46318277, 48.10684448], [11.46315526, 48.10665288], [11.46314216, 48.10653167], [11.46311837, 48.10627658], [11.46309734, 48.10606608], [11.46306241, 48.10571903], [11.4629705, 48.10525473], [11.463894, 48.10524544], [11.46430351, 48.10524133], [11.4652592, 48.1052318], [11.46536342, 48.10523066], [11.4663858, 48.10523378], [11.46723648, 48.10522812], [11.46855956, 48.10520743], [11.46963601, 48.10520393], [11.46968884, 48.1058334], [11.47086737, 48.10539427], [11.47131976, 48.10527827], [11.47204203, 48.10509285], [11.4730099, 48.10490102], [11.47335359, 48.10484662], [11.47364027, 48.10480118], [11.47391169, 48.10475822], [11.47441544, 48.10467859], [11.47473653, 48.10462775], [11.47485249, 48.1046046], [11.47448891, 48.10390665], [11.47454116, 48.10389169], [11.47456082, 48.10388584], [11.47463435, 48.10386405], [11.47458355, 48.10380402], [11.474072, 48.1031999], [11.47284996, 48.10175094], [11.4717885, 48.10050002], [11.4709135, 48.09945801], [11.47085065, 48.0993792], [11.47118551, 48.09899116], [11.47396794, 48.09577423], [11.47424264, 48.09585442], [11.47432509, 48.09587845], [11.47476967, 48.09602591], [11.475215, 48.09615094], [11.47566034, 48.09627608], [11.47620929, 48.09645198], [11.4763284, 48.09652788], [11.47678927, 48.09662772], [11.4771557, 48.09672257], [11.4784084, 48.09705789], [11.47867316, 48.09711037], [11.47893322, 48.09721024], [11.47930154, 48.09730551], [11.47957394, 48.09741329], [11.47986844, 48.09749609], [11.47989869, 48.09750459], [11.480108, 48.09756032], [11.48013782, 48.0975048], [11.48025111, 48.09728092], [11.48053611, 48.0966974], [11.48055815, 48.09665434], [11.48063975, 48.0964851], [11.48067668, 48.0964974], [11.48094289, 48.09659426], [11.48183035, 48.09573509], [11.48190901, 48.09569506], [11.48195442, 48.09567288], [11.48196557, 48.09566744], [11.48198313, 48.09565885], [11.482023, 48.09563936], [11.48200716, 48.09562472], [11.48201391, 48.09562151], [11.48202974, 48.09563606], [11.4821071, 48.09557774], [11.48214748, 48.0953921], [11.48645116, 48.09591559], [11.48703206, 48.09606301], [11.48703595, 48.09606339], [11.48702761, 48.0961327], [11.48714278, 48.09614896], [11.48715927, 48.09615128], [11.48728864, 48.09616948], [11.48737045, 48.09620122], [11.487508, 48.09626916], [11.48999433, 48.09751084], [11.49433738, 48.09934836], [11.4945734, 48.09926404], [11.49536272, 48.09966421], [11.49920048, 48.10161006], [11.49908887, 48.10170815], [11.49912808, 48.10189791], [11.49920154, 48.10193519], [11.49963985, 48.10215752], [11.49991993, 48.1021321], [11.49997317, 48.10208476], [11.49996969, 48.10208322], [11.49999718, 48.10205897], [11.50003326, 48.10207738], [11.5000097, 48.10209814], [11.50026925, 48.10223144], [11.5002918, 48.10224575], [11.50031124, 48.10226347], [11.50031261, 48.10226086], [11.50032024, 48.1022627], [11.50031506, 48.10227077], [11.50034571, 48.10229564], [11.50056437, 48.102302], [11.50058301, 48.10230348], [11.50082391, 48.10232267], [11.50083838, 48.10232561], [11.50093983, 48.10234548], [11.50147456, 48.10261652], [11.50156797, 48.10266386], [11.50149686, 48.10292173], [11.50148426, 48.10315037], [11.5015141, 48.10355213], [11.50153619, 48.10366892], [11.50155748, 48.10375154], [11.50158897, 48.10386207], [11.50162164, 48.10395787], [11.5020402, 48.10506856], [11.50208891, 48.10527199], [11.50212386, 48.10547488], [11.50216614, 48.10585637], [11.50226753, 48.10905399], [11.50234338, 48.1118085], [11.50232411, 48.11210235], [11.50235018, 48.11307175], [11.50240882, 48.11593895], [11.50243026, 48.11629962], [11.5024411, 48.11647304], [11.50246104, 48.11763928], [11.50258024, 48.12176364], [11.50265651, 48.12434899], [11.50269053, 48.12581751], [11.50224951, 48.12582291], [11.50125227, 48.12580225], [11.50026778, 48.12573521], [11.49906929, 48.12558867], [11.49797707, 48.12539512], [11.49765208, 48.12599163], [11.49724589, 48.12650308], [11.49655597, 48.12711848], [11.49560736, 48.12780881], [11.49481956, 48.12827854], [11.49415344, 48.12865007], [11.4940784, 48.12869163], [11.49333001, 48.12907428], [11.4925605, 48.12939946], [11.49216059, 48.12952528], [11.49170728, 48.12967087], [11.49103709, 48.1298165], [11.49030484, 48.1298898], [11.48964421, 48.12993023], [11.48959446, 48.12993562], [11.4882536, 48.13007525], [11.48405835, 48.13016848], [11.48362562, 48.13016782], [11.4829782, 48.13011655], [11.481991, 48.12997523], [11.47874414, 48.12933117], [11.47865788, 48.12931309], [11.47803348, 48.13054762]]]}}, {"type": "Feature", "properties": {"ref": "13", "name": "Bogenhausen"}, "geometry": {"type": "Polygon", "coordinates": [[[11.6952015, 48.18020638], [11.69480114, 48.18046514], [11.69360637, 48.18122485], [11.69329418, 48.18147477], [11.69221171, 48.18234115], [11.69215265, 48.18238838], [11.69197832, 48.18252796], [11.69190801, 48.18254478], [11.69148608, 48.18260127], [11.69080568, 48.18269008], [11.69066449, 48.18270222], [11.69050893, 48.18271558], [11.69036343, 48.18272805], [11.69021842, 48.18274043], [11.69020375, 48.18274173], [11.69012622, 48.18274835], [11.69007187, 48.18275017], [11.68979627, 48.18275969], [11.68965693, 48.18276445], [11.68951841, 48.1827692], [11.68938069, 48.18277396], [11.68896699, 48.18278812], [11.68896703, 48.18278721], [11.68900918, 48.18182074], [11.68900848, 48.18182037], [11.68861945, 48.18161681], [11.68826521, 48.18143158], [11.68762616, 48.18088233], [11.68683189, 48.18037209], [11.68610348, 48.18049279], [11.68604706, 48.18050221], [11.6859765, 48.18051385], [11.68591994, 48.18052327], [11.68543118, 48.18060424], [11.68489866, 48.18069243], [11.68439637, 48.18077563], [11.68415599, 48.18081545], [11.68387751, 48.18086219], [11.68335504, 48.18094991], [11.68310602, 48.18099169], [11.68287479, 48.18103045], [11.68241854, 48.18110698], [11.68195199, 48.18118528], [11.6816495, 48.18123607], [11.68138247, 48.18128082], [11.68119064, 48.18130233], [11.6811375, 48.18130821], [11.68074851, 48.18135121], [11.68008289, 48.18142479], [11.67938914, 48.18150145], [11.67870298, 48.1815774], [11.67790587, 48.18163955], [11.6771201, 48.18170072], [11.67675944, 48.18172884], [11.67670523, 48.18173301], [11.6763538, 48.18176006], [11.67564274, 48.18181476], [11.67496177, 48.18186705], [11.67456841, 48.18189731], [11.67429431, 48.18192184], [11.67364877, 48.18197966], [11.67296938, 48.18204052], [11.67235794, 48.18209525], [11.672276, 48.1821034], [11.67219097, 48.18211189], [11.66917124, 48.18241288], [11.66816554, 48.18248639], [11.66581443, 48.18266081], [11.66420907, 48.18276262], [11.66220133, 48.18288591], [11.66210406, 48.18281234], [11.66206785, 48.18269774], [11.66206576, 48.18268793], [11.66204552, 48.18259507], [11.66207875, 48.18251396], [11.66205969, 48.18248711], [11.66198677, 48.18238445], [11.66190894, 48.18227476], [11.66183434, 48.18216978], [11.66176346, 48.18206984], [11.66169725, 48.18197666], [11.66162877, 48.18188023], [11.66120353, 48.18189939], [11.66111781, 48.18180175], [11.66101465, 48.18168436], [11.66099016, 48.18149199], [11.66099038, 48.18148857], [11.66100075, 48.18138737], [11.66101233, 48.18127855], [11.66101243, 48.18127752], [11.66091959, 48.18128236], [11.6608729, 48.18128482], [11.66114268, 48.18058079], [11.66115149, 48.18047409], [11.66105366, 48.18006587], [11.66103278, 48.17985221], [11.66104993, 48.17971315], [11.66108795, 48.17964469], [11.66136204, 48.1794089], [11.66196901, 48.17901791], [11.66258806, 48.1786189], [11.6628945, 48.17842095], [11.66337005, 48.17811389], [11.66368052, 48.17791332], [11.66404553, 48.17767748], [11.66422595, 48.17756091], [11.66440976, 48.17744219], [11.66444738, 48.17741784], [11.66449968, 48.17739125], [11.66459549, 48.17737607], [11.66478003, 48.17738574], [11.66493209, 48.17737609], [11.66495675, 48.17736652], [11.66497354, 48.17736009], [11.66528288, 48.17719258], [11.66534621, 48.17714567], [11.66547717, 48.17704833], [11.66551033, 48.17702381], [11.66567019, 48.1768138], [11.66571376, 48.17670709], [11.66563003, 48.17647044], [11.6655906, 48.1763588], [11.66552694, 48.17617891], [11.66166081, 48.17586783], [11.66160747, 48.17586353], [11.65812486, 48.17558292], [11.65809934, 48.17558087], [11.65807771, 48.1755791], [11.65807247, 48.17557872], [11.65580704, 48.17539482], [11.65504885, 48.17533356], [11.65496727, 48.17532702], [11.65455104, 48.17529266], [11.65444809, 48.17528416], [11.65411641, 48.17525748], [11.65340434, 48.1751992], [11.6521835, 48.17509967], [11.6520335, 48.17508745], [11.65201965, 48.17508633], [11.65175809, 48.17506515], [11.6517304, 48.17506282], [11.65100798, 48.17500391], [11.65099293, 48.17500269], [11.65094215, 48.17499857], [11.65092979, 48.17499753], [11.65098636, 48.17454641], [11.64967513, 48.17453248], [11.64826211, 48.17452241], [11.64826791, 48.17422483], [11.64826978, 48.17413013], [11.6482222, 48.1741272], [11.64815755, 48.17412341], [11.64802032, 48.17411526], [11.64802032, 48.17411391], [11.64761499, 48.1740912], [11.64757547, 48.17408874], [11.64590438, 48.17398907], [11.64569372, 48.17397746], [11.64571518, 48.17394677], [11.64579257, 48.17381695], [11.64585791, 48.17368719], [11.64578621, 48.17369138], [11.64553006, 48.17370538], [11.64539705, 48.1737126], [11.64530972, 48.17371735], [11.64512184, 48.17372754], [11.64384071, 48.17379948], [11.64378826, 48.17380238], [11.64366792, 48.17380929], [11.64362058, 48.17381175], [11.64354528, 48.17381602], [11.64133797, 48.17393906], [11.64102609, 48.17342236], [11.64101134, 48.17339812], [11.64093094, 48.17341927], [11.64034944, 48.1735869], [11.64025676, 48.17361351], [11.6398757, 48.17372305], [11.63889922, 48.1739479], [11.63842463, 48.17405707], [11.63826192, 48.17409954], [11.63817987, 48.17412095], [11.63759716, 48.17427327], [11.63655536, 48.17466559], [11.6364688, 48.1746967], [11.63599714, 48.1748712], [11.63591215, 48.17490718], [11.6359439, 48.17490485], [11.63598521, 48.17490165], [11.63622774, 48.17496142], [11.63644814, 48.17514464], [11.63652855, 48.17525848], [11.63656635, 48.17531139], [11.63664063, 48.17541573], [11.63668637, 48.17547997], [11.63701064, 48.1759343], [11.63707496, 48.17610169], [11.63712592, 48.17623454], [11.63719047, 48.17640293], [11.63720696, 48.17644597], [11.63545675, 48.17687504], [11.63531381, 48.17691009], [11.63452288, 48.17710416], [11.63351307, 48.17735136], [11.6328468, 48.1775147], [11.63257881, 48.17758035], [11.63146972, 48.17785228], [11.63141164, 48.1777002], [11.63133576, 48.17750125], [11.63119953, 48.17753431], [11.63105972, 48.17756824], [11.63097084, 48.1775898], [11.63093972, 48.17759735], [11.63076772, 48.17763908], [11.63072965, 48.17764879], [11.63070469, 48.17765515], [11.63069749, 48.17762869], [11.63061467, 48.17740911], [11.63049702, 48.1774102], [11.63048439, 48.17741032], [11.63044371, 48.17717628], [11.63043184, 48.17710484], [11.630362, 48.17710985], [11.63019773, 48.17712183], [11.62999706, 48.17713574], [11.62994824, 48.17713863], [11.62984011, 48.17714511], [11.62972929, 48.17715167], [11.62952853, 48.17716482], [11.62932717, 48.17717654], [11.62929275, 48.17717806], [11.62912573, 48.17718529], [11.62895855, 48.17719395], [11.62892506, 48.17719573], [11.62872412, 48.17720803], [11.62860993, 48.17721548], [11.62855247, 48.17721927], [11.62852381, 48.17722116], [11.62832315, 48.17723899], [11.62823544, 48.17724751], [11.62812283, 48.17725846], [11.62795367, 48.17727899], [11.6279137, 48.17728391], [11.62784803, 48.17729182], [11.627816, 48.17729595], [11.62778962, 48.1772992], [11.62776957, 48.17730139], [11.62771051, 48.17730856], [11.62787434, 48.17770094], [11.62790112, 48.17777082], [11.62792849, 48.1778861], [11.62795942, 48.17809219], [11.62797156, 48.17818358], [11.62795672, 48.1782855], [11.62800593, 48.17844862], [11.62805299, 48.17859777], [11.62805322, 48.17871825], [11.62811052, 48.1787545], [11.62818842, 48.17880376], [11.62825852, 48.17886873], [11.62830791, 48.17893498], [11.62833351, 48.17899971], [11.62836324, 48.17922584], [11.62834429, 48.17939563], [11.62837308, 48.17946624], [11.62826493, 48.17953009], [11.62797961, 48.17969849], [11.62795194, 48.17971494], [11.6279094, 48.17973992], [11.62778512, 48.17981328], [11.62765931, 48.17988739], [11.62761044, 48.17991618], [11.62753453, 48.17996106], [11.62738599, 48.18004858], [11.62734898, 48.18007039], [11.62731495, 48.18008988], [11.62724801, 48.18013015], [11.62705238, 48.18024794], [11.6269938, 48.18028292], [11.62695811, 48.18030423], [11.62651026, 48.18055207], [11.62643173, 48.18059548], [11.62636873, 48.18063979], [11.62571888, 48.1799205], [11.62474999, 48.1788453], [11.62392169, 48.17792641], [11.62310415, 48.17701907], [11.62202593, 48.1758189], [11.62075646, 48.17440904], [11.62068621, 48.17432661], [11.61997657, 48.17354049], [11.61928266, 48.17270783], [11.61907771, 48.17239448], [11.61833982, 48.17156966], [11.61811058, 48.17134535], [11.61745195, 48.17074151], [11.61697294, 48.17030153], [11.61682536, 48.17015427], [11.61667151, 48.16999341], [11.61624299, 48.16952404], [11.61617088, 48.16944485], [11.61617018, 48.16942021], [11.61616337, 48.16939599], [11.61615065, 48.16937286], [11.61613236, 48.16935148], [11.61602353, 48.16925072], [11.61602876, 48.16923347], [11.61595487, 48.16915149], [11.61589319, 48.16908309], [11.61580396, 48.16898399], [11.61577871, 48.16898021], [11.61577238, 48.16898208], [11.61570807, 48.16893544], [11.61562264, 48.16890788], [11.61556248, 48.16889804], [11.61548676, 48.16888033], [11.61545604, 48.1688348], [11.61544779, 48.1688229], [11.6148166, 48.1679717], [11.61445132, 48.16748273], [11.61384994, 48.16681223], [11.60979821, 48.1622934], [11.60966186, 48.16214085], [11.60943782, 48.16189088], [11.60648071, 48.15859233], [11.60598464, 48.15803877], [11.60537576, 48.15735793], [11.60508142, 48.15702952], [11.60499211, 48.15693006], [11.60490439, 48.15683222], [11.60478329, 48.15669716], [11.60450375, 48.15638554], [11.6033914, 48.15514549], [11.60202447, 48.15362112], [11.60185094, 48.15342772], [11.60111007, 48.15260191], [11.60082157, 48.15228055], [11.59969619, 48.15102495], [11.59966486, 48.15099057], [11.59927927, 48.15056925], [11.59863697, 48.14986405], [11.59866703, 48.14985192], [11.59825571, 48.14941217], [11.59823939, 48.14941948], [11.59816854, 48.14934619], [11.59809673, 48.14927186], [11.5980916, 48.14927409], [11.59726797, 48.1483264], [11.59682398, 48.14779392], [11.59669707, 48.14761505], [11.59656484, 48.14742028], [11.59648172, 48.14728843], [11.59643746, 48.14720619], [11.59639487, 48.1471182], [11.59634444, 48.1470073], [11.59630147, 48.14690335], [11.59618932, 48.14651432], [11.59614288, 48.1463582], [11.59610188, 48.14617273], [11.59598917, 48.14566738], [11.59598512, 48.14561809], [11.59587198, 48.14510141], [11.59586002, 48.14504788], [11.59584445, 48.14497679], [11.59578935, 48.14472748], [11.59577936, 48.14468328], [11.59577158, 48.14464791], [11.59575561, 48.14457651], [11.59572337, 48.14443436], [11.59570752, 48.14436324], [11.5956753, 48.14422033], [11.59564386, 48.14408011], [11.595581, 48.14379611], [11.59549143, 48.14345879], [11.59547574, 48.14340342], [11.59546673, 48.14340437], [11.59544474, 48.1433309], [11.59545416, 48.14332887], [11.59532254, 48.1429483], [11.59526835, 48.14280771], [11.59489333, 48.14199249], [11.59490786, 48.14198958], [11.59486439, 48.14189444], [11.59487717, 48.14189197], [11.59486317, 48.14186152], [11.59479181, 48.14170545], [11.59558847, 48.1415425], [11.59557446, 48.14151205], [11.59558563, 48.14150976], [11.59554255, 48.14141498], [11.59556072, 48.14141127], [11.59557445, 48.14140853], [11.59557247, 48.14140421], [11.59562617, 48.1413928], [11.59562829, 48.14139703], [11.59565911, 48.14139031], [11.59566693, 48.14140509], [11.5956959, 48.14139467], [11.59570377, 48.14138453], [11.59574082, 48.14133718], [11.59574815, 48.14132776], [11.59574926, 48.14130591], [11.59550448, 48.14077096], [11.59548709, 48.14070902], [11.59548503, 48.14064605], [11.59549976, 48.14058404], [11.59552845, 48.14052425], [11.59556049, 48.14048317], [11.59557203, 48.14046846], [11.5956297, 48.14041855], [11.59569753, 48.14037526], [11.59577522, 48.14034002], [11.59586037, 48.14031308], [11.59595093, 48.14029619], [11.59604424, 48.14028813], [11.59613829, 48.14028944], [11.59623078, 48.14030155], [11.59631998, 48.14032174], [11.59640348, 48.14035064], [11.59647874, 48.14038824], [11.59652515, 48.1404197], [11.59654468, 48.14043299], [11.59657632, 48.14046098], [11.5966017, 48.14048329], [11.59664644, 48.14053858], [11.59687762, 48.14095764], [11.5968965, 48.14098154], [11.59691728, 48.14100436], [11.5969433, 48.14102622], [11.59697151, 48.14104475], [11.59700216, 48.14106132], [11.59703618, 48.14107583], [11.5970729, 48.14108846], [11.5971118, 48.14109769], [11.59715032, 48.14110358], [11.59719007, 48.14110705], [11.59721116, 48.14110749], [11.59723051, 48.14110792], [11.59724961, 48.14110628], [11.59727248, 48.14110438], [11.59731407, 48.14109751], [11.59742636, 48.14107471], [11.59750149, 48.14105941], [11.59810903, 48.14093601], [11.59815437, 48.14089633], [11.59817223, 48.14088074], [11.5981924, 48.14086255], [11.59821646, 48.14084537], [11.59824252, 48.14083053], [11.59826965, 48.14081687], [11.59829689, 48.14080527], [11.59832924, 48.14079441], [11.59837774, 48.14078001], [11.59840197, 48.14077515], [11.59850064, 48.14077546], [11.59860326, 48.14077577], [11.59864297, 48.14078454], [11.59867769, 48.14079508], [11.59871266, 48.1408077], [11.59871922, 48.14081069], [11.59873555, 48.1408183], [11.59874225, 48.14082128], [11.59877195, 48.1408373], [11.59879774, 48.1408551], [11.59882269, 48.14087623], [11.59886179, 48.14096162], [11.59995415, 48.14073982], [11.60009824, 48.1407103], [11.60022365, 48.14068461], [11.60126435, 48.14047051], [11.60156739, 48.14040686], [11.60306419, 48.14009267], [11.60299148, 48.13992203], [11.60292832, 48.13977952], [11.60283751, 48.13953511], [11.60280813, 48.13942636], [11.60279253, 48.13942792], [11.6027654, 48.13932549], [11.602733, 48.13919204], [11.60271318, 48.13908254], [11.60268541, 48.13898657], [11.60264494, 48.13886294], [11.60257898, 48.13868868], [11.60271649, 48.13851197], [11.60277869, 48.13849429], [11.60276457, 48.13846033], [11.60273631, 48.13846581], [11.60273784, 48.13845988], [11.60273934, 48.13843893], [11.602737, 48.13838887], [11.6027339, 48.13832245], [11.6027332, 48.13830842], [11.60273164, 48.13819672], [11.60273364, 48.13818153], [11.60269333, 48.13818374], [11.60269314, 48.13818139], [11.60269211, 48.13816854], [11.60268914, 48.13813499], [11.6031758, 48.13799658], [11.6033157, 48.13795749], [11.60404472, 48.13775403], [11.60405176, 48.13776386], [11.604611, 48.1376896], [11.60462607, 48.13768759], [11.60475664, 48.13767098], [11.60488377, 48.13821301], [11.60501936, 48.13819845], [11.60530337, 48.13816713], [11.60630541, 48.13864478], [11.6064763, 48.13871941], [11.60647668, 48.13874162], [11.60646539, 48.13874177], [11.60645765, 48.13872985], [11.60643985, 48.13872468], [11.6064232, 48.13872959], [11.60641653, 48.13874092], [11.60642369, 48.13875212], [11.60644055, 48.1387567], [11.60644129, 48.13876624], [11.60645399, 48.13877438], [11.6064771, 48.13877508], [11.60647856, 48.13888209], [11.60647947, 48.13895493], [11.60651483, 48.13910781], [11.60652787, 48.13916763], [11.60749301, 48.13900919], [11.60900936, 48.1387596], [11.61086208, 48.13848578], [11.61301058, 48.13825365], [11.61464784, 48.13819213], [11.61700475, 48.13810347], [11.61934756, 48.13808849], [11.61935441, 48.13795855], [11.61936277, 48.13780999], [11.61937115, 48.13765911], [11.61938022, 48.13750538], [11.61942543, 48.13733963], [11.61947452, 48.13715954], [11.61960717, 48.13717232], [11.6197405, 48.13718357], [11.61980496, 48.13718836], [11.61985404, 48.13697207], [11.61965374, 48.13695097], [11.61880586, 48.13686166], [11.6181931, 48.13679692], [11.61820351, 48.13675253], [11.6180048, 48.13673163], [11.61803317, 48.13665952], [11.6185044, 48.13546274], [11.61865168, 48.135089], [11.61867002, 48.13504256], [11.6192695, 48.13507549], [11.61954725, 48.1351212], [11.62037452, 48.13524118], [11.62075474, 48.13531766], [11.62118917, 48.13538693], [11.62186048, 48.13546417], [11.62200955, 48.13549102], [11.62374791, 48.13580313], [11.62377447, 48.13580789], [11.62377101, 48.13584206], [11.62376082, 48.13595274], [11.62394675, 48.13588001], [11.62403096, 48.13584924], [11.62407946, 48.13583302], [11.62411476, 48.13582126], [11.62420094, 48.1357958], [11.62433211, 48.13576347], [11.62439519, 48.13575018], [11.62434288, 48.13574138], [11.62476408, 48.13566291], [11.62624193, 48.13571657], [11.62757909, 48.13576584], [11.62830702, 48.13581903], [11.62934937, 48.13586999], [11.62935001, 48.13586235], [11.62935626, 48.13578763], [11.62978678, 48.13575342], [11.63019713, 48.13570056], [11.63295661, 48.13524692], [11.63294913, 48.13526266], [11.63293806, 48.13528591], [11.63291734, 48.1353283], [11.63294824, 48.13532795], [11.63310997, 48.13532624], [11.63321281, 48.13532514], [11.63326276, 48.13532461], [11.63331328, 48.13532405], [11.63333825, 48.13536424], [11.6336333, 48.1353786], [11.63384831, 48.13538908], [11.63434164, 48.135501], [11.63458261, 48.13558773], [11.63470819, 48.13563293], [11.63481033, 48.13566959], [11.63491403, 48.13571301], [11.63534125, 48.13592008], [11.63578326, 48.13610876], [11.63585726, 48.13624526], [11.63652324, 48.13630037], [11.63755231, 48.13638532], [11.63857749, 48.13646966], [11.63893725, 48.13649371], [11.63929816, 48.13650704], [11.63955516, 48.13650938], [11.63966008, 48.13650998], [11.64002141, 48.13650104], [11.64038216, 48.13648194], [11.64074127, 48.13645185], [11.64123915, 48.13640268], [11.6413716, 48.1363896], [11.64169735, 48.13635742], [11.64265404, 48.13626307], [11.64285369, 48.13624334], [11.64361152, 48.13616857], [11.64440888, 48.13608991], [11.64527426, 48.13600452], [11.64551091, 48.13598114], [11.64591854, 48.13597257], [11.64632737, 48.13599135], [11.64713909, 48.13592512], [11.64751015, 48.13590394], [11.64806338, 48.13585834], [11.6481679, 48.13584345], [11.6488434, 48.1357576], [11.64958057, 48.13566295], [11.64958742, 48.13566208], [11.64963314, 48.13565619], [11.6497643, 48.13567025], [11.64982761, 48.13570319], [11.65064087, 48.13565083], [11.65074832, 48.13563453], [11.6510427, 48.13558999], [11.65127646, 48.13556922], [11.65150704, 48.1355488], [11.65154187, 48.13554567], [11.6518015, 48.13552264], [11.65255954, 48.13545532], [11.6529327, 48.13542279], [11.65312735, 48.13540578], [11.65332504, 48.13501219], [11.65357735, 48.13434848], [11.65359354, 48.13430024], [11.65365253, 48.13412399], [11.6544875, 48.13456408], [11.65577358, 48.13529396], [11.6582741, 48.13655088], [11.65847896, 48.13665399], [11.65919921, 48.13701665], [11.65967741, 48.13726091], [11.66077916, 48.13782359], [11.66110276, 48.13798624], [11.66120073, 48.13806358], [11.66133652, 48.13813151], [11.66162926, 48.13825798], [11.66188593, 48.13833449], [11.66235472, 48.13875807], [11.66258524, 48.13891012], [11.66259462, 48.1389163], [11.66282747, 48.13903326], [11.66306602, 48.13915352], [11.66307276, 48.13915585], [11.66354595, 48.13934323], [11.66351999, 48.13934756], [11.66376721, 48.13947371], [11.66455508, 48.13987623], [11.6653198, 48.14026688], [11.66545467, 48.14034504], [11.66529567, 48.14037787], [11.66500727, 48.14043897], [11.66458734, 48.14051839], [11.66420325, 48.14056064], [11.66369316, 48.14056446], [11.66382082, 48.14081362], [11.66387177, 48.14091352], [11.66405148, 48.14126559], [11.66428216, 48.14171763], [11.6643534, 48.14188026], [11.66437404, 48.14205363], [11.66437235, 48.1420664], [11.66435795, 48.14217276], [11.66434086, 48.14230088], [11.66453555, 48.14232563], [11.66456187, 48.14232904], [11.66461679, 48.14233604], [11.66452941, 48.1428379], [11.66454316, 48.14299424], [11.66461386, 48.14312737], [11.66493214, 48.14369108], [11.66506365, 48.14395642], [11.66508829, 48.14400775], [11.66515068, 48.14420594], [11.66516368, 48.14433701], [11.665191, 48.14460416], [11.66518381, 48.14479849], [11.66514184, 48.14497088], [11.66508904, 48.14509348], [11.66488534, 48.14549326], [11.66479369, 48.14567574], [11.66482314, 48.14585596], [11.66490624, 48.14611771], [11.6649279, 48.14611453], [11.66494519, 48.14616791], [11.66496131, 48.14630394], [11.66512076, 48.14677446], [11.66539529, 48.14767069], [11.66562026, 48.14834722], [11.66573107, 48.14870079], [11.66588476, 48.14919041], [11.66609539, 48.14986174], [11.66628271, 48.15042353], [11.66640368, 48.15077366], [11.66653856, 48.15109822], [11.66660858, 48.15133876], [11.66671836, 48.15171598], [11.66686388, 48.15211598], [11.6669416, 48.1524212], [11.66702684, 48.15283572], [11.66705295, 48.15309653], [11.66699514, 48.15365733], [11.66698785, 48.15397722], [11.66697873, 48.15437051], [11.66696351, 48.1549862], [11.66694429, 48.1551975], [11.66696002, 48.15533286], [11.66699098, 48.15555498], [11.66704428, 48.15565398], [11.66700772, 48.1556983], [11.66702332, 48.15610083], [11.66700797, 48.15663054], [11.66698371, 48.15733517], [11.66697675, 48.15770973], [11.66698878, 48.15883562], [11.66701708, 48.15918209], [11.66836865, 48.15890729], [11.66963857, 48.15871077], [11.66967879, 48.1587045], [11.66968087, 48.15871575], [11.6706268, 48.15855646], [11.67076773, 48.15852269], [11.67092744, 48.158454], [11.67149819, 48.15813663], [11.67204773, 48.157844], [11.67210655, 48.15781267], [11.67402871, 48.15678791], [11.67404381, 48.15677995], [11.67403445, 48.15675006], [11.67402325, 48.1567137], [11.67422043, 48.15671273], [11.67425961, 48.15674585], [11.67434464, 48.15681661], [11.67438421, 48.15684973], [11.67442044, 48.15688005], [11.67456004, 48.15699599], [11.67458103, 48.15701376], [11.67461075, 48.15707804], [11.67477155, 48.15721546], [11.67507641, 48.1574187], [11.67586625, 48.15811439], [11.676747, 48.15888147], [11.67770619, 48.15975793], [11.67830443, 48.16028103], [11.67850153, 48.16045334], [11.6785303, 48.16047789], [11.67855285, 48.16049937], [11.67857925, 48.16052542], [11.67860357, 48.1605525], [11.67862527, 48.16057921], [11.67864456, 48.16060551], [11.67865813, 48.16062722], [11.67867532, 48.16065842], [11.6786907, 48.1606831], [11.67870803, 48.16070821], [11.67872716, 48.1607333], [11.67874772, 48.16075785], [11.67877092, 48.16078314], [11.67879244, 48.16080466], [11.67881871, 48.16082887], [11.67884755, 48.16085319], [11.67982674, 48.16178348], [11.68059622, 48.16251494], [11.68083045, 48.1627379], [11.68131275, 48.16329733], [11.6813225, 48.16330607], [11.68141718, 48.16339097], [11.68189621, 48.16382193], [11.68228542, 48.16422295], [11.68333444, 48.16523026], [11.6842118, 48.16614606], [11.68444605, 48.16639043], [11.68492708, 48.16689251], [11.68497979, 48.16695732], [11.68517835, 48.16722205], [11.68530647, 48.16726701], [11.68541534, 48.16731534], [11.68547417, 48.16734681], [11.68553807, 48.16738603], [11.68560349, 48.16743783], [11.68564573, 48.16747868], [11.68570232, 48.16754548], [11.68574388, 48.16760945], [11.68577726, 48.16766944], [11.68580341, 48.16772464], [11.68582233, 48.16777371], [11.68583669, 48.16782241], [11.68583772, 48.16787449], [11.68583274, 48.16791899], [11.68582159, 48.16796006], [11.68579591, 48.16802601], [11.68578798, 48.16807042], [11.68577088, 48.16814017], [11.68575189, 48.16821072], [11.68573652, 48.1682615], [11.68573046, 48.16830662], [11.68573475, 48.16833], [11.68575345, 48.16834992], [11.68578805, 48.16836494], [11.68581538, 48.16838138], [11.68583802, 48.16839493], [11.68588161, 48.16841294], [11.68591427, 48.16841385], [11.68595047, 48.16840918], [11.68598382, 48.16840892], [11.68600596, 48.16841483], [11.68602552, 48.16842721], [11.68604086, 48.1684473], [11.6860427, 48.16847582], [11.68604751, 48.16850236], [11.68605203, 48.16851128], [11.68643549, 48.16879833], [11.6864706, 48.16883673], [11.68649181, 48.16886224], [11.68651283, 48.16889576], [11.68653193, 48.16893628], [11.68657309, 48.16912383], [11.68664784, 48.16924526], [11.68665766, 48.16926787], [11.68665863, 48.1692872], [11.68665163, 48.16931246], [11.68658311, 48.16946203], [11.68662797, 48.16957898], [11.68672107, 48.1696546], [11.68673971, 48.1696846], [11.6867425, 48.16971293], [11.68673454, 48.16973882], [11.68673019, 48.16974717], [11.68669219, 48.16978574], [11.68661638, 48.16987144], [11.68654462, 48.16995237], [11.6864079, 48.17012335], [11.68633466, 48.17029391], [11.68631288, 48.17038394], [11.68630207, 48.17041601], [11.68628068, 48.17046361], [11.68622692, 48.17055197], [11.68618202, 48.17061958], [11.68613376, 48.17068744], [11.68609519, 48.17073087], [11.68605313, 48.17077042], [11.68601623, 48.17080081], [11.68595048, 48.17084435], [11.68595885, 48.1708611], [11.68596114, 48.17090518], [11.68596853, 48.17097139], [11.68598901, 48.17103072], [11.68600714, 48.17107779], [11.68601945, 48.17111028], [11.68602098, 48.17114481], [11.68601457, 48.1711813], [11.68599921, 48.17120931], [11.68596922, 48.17125248], [11.68591835, 48.17130368], [11.6858795, 48.17132597], [11.68587474, 48.17142921], [11.68586614, 48.17149826], [11.68585472, 48.17156757], [11.68583709, 48.17163849], [11.68581799, 48.1717058], [11.68578796, 48.17175726], [11.68691319, 48.17167454], [11.6870987, 48.17165992], [11.68879357, 48.17151536], [11.69326088, 48.17056255], [11.69392666, 48.17144021], [11.69406769, 48.17162611], [11.69489446, 48.17271446], [11.69550397, 48.17354779], [11.69607257, 48.17424984], [11.69608111, 48.17426038], [11.69610128, 48.17428525], [11.69573967, 48.1745644], [11.695164, 48.17499161], [11.69461792, 48.17537717], [11.69434487, 48.17561513], [11.69395438, 48.17587797], [11.69393074, 48.17589598], [11.69391291, 48.17590987], [11.69371702, 48.17605957], [11.69355624, 48.17618204], [11.69328393, 48.17639061], [11.69323977, 48.17642314], [11.69351678, 48.17650392], [11.69070141, 48.17815893], [11.69130022, 48.17838328], [11.69131458, 48.17838871], [11.6920204, 48.17865534], [11.6927747, 48.17894097], [11.6930998, 48.1790639], [11.69319243, 48.17909893], [11.69334322, 48.17915488], [11.69399797, 48.17939722], [11.69415553, 48.17945597], [11.69555813, 48.17998019], [11.69551709, 48.18000625], [11.6952015, 48.18020638]]]}}, {"type": "Feature", "properties": {"ref": "9", "name": "Neuhausen-Nymphenburg"}, "geometry": {"type": "Polygon", "coordinates": [[[11.54865467, 48.17006053], [11.54847009, 48.17030512], [11.5481485, 48.17059757], [11.54811457, 48.17057548], [11.54803401, 48.17051447], [11.54790176, 48.17043195], [11.54787879, 48.1704229], [11.54783609, 48.17040725], [11.54778577, 48.1703909], [11.54774205, 48.17037843], [11.54769187, 48.17036596], [11.54764151, 48.17035434], [11.54759086, 48.17034441], [11.54754319, 48.17033662], [11.54748835, 48.17032947], [11.54735927, 48.17031702], [11.5471614, 48.17029934], [11.54705326, 48.17028792], [11.54677788, 48.17024439], [11.54667494, 48.17022385], [11.54640972, 48.17014119], [11.54618493, 48.17007126], [11.5460054, 48.17001417], [11.54589125, 48.16998207], [11.54557175, 48.16989211], [11.54547906, 48.1698815], [11.5453861, 48.16987242], [11.54529257, 48.1698654], [11.54519877, 48.16985962], [11.54512069, 48.16985526], [11.54510523, 48.16985439], [11.54504388, 48.16985926], [11.54476858, 48.16988094], [11.54473817, 48.16988334], [11.5446471, 48.16990449], [11.54454654, 48.16996408], [11.5444573, 48.17002074], [11.54445078, 48.17002498], [11.54381728, 48.16985014], [11.54246628, 48.1694777], [11.54212487, 48.16937987], [11.54203452, 48.16935398], [11.5418413, 48.16929874], [11.54127734, 48.16913715], [11.54008652, 48.16879779], [11.53926955, 48.16856082], [11.53907598, 48.16851042], [11.53860878, 48.16838887], [11.53838863, 48.16830774], [11.5380764, 48.16821085], [11.53785604, 48.16814271], [11.53780829, 48.16812993], [11.5363906, 48.16774872], [11.53645519, 48.16768287], [11.53624389, 48.16761791], [11.53618341, 48.16759938], [11.53615701, 48.1675913], [11.53593592, 48.1675235], [11.53591443, 48.1675209], [11.53586746, 48.16751163], [11.53530458, 48.16735714], [11.53521781, 48.16733314], [11.53519674, 48.16737343], [11.53519969, 48.16737407], [11.53517916, 48.16741409], [11.53512826, 48.16751192], [11.53490549, 48.16794018], [11.53488705, 48.16797168], [11.53486553, 48.16800234], [11.53483688, 48.1680328], [11.53392536, 48.1677464], [11.5324242, 48.16739298], [11.53185995, 48.16753565], [11.53153693, 48.16807872], [11.53133346, 48.16844188], [11.53124141, 48.16868297], [11.53118151, 48.16882144], [11.53112723, 48.16896849], [11.53104166, 48.16924892], [11.53100469, 48.16937007], [11.53049829, 48.16931311], [11.53012464, 48.16928295], [11.52726178, 48.16912939], [11.52688595, 48.1688448], [11.52675914, 48.16883893], [11.52299198, 48.16864322], [11.52197788, 48.16855053], [11.52154222, 48.168494], [11.5212064, 48.16845433], [11.52094061, 48.16842291], [11.5202953, 48.16834678], [11.52006467, 48.1683167], [11.51984517, 48.16828367], [11.51854235, 48.16806403], [11.51682944, 48.16776463], [11.51671806, 48.16775473], [11.51659639, 48.16774818], [11.51653991, 48.16774644], [11.51648891, 48.16774547], [11.51630994, 48.16775719], [11.51613252, 48.16777667], [11.51595733, 48.16780387], [11.51579113, 48.16783742], [11.51561675, 48.16788081], [11.5154528, 48.16793022], [11.51515686, 48.16803762], [11.51498987, 48.16809518], [11.51483479, 48.1681539], [11.5146821, 48.16821682], [11.51447981, 48.16828651], [11.51417336, 48.16838315], [11.51375162, 48.16852267], [11.51304229, 48.16876751], [11.51185333, 48.16936813], [11.51073443, 48.16991447], [11.51021727, 48.16860248], [11.50973788, 48.16756272], [11.50910205, 48.16753156], [11.50823427, 48.16748444], [11.50674107, 48.16740786], [11.50623459, 48.16739566], [11.50526658, 48.16740125], [11.50387989, 48.16739267], [11.50327471, 48.16738065], [11.50192195, 48.16737393], [11.50148748, 48.16737535], [11.50120595, 48.16737811], [11.50120405, 48.16735933], [11.50105115, 48.16736297], [11.50082202, 48.16738196], [11.50048, 48.16745055], [11.50031084, 48.16746665], [11.50002811, 48.16747652], [11.49939444, 48.16753566], [11.49912446, 48.16758801], [11.49873145, 48.16766421], [11.49835672, 48.16665446], [11.4980645, 48.16679657], [11.49765603, 48.16685232], [11.49719802, 48.16691469], [11.49678347, 48.16682584], [11.49641876, 48.16570542], [11.49652964, 48.16559748], [11.49710907, 48.16551934], [11.49716431, 48.16551183], [11.49692931, 48.16548673], [11.49588822, 48.16539085], [11.49588095, 48.16539163], [11.49579098, 48.1654085], [11.49570127, 48.16542699], [11.49561208, 48.16544719], [11.49552422, 48.16546883], [11.49543714, 48.16549202], [11.49535127, 48.16551683], [11.49526632, 48.16554371], [11.49518256, 48.16557176], [11.49509947, 48.16560045], [11.49418534, 48.16592887], [11.49409617, 48.16595652], [11.49400395, 48.16597911], [11.49390882, 48.16599629], [11.49381235, 48.16600845], [11.4937146, 48.16601404], [11.49361649, 48.16601424], [11.49324181, 48.16600054], [11.49306432, 48.16597629], [11.49273691, 48.16588828], [11.49249343, 48.16583065], [11.49245256, 48.16581546], [11.49210928, 48.1656877], [11.4918925, 48.16560072], [11.49182128, 48.16557218], [11.49177791, 48.16555472], [11.49177457, 48.16555345], [11.49176814, 48.16555081], [11.49176654, 48.16555017], [11.49188539, 48.1654165], [11.49190759, 48.16539153], [11.49191398, 48.16538494], [11.49194613, 48.16535179], [11.4920101, 48.16528585], [11.49193527, 48.16526771], [11.49182751, 48.16523567], [11.4918282, 48.16520509], [11.4918286, 48.16519133], [11.49178937, 48.165189], [11.49172837, 48.1651854], [11.49172968, 48.1651756], [11.49173196, 48.16517579], [11.49174072, 48.16510541], [11.49138592, 48.1649031], [11.4913843, 48.16490435], [11.49116506, 48.16477926], [11.49116668, 48.16477801], [11.49083728, 48.16459127], [11.48979528, 48.16399573], [11.48978826, 48.16399858], [11.48977734, 48.1640023], [11.48976981, 48.16400272], [11.48976121, 48.16400178], [11.48975062, 48.16399868], [11.48974808, 48.16399723], [11.48974117, 48.16398919], [11.48973883, 48.16398154], [11.48974051, 48.16397516], [11.48974936, 48.16396342], [11.48975383, 48.16396011], [11.48971262, 48.16390056], [11.4897106, 48.16390127], [11.48941819, 48.16349525], [11.48942034, 48.16349481], [11.48935417, 48.1634029], [11.48935391, 48.16340244], [11.48935189, 48.16340315], [11.48920748, 48.16320352], [11.48920991, 48.16320272], [11.48916479, 48.16314433], [11.48916721, 48.16314362], [11.48901552, 48.16293301], [11.48901525, 48.16293256], [11.4890131, 48.16293318], [11.48891524, 48.16279689], [11.48891713, 48.16279627], [11.48887694, 48.16274149], [11.48887519, 48.16274202], [11.48843528, 48.16287035], [11.48842059, 48.1628746], [11.48837436, 48.16284723], [11.48828179, 48.16280175], [11.48820715, 48.16276508], [11.48814984, 48.1627414], [11.4880362, 48.16269444], [11.48785643, 48.16263398], [11.48760974, 48.16255598], [11.48735954, 48.16248713], [11.48712408, 48.16243151], [11.48691547, 48.16239356], [11.48670066, 48.16236389], [11.48648441, 48.16233421], [11.48622376, 48.16230877], [11.48610188, 48.16230435], [11.48607756, 48.16230369], [11.48596777, 48.16230064], [11.48583162, 48.16229863], [11.48569448, 48.16230075], [11.48555812, 48.16230549], [11.48542128, 48.16231306], [11.48530311, 48.16232188], [11.48528562, 48.16232315], [11.48514421, 48.16233591], [11.48500131, 48.16235127], [11.484934, 48.16236112], [11.48484851, 48.1623735], [11.48483155, 48.16237639], [11.48468572, 48.16240099], [11.48422307, 48.16247893], [11.48411478, 48.1624993], [11.48375822, 48.16256596], [11.48339752, 48.16268403], [11.48337341, 48.16266242], [11.48293057, 48.16220549], [11.4829048, 48.1621747], [11.48260755, 48.1618207], [11.48237286, 48.16150529], [11.48207373, 48.16102251], [11.48203231, 48.16095587], [11.48194175, 48.16077218], [11.48181956, 48.16052423], [11.4816872, 48.1602553], [11.48164351, 48.16013548], [11.48160139, 48.16001917], [11.48153493, 48.15983638], [11.48150222, 48.15974656], [11.48138538, 48.15931287], [11.48129969, 48.15887572], [11.48129186, 48.15874726], [11.48126927, 48.15848417], [11.48125435, 48.15830899], [11.48126749, 48.15760562], [11.48131062, 48.1574122], [11.48132591, 48.15734458], [11.48139428, 48.15701487], [11.48140985, 48.15694552], [11.48146316, 48.15674286], [11.48152408, 48.15650542], [11.48153457, 48.15647012], [11.48157489, 48.15635973], [11.48173159, 48.15596268], [11.48176517, 48.15586892], [11.48178264, 48.15580677], [11.48183173, 48.15566032], [11.4818365, 48.15564218], [11.48183761, 48.15562302], [11.48183326, 48.15560736], [11.48182587, 48.15559564], [11.48181513, 48.15558544], [11.48179692, 48.15557512], [11.48177688, 48.15556998], [11.48172848, 48.15557085], [11.48173272, 48.1555576], [11.48176677, 48.15545128], [11.48180056, 48.15545634], [11.48220573, 48.15441184], [11.48229613, 48.15422315], [11.48254203, 48.1536936], [11.48267695, 48.1534399], [11.48284513, 48.15316345], [11.48335914, 48.15242095], [11.48365726, 48.15201797], [11.48399488, 48.15157703], [11.48413189, 48.15140654], [11.48427586, 48.15124496], [11.48453202, 48.15099927], [11.48487273, 48.15067268], [11.48512751, 48.1504306], [11.48532741, 48.15024636], [11.48574855, 48.14987622], [11.48654333, 48.14919081], [11.48676624, 48.14901333], [11.48688384, 48.14891277], [11.48703411, 48.1487804], [11.48714502, 48.14868765], [11.48726824, 48.1485766], [11.48749803, 48.14839991], [11.4876787, 48.14827073], [11.48791791, 48.14810913], [11.48817588, 48.14794208], [11.4883442, 48.14783778], [11.48851637, 48.14773753], [11.48873219, 48.14761686], [11.48896857, 48.14749366], [11.48922625, 48.14737905], [11.48961326, 48.14720055], [11.48997202, 48.14704577], [11.49034934, 48.14690038], [11.49101291, 48.14666465], [11.49097665, 48.1466222], [11.49249027, 48.14610938], [11.49331617, 48.14601177], [11.49417239, 48.14585161], [11.49528485, 48.14556634], [11.49582723, 48.14542724], [11.49597898, 48.14539247], [11.49598899, 48.14540194], [11.49664247, 48.14523854], [11.49888885, 48.14490109], [11.50009727, 48.14477493], [11.50058267, 48.14472655], [11.50129104, 48.14465863], [11.50145488, 48.14462631], [11.50149106, 48.14477891], [11.5016525, 48.14476178], [11.5016503, 48.14475278], [11.5020789, 48.1447081], [11.50208083, 48.14471647], [11.50225021, 48.14469889], [11.50234476, 48.14468908], [11.50243318, 48.14469939], [11.50254984, 48.14468807], [11.50256719, 48.14468626], [11.50256732, 48.14468707], [11.50275016, 48.14466712], [11.50276455, 48.14467969], [11.50290112, 48.14466301], [11.50304996, 48.14464317], [11.50335587, 48.14461026], [11.50349749, 48.14459355], [11.50357669, 48.14458536], [11.50355169, 48.14447895], [11.50396253, 48.14443347], [11.50458286, 48.14436696], [11.50517507, 48.14428603], [11.50523286, 48.14427152], [11.50554562, 48.14423882], [11.50558043, 48.14412233], [11.50554298, 48.14396824], [11.51022525, 48.14347862], [11.51076899, 48.14342578], [11.51143631, 48.14336638], [11.51211209, 48.14332156], [11.51247518, 48.14330764], [11.51279185, 48.14329536], [11.5134735, 48.14329063], [11.51409837, 48.14330589], [11.51475294, 48.14333048], [11.51676023, 48.14342215], [11.51731918, 48.14343841], [11.51785412, 48.14344736], [11.51840601, 48.143438], [11.5188993, 48.14341789], [11.51943245, 48.14338874], [11.51957196, 48.14337987], [11.51964628, 48.14358573], [11.52002671, 48.14354857], [11.52121293, 48.14344827], [11.52268657, 48.14333102], [11.52299158, 48.14333615], [11.52474477, 48.1431818], [11.5259553, 48.14308573], [11.52729956, 48.14297834], [11.52858242, 48.14287732], [11.52905267, 48.14283608], [11.52946142, 48.14280582], [11.52990543, 48.14278434], [11.53016981, 48.14277461], [11.53063672, 48.14276356], [11.53084099, 48.14276241], [11.53113445, 48.14276567], [11.53134006, 48.1427723], [11.53162691, 48.14278694], [11.53190505, 48.14280505], [11.5320868, 48.14282379], [11.53225664, 48.1428359], [11.53241741, 48.14284096], [11.53349177, 48.14283854], [11.53394995, 48.14282462], [11.53439442, 48.14280216], [11.53467589, 48.14280297], [11.53500253, 48.1428111], [11.53497519, 48.14268429], [11.53497846, 48.14260588], [11.53542926, 48.1426158], [11.53553899, 48.14253775], [11.53582146, 48.14254544], [11.53581061, 48.14277713], [11.53580825, 48.14284222], [11.53647337, 48.14285288], [11.53703741, 48.14285018], [11.53753521, 48.14283815], [11.53788221, 48.14282783], [11.53833935, 48.14281051], [11.53892564, 48.14279337], [11.5389995, 48.14292252], [11.53922767, 48.14332161], [11.53927451, 48.14340352], [11.53959936, 48.14341435], [11.53970947, 48.14342096], [11.54019638, 48.14389574], [11.54030514, 48.14400544], [11.54132212, 48.14501806], [11.54143222, 48.1451437], [11.5415765, 48.1453072], [11.54225232, 48.14599095], [11.54256963, 48.14626327], [11.54293168, 48.14648151], [11.54333316, 48.14682911], [11.54547549, 48.14866866], [11.54557761, 48.1487719], [11.54563345, 48.14883119], [11.54675724, 48.14981439], [11.5479697, 48.14957373], [11.54816972, 48.15002836], [11.54884432, 48.15102183], [11.54889071, 48.15107155], [11.54892832, 48.15111474], [11.54947296, 48.15189658], [11.55366244, 48.15418912], [11.5538389, 48.15427036], [11.55401985, 48.15435372], [11.55598808, 48.15543137], [11.55426684, 48.15685262], [11.55211362, 48.15863028], [11.54964086, 48.16067553], [11.54963276, 48.16068153], [11.55077973, 48.16130302], [11.5514006, 48.16147145], [11.55295755, 48.16149044], [11.55298923, 48.16478993], [11.55304993, 48.1655089], [11.55320321, 48.16616544], [11.55341628, 48.16662748], [11.55373314, 48.16706472], [11.55414657, 48.16746176], [11.55449992, 48.16773659], [11.55381441, 48.16819547], [11.55343464, 48.16834292], [11.55307416, 48.16839303], [11.55253354, 48.16836804], [11.55098935, 48.16823541], [11.55060474, 48.16821921], [11.55020619, 48.16827496], [11.54980793, 48.1684403], [11.54951894, 48.16870059], [11.54929861, 48.16904135], [11.54865467, 48.17006053]]]}}, {"type": "Feature", "properties": {"ref": "11", "name": "Milbertshofen-Am Hart"}, "geometry": {"type": "Polygon", "coordinates": [[[11.5871278, 48.2240851], [11.5870509, 48.22422745], [11.58703041, 48.22426677], [11.58704484, 48.22427887], [11.58700234, 48.22437764], [11.58692491, 48.22446837], [11.58681463, 48.22459046], [11.58666027, 48.22473486], [11.5862006, 48.225097], [11.58574619, 48.22543834], [11.58501797, 48.22597676], [11.5844034, 48.22648321], [11.58399868, 48.22684449], [11.58336741, 48.22738802], [11.58304312, 48.22764771], [11.58273434, 48.22800304], [11.5827728, 48.22800651], [11.58268631, 48.22810937], [11.58232219, 48.22854231], [11.58230316, 48.22856518], [11.58225004, 48.22856041], [11.57959641, 48.22831964], [11.57849795, 48.22821653], [11.57779605, 48.22815064], [11.57749787, 48.22813033], [11.57734007, 48.22808739], [11.57547664, 48.2279319], [11.57379608, 48.22777865], [11.57129392, 48.22759076], [11.56876181, 48.22743494], [11.56808466, 48.22739931], [11.56611444, 48.22729525], [11.56577945, 48.22727753], [11.56495281, 48.22724656], [11.56485158, 48.22710324], [11.56462296, 48.22677968], [11.56452571, 48.22664213], [11.563243, 48.22482599], [11.56364278, 48.22395224], [11.56403888, 48.2239289], [11.56405145, 48.22390647], [11.56461759, 48.2228929], [11.56401355, 48.22274273], [11.56417491, 48.2224337], [11.56424031, 48.22230857], [11.56435851, 48.22208202], [11.56449175, 48.22182763], [11.56368923, 48.22114474], [11.56350313, 48.22098637], [11.56269285, 48.22029678], [11.56238524, 48.22003494], [11.56237735, 48.22002924], [11.56236797, 48.22002453], [11.56235764, 48.22002098], [11.56234662, 48.22001869], [11.56233505, 48.22001766], [11.56232334, 48.22001797], [11.56232256, 48.22001809], [11.56231202, 48.22001973], [11.56230123, 48.22002265], [11.56235077, 48.22000567], [11.56311964, 48.21974088], [11.56239159, 48.21818794], [11.56224636, 48.21782339], [11.56201317, 48.21669015], [11.56257005, 48.21280814], [11.56266375, 48.21215533], [11.5631423, 48.20878338], [11.5631667, 48.20860544], [11.56371413, 48.20475205], [11.56372661, 48.20467029], [11.5641438, 48.20172243], [11.56416798, 48.20154671], [11.56419568, 48.20112851], [11.56426724, 48.20005563], [11.56451828, 48.19828039], [11.56453303, 48.1981761], [11.56463235, 48.19747333], [11.56501609, 48.19476726], [11.56516077, 48.19374887], [11.56531698, 48.19265072], [11.56561395, 48.19057509], [11.56530316, 48.1905461], [11.56496167, 48.19051452], [11.56490834, 48.19050975], [11.56487516, 48.19050676], [11.56463528, 48.19048511], [11.56452865, 48.19047544], [11.56368766, 48.19039946], [11.56347222, 48.19037995], [11.56331997, 48.19036624], [11.56330693, 48.19036502], [11.56291422, 48.19032958], [11.5624553, 48.19037282], [11.56239209, 48.19037276], [11.56235525, 48.19037262], [11.56222494, 48.1903725], [11.56192263, 48.19037202], [11.56164788, 48.1904135], [11.56158608, 48.19042288], [11.56112331, 48.19043988], [11.560015, 48.19042435], [11.55840011, 48.19040178], [11.55557639, 48.19036214], [11.55436785, 48.19034536], [11.55343213, 48.19036443], [11.55261273, 48.19030628], [11.55213319, 48.19027152], [11.55178578, 48.19024007], [11.5517604, 48.19028171], [11.55174792, 48.19027833], [11.55167318, 48.19025797], [11.55131129, 48.19024021], [11.55003466, 48.19018468], [11.54991101, 48.19019002], [11.5498257, 48.19019372], [11.54981453, 48.19019422], [11.54972469, 48.19019809], [11.5496411, 48.19020172], [11.54937895, 48.19021313], [11.54912768, 48.19016141], [11.54817686, 48.18996548], [11.54745099, 48.18986594], [11.5470725, 48.18981446], [11.5467259, 48.18976723], [11.54629924, 48.18970817], [11.54623812, 48.18969974], [11.54615685, 48.18968843], [11.54609572, 48.18968001], [11.54600115, 48.18966688], [11.54527625, 48.18956878], [11.54491704, 48.18951815], [11.54461983, 48.18948342], [11.54427452, 48.18945618], [11.54428507, 48.18934464], [11.54357379, 48.1892297], [11.54288785, 48.18912304], [11.54255667, 48.18908408], [11.54196758, 48.18899181], [11.54154387, 48.1889378], [11.54152166, 48.18875052], [11.54126244, 48.18656477], [11.5412423, 48.18639501], [11.54122353, 48.18623675], [11.54112665, 48.18563031], [11.54102286, 48.18509572], [11.5408948, 48.18456321], [11.54071768, 48.18395338], [11.54023848, 48.18245181], [11.54010418, 48.1819737], [11.54000958, 48.181571], [11.5399294, 48.1811115], [11.5398921, 48.18067024], [11.53987753, 48.18023682], [11.53991446, 48.1797677], [11.5399924, 48.1793329], [11.54010747, 48.17887522], [11.54040953, 48.17780992], [11.54047188, 48.17752892], [11.54051386, 48.17724301], [11.54054258, 48.17697527], [11.54054795, 48.17669649], [11.54051558, 48.1762445], [11.54041815, 48.17578357], [11.54027401, 48.17535835], [11.54008266, 48.17492548], [11.53941756, 48.17367329], [11.53916863, 48.17314456], [11.53889828, 48.17246087], [11.53873891, 48.17200979], [11.53860379, 48.17155396], [11.53851256, 48.17115687], [11.53847777, 48.17098308], [11.53838535, 48.17050177], [11.53828674, 48.16989707], [11.53811951, 48.16863378], [11.5380764, 48.16821085], [11.53838863, 48.16830774], [11.53860878, 48.16838887], [11.53907598, 48.16851042], [11.53926955, 48.16856082], [11.54008652, 48.16879779], [11.54127734, 48.16913715], [11.5418413, 48.16929874], [11.54203452, 48.16935398], [11.54212487, 48.16937987], [11.54246628, 48.1694777], [11.54381728, 48.16985014], [11.54445078, 48.17002498], [11.5444573, 48.17002074], [11.54454654, 48.16996408], [11.5446471, 48.16990449], [11.54473817, 48.16988334], [11.54476858, 48.16988094], [11.54504388, 48.16985926], [11.54510523, 48.16985439], [11.54512069, 48.16985526], [11.54519877, 48.16985962], [11.54529257, 48.1698654], [11.5453861, 48.16987242], [11.54547906, 48.1698815], [11.54557175, 48.16989211], [11.54589125, 48.16998207], [11.5460054, 48.17001417], [11.54618493, 48.17007126], [11.54640972, 48.17014119], [11.54667494, 48.17022385], [11.54677788, 48.17024439], [11.54705326, 48.17028792], [11.5471614, 48.17029934], [11.54735927, 48.17031702], [11.54748835, 48.17032947], [11.54754319, 48.17033662], [11.54759086, 48.17034441], [11.54764151, 48.17035434], [11.54769187, 48.17036596], [11.54774205, 48.17037843], [11.54778577, 48.1703909], [11.54783609, 48.17040725], [11.54787879, 48.1704229], [11.54790176, 48.17043195], [11.54803401, 48.17051447], [11.54811457, 48.17057548], [11.5481485, 48.17059757], [11.54847009, 48.17030512], [11.54865467, 48.17006053], [11.54929861, 48.16904135], [11.54951894, 48.16870059], [11.54980793, 48.1684403], [11.55020619, 48.16827496], [11.55060474, 48.16821921], [11.55098935, 48.16823541], [11.55253354, 48.16836804], [11.55307416, 48.16839303], [11.55343464, 48.16834292], [11.55381441, 48.16819547], [11.55449992, 48.16773659], [11.55506355, 48.16803912], [11.55552378, 48.16822742], [11.55620574, 48.16839722], [11.55689693, 48.16850893], [11.55760076, 48.16857462], [11.55839808, 48.16860987], [11.55920058, 48.16860541], [11.55999586, 48.16856072], [11.56158557, 48.16843254], [11.56092119, 48.17016054], [11.56063309, 48.17165337], [11.56065879, 48.17165563], [11.56083859, 48.1716714], [11.56081634, 48.17172627], [11.56076825, 48.17184492], [11.56075597, 48.17188075], [11.56070637, 48.17201967], [11.56064465, 48.1721945], [11.56059347, 48.17237093], [11.56055418, 48.17254885], [11.56054576, 48.17258947], [11.56051713, 48.17272876], [11.56048238, 48.17290718], [11.56045126, 48.17308584], [11.56042673, 48.17326491], [11.56042672, 48.173265], [11.56040999, 48.17344445], [11.56040062, 48.17362437], [11.56039797, 48.17380431], [11.56039959, 48.17391294], [11.56039757, 48.17411918], [11.56032123, 48.17420664], [11.55986764, 48.1746545], [11.55944006, 48.17497667], [11.55831624, 48.17590677], [11.55845753, 48.1761], [11.56125567, 48.17605346], [11.5641372, 48.17600396], [11.56537245, 48.17608931], [11.56624776, 48.17626166], [11.56688889, 48.17644594], [11.56765349, 48.17667313], [11.56851625, 48.17693097], [11.57079504, 48.17757656], [11.5708696, 48.17759698], [11.5716366, 48.17780495], [11.57224663, 48.17791886], [11.57285656, 48.17798496], [11.57299334, 48.17799608], [11.57332165, 48.17802363], [11.57339481, 48.17803029], [11.57456638, 48.17804981], [11.5756923, 48.17801522], [11.57680788, 48.1779322], [11.57913152, 48.17770389], [11.57972627, 48.17764552], [11.58045738, 48.17759137], [11.58118771, 48.17757973], [11.58325423, 48.17760832], [11.58485427, 48.17763469], [11.58526834, 48.17764154], [11.58499929, 48.18060496], [11.58489765, 48.18172637], [11.58463639, 48.184481], [11.5844492, 48.18676703], [11.58438155, 48.1878847], [11.58437221, 48.18802407], [11.58417113, 48.19048494], [11.58416116, 48.1906069], [11.58403822, 48.19219502], [11.58401269, 48.19302196], [11.58435294, 48.19303913], [11.58435255, 48.19305033], [11.58437316, 48.1930416], [11.58439753, 48.19304239], [11.58469638, 48.19306114], [11.58479667, 48.19306743], [11.58501416, 48.19308095], [11.58523398, 48.19309482], [11.58535039, 48.19310219], [11.5854641, 48.19310936], [11.5856913, 48.19312351], [11.58590037, 48.19313667], [11.5859282, 48.19313838], [11.58604302, 48.19314555], [11.58616012, 48.1931529], [11.58639783, 48.193168], [11.58651328, 48.19317527], [11.58663491, 48.19318293], [11.58686774, 48.19319749], [11.58705986, 48.19320952], [11.58707882, 48.19321076], [11.58710275, 48.19321274], [11.58733316, 48.19323114], [11.58756489, 48.19325006], [11.58779287, 48.19327315], [11.58802301, 48.19329622], [11.5882488, 48.19331876], [11.58881998, 48.19337563], [11.58889292, 48.19356638], [11.58893851, 48.19368558], [11.58897225, 48.19377355], [11.58899781, 48.19384055], [11.58902575, 48.19391367], [11.58905711, 48.1939957], [11.58911655, 48.19415065], [11.58916059, 48.19427928], [11.58916663, 48.19429746], [11.58920567, 48.19444616], [11.58921664, 48.19450421], [11.58923407, 48.19459618], [11.58924996, 48.19474677], [11.58925221, 48.19481943], [11.58925454, 48.19489802], [11.58924803, 48.19504935], [11.58923694, 48.19518286], [11.5892365, 48.19518798], [11.58922566, 48.19531635], [11.58921451, 48.19544974], [11.58920351, 48.19558082], [11.5891937, 48.19569824], [11.58919252, 48.19571182], [11.58918165, 48.19584288], [11.58916947, 48.19598733], [11.5891607, 48.19609269], [11.58915937, 48.19610879], [11.58915743, 48.1961318], [11.58914526, 48.19627647], [11.58913321, 48.19642083], [11.58912102, 48.19656537], [11.58910897, 48.19671003], [11.58909753, 48.19684587], [11.58909645, 48.19686359], [11.58932338, 48.19683344], [11.58965691, 48.19678903], [11.58974914, 48.19677696], [11.59014458, 48.19809475], [11.59018363, 48.19822644], [11.59018713, 48.19823816], [11.59033293, 48.19872685], [11.58988741, 48.19877421], [11.58998384, 48.19912497], [11.59008194, 48.19948239], [11.59010353, 48.19956071], [11.59041227, 48.20068353], [11.59050432, 48.20101884], [11.59054641, 48.20117247], [11.59056564, 48.20124276], [11.5905668, 48.20124699], [11.59059347, 48.20134474], [11.59061449, 48.20143741], [11.58702213, 48.2011193], [11.58530235, 48.20096126], [11.5862151, 48.20562517], [11.5862487, 48.20572872], [11.58671097, 48.20807663], [11.58716386, 48.21039648], [11.58750822, 48.21217359], [11.58762919, 48.21278633], [11.58768402, 48.21312191], [11.58772331, 48.21348058], [11.58767532, 48.21347967], [11.58753686, 48.21347709], [11.58752073, 48.21347679], [11.58750916, 48.21347655], [11.58750055, 48.21347636], [11.58749988, 48.21347636], [11.58746665, 48.21347589], [11.58747677, 48.21364105], [11.58748382, 48.21381869], [11.58748671, 48.21399529], [11.58748653, 48.21435429], [11.58747989, 48.21523243], [11.58746937, 48.21668523], [11.5874613, 48.21780193], [11.58745362, 48.21890696], [11.58745202, 48.2191585], [11.58745619, 48.21915834], [11.58744787, 48.22008008], [11.58744776, 48.22009348], [11.58744771, 48.22009978], [11.58744662, 48.22023539], [11.58744483, 48.22047564], [11.58744221, 48.22063572], [11.58744337, 48.22064139], [11.58744007, 48.22100392], [11.58744707, 48.22100323], [11.58744431, 48.22149976], [11.58744267, 48.22151981], [11.58744073, 48.22211529], [11.58749765, 48.22213446], [11.5874921, 48.22217221], [11.58746062, 48.2223894], [11.58739282, 48.2228548], [11.58716045, 48.22400959], [11.58715574, 48.22400912], [11.5871278, 48.2240851]]]}}, {"type": "Feature", "properties": {"ref": "12", "name": "Schwabing-Freimann"}, "geometry": {"type": "Polygon", "coordinates": [[[11.62550628, 48.22903202], [11.62460857, 48.22924365], [11.62423661, 48.22887055], [11.62410841, 48.22870097], [11.62344226, 48.22874604], [11.62290201, 48.22876757], [11.62284399, 48.2287699], [11.62269535, 48.2287605], [11.62236371, 48.22873962], [11.62240538, 48.22829091], [11.62244989, 48.22807559], [11.62245714, 48.22804063], [11.62247837, 48.22797109], [11.6225029, 48.22789373], [11.62252009, 48.22782922], [11.62252932, 48.22776575], [11.62252926, 48.2277385], [11.62252909, 48.22770711], [11.62252295, 48.22764746], [11.62249672, 48.22755554], [11.62245514, 48.22755487], [11.62232399, 48.22755288], [11.62226241, 48.22755193], [11.62193214, 48.22754689], [11.6216397, 48.22757849], [11.62155863, 48.22758399], [11.62140324, 48.22759061], [11.6211607, 48.22759652], [11.62077095, 48.22759747], [11.62065587, 48.22759772], [11.62057204, 48.22759843], [11.62018779, 48.22761831], [11.61975117, 48.22764088], [11.61940735, 48.22764183], [11.6190974, 48.22764276], [11.61896282, 48.2276441], [11.61887767, 48.22764496], [11.61872908, 48.22763529], [11.61841024, 48.22761379], [11.61817763, 48.22758838], [11.61817757, 48.22758838], [11.61813734, 48.22758792], [11.61808108, 48.22758727], [11.61750116, 48.22762291], [11.61703753, 48.22768485], [11.61658804, 48.22773551], [11.61600627, 48.22775668], [11.61590957, 48.2277632], [11.61416592, 48.22792787], [11.61391103, 48.22742294], [11.61360891, 48.22692168], [11.61356664, 48.22685149], [11.61355377, 48.22682975], [11.61327238, 48.22635433], [11.61326509, 48.22634202], [11.61321376, 48.22625536], [11.613103, 48.22606834], [11.61294425, 48.22557839], [11.61272798, 48.22559005], [11.61261068, 48.22559636], [11.61195356, 48.22563165], [11.61192108, 48.2256334], [11.61179556, 48.2256401], [11.61167209, 48.22564698], [11.61156116, 48.22565249], [11.61145247, 48.22564585], [11.611329, 48.22563742], [11.61121223, 48.2256259], [11.61108924, 48.2256122], [11.61098468, 48.22559676], [11.61087593, 48.22557911], [11.61075017, 48.2255593], [11.61063495, 48.22555637], [11.61051222, 48.22555022], [11.61037992, 48.22554703], [11.61025753, 48.22554705], [11.61013925, 48.2255505], [11.61001515, 48.22555372], [11.60993108, 48.22555289], [11.60989691, 48.22555191], [11.6098429, 48.2255484], [11.6098067, 48.22554604], [11.60973131, 48.2255431], [11.609684, 48.22554126], [11.60956365, 48.22554151], [11.60943508, 48.22554883], [11.60931677, 48.2255614], [11.60919638, 48.22557899], [11.60907799, 48.22560529], [11.60896368, 48.22563687], [11.60885281, 48.22566525], [11.60868622, 48.22570564], [11.60813941, 48.22565915], [11.60795151, 48.22622512], [11.6076927, 48.22688203], [11.60753661, 48.22730017], [11.60786956, 48.22736714], [11.60804906, 48.22740318], [11.60908386, 48.22761126], [11.60905015, 48.22773976], [11.60904684, 48.22775242], [11.60902562, 48.22783301], [11.6088727, 48.22841254], [11.60708317, 48.22815852], [11.60711414, 48.22807083], [11.6071221, 48.22804838], [11.60715666, 48.22795118], [11.60720832, 48.22795749], [11.60741155, 48.22751659], [11.60745028, 48.22743244], [11.60749941, 48.22732603], [11.6069871, 48.22719101], [11.60606412, 48.22692704], [11.60587662, 48.22686561], [11.60570893, 48.22677096], [11.60586698, 48.22668054], [11.60596322, 48.22662769], [11.6061298, 48.22651005], [11.6062359, 48.22641995], [11.60626247, 48.22639739], [11.60631843, 48.22632458], [11.60636177, 48.22624698], [11.60645218, 48.2261048], [11.60655634, 48.22594961], [11.60665258, 48.22580511], [11.60675391, 48.22565971], [11.60685901, 48.22551249], [11.60696137, 48.22536526], [11.60699804, 48.22531077], [11.60750839, 48.22455226], [11.60756741, 48.22448426], [11.60786192, 48.22415986], [11.60792429, 48.22409119], [11.60801109, 48.22399559], [11.60811971, 48.22388116], [11.60833092, 48.2236586], [11.60846444, 48.22351796], [11.60851144, 48.22346845], [11.60866428, 48.22330746], [11.60877546, 48.22317218], [11.60903708, 48.22283307], [11.60906571, 48.22279594], [11.60921635, 48.22260061], [11.60926605, 48.22252667], [11.60946547, 48.22221675], [11.60951359, 48.22213806], [11.6095536, 48.22206364], [11.60962621, 48.22191323], [11.6096693, 48.2218408], [11.60975858, 48.22170979], [11.61012836, 48.22117715], [11.61017213, 48.22110247], [11.6102144, 48.22103057], [11.61026113, 48.22095724], [11.61088778, 48.22014332], [11.61110504, 48.21985534], [11.61121208, 48.21970841], [11.61145805, 48.21934134], [11.61150478, 48.21926694], [11.61154722, 48.21918991], [11.61157236, 48.21913927], [11.61096035, 48.21921531], [11.61087884, 48.2189418], [11.60991821, 48.21898833], [11.60943794, 48.21901506], [11.60883924, 48.21905624], [11.60872383, 48.21906497], [11.60859767, 48.21907276], [11.60776368, 48.21911752], [11.60740622, 48.21913475], [11.60668428, 48.21916978], [11.60656156, 48.21917368], [11.60620317, 48.21918118], [11.60623362, 48.21862244], [11.60623834, 48.21858639], [11.60624336, 48.21854539], [11.60626736, 48.21840125], [11.60611425, 48.21837834], [11.60587378, 48.21834552], [11.6056331, 48.21832446], [11.60540088, 48.2183177], [11.60505723, 48.21832513], [11.604818, 48.21833546], [11.60483014, 48.21814233], [11.6048435, 48.21806827], [11.60487983, 48.21791364], [11.60495468, 48.21763519], [11.60500527, 48.21748144], [11.60183101, 48.21686066], [11.6018466, 48.21664674], [11.60184908, 48.21661287], [11.60191745, 48.21623145], [11.60200208, 48.21563947], [11.60203594, 48.21510824], [11.60183932, 48.2150794], [11.60184972, 48.21497987], [11.60151406, 48.21494483], [11.60153141, 48.21465822], [11.60158654, 48.21441175], [11.60167244, 48.21404738], [11.60170334, 48.21393326], [11.60183419, 48.21334936], [11.60113733, 48.2133061], [11.60096051, 48.21330002], [11.6008216, 48.21330046], [11.60047325, 48.21330885], [11.60012767, 48.21331111], [11.59978548, 48.21332045], [11.59942989, 48.21333612], [11.59885155, 48.21338991], [11.59823483, 48.21340499], [11.5954942, 48.21343042], [11.59541385, 48.21343117], [11.59482102, 48.21343659], [11.59347663, 48.21350264], [11.59218289, 48.21356643], [11.59039971, 48.21353208], [11.59009189, 48.21352624], [11.58906549, 48.2135064], [11.58877489, 48.21350044], [11.58817593, 48.21348928], [11.5880266, 48.21348642], [11.58798032, 48.21348553], [11.58793968, 48.21348475], [11.5879113, 48.2134842], [11.58776612, 48.2134814], [11.58773747, 48.21348085], [11.58772331, 48.21348058], [11.58768402, 48.21312191], [11.58762919, 48.21278633], [11.58750822, 48.21217359], [11.58716386, 48.21039648], [11.58671097, 48.20807663], [11.5862487, 48.20572872], [11.5862151, 48.20562517], [11.58530235, 48.20096126], [11.58702213, 48.2011193], [11.59061449, 48.20143741], [11.59059347, 48.20134474], [11.5905668, 48.20124699], [11.59056564, 48.20124276], [11.59054641, 48.20117247], [11.59050432, 48.20101884], [11.59041227, 48.20068353], [11.59010353, 48.19956071], [11.59008194, 48.19948239], [11.58998384, 48.19912497], [11.58988741, 48.19877421], [11.59033293, 48.19872685], [11.59018713, 48.19823816], [11.59018363, 48.19822644], [11.59014458, 48.19809475], [11.58974914, 48.19677696], [11.58965691, 48.19678903], [11.58932338, 48.19683344], [11.58909645, 48.19686359], [11.58909753, 48.19684587], [11.58910897, 48.19671003], [11.58912102, 48.19656537], [11.58913321, 48.19642083], [11.58914526, 48.19627647], [11.58915743, 48.1961318], [11.58915937, 48.19610879], [11.5891607, 48.19609269], [11.58916947, 48.19598733], [11.58918165, 48.19584288], [11.58919252, 48.19571182], [11.5891937, 48.19569824], [11.58920351, 48.19558082], [11.58921451, 48.19544974], [11.58922566, 48.19531635], [11.5892365, 48.19518798], [11.58923694, 48.19518286], [11.58924803, 48.19504935], [11.58925454, 48.19489802], [11.58925221, 48.19481943], [11.58924996, 48.19474677], [11.58923407, 48.19459618], [11.58921664, 48.19450421], [11.58920567, 48.19444616], [11.58916663, 48.19429746], [11.58916059, 48.19427928], [11.58911655, 48.19415065], [11.58905711, 48.1939957], [11.58902575, 48.19391367], [11.58899781, 48.19384055], [11.58897225, 48.19377355], [11.58893851, 48.19368558], [11.58889292, 48.19356638], [11.58881998, 48.19337563], [11.5882488, 48.19331876], [11.58802301, 48.19329622], [11.58779287, 48.19327315], [11.58756489, 48.19325006], [11.58733316, 48.19323114], [11.58710275, 48.19321274], [11.58707882, 48.19321076], [11.58705986, 48.19320952], [11.58686774, 48.19319749], [11.58663491, 48.19318293], [11.58651328, 48.19317527], [11.58639783, 48.193168], [11.58616012, 48.1931529], [11.58604302, 48.19314555], [11.5859282, 48.19313838], [11.58590037, 48.19313667], [11.5856913, 48.19312351], [11.5854641, 48.19310936], [11.58535039, 48.19310219], [11.58523398, 48.19309482], [11.58501416, 48.19308095], [11.58479667, 48.19306743], [11.58469638, 48.19306114], [11.58439753, 48.19304239], [11.58437316, 48.1930416], [11.58435255, 48.19305033], [11.58435294, 48.19303913], [11.58401269, 48.19302196], [11.58403822, 48.19219502], [11.58416116, 48.1906069], [11.58417113, 48.19048494], [11.58437221, 48.18802407], [11.58438155, 48.1878847], [11.5844492, 48.18676703], [11.58463639, 48.184481], [11.58489765, 48.18172637], [11.58499929, 48.18060496], [11.58526834, 48.17764154], [11.58527482, 48.17756896], [11.58536338, 48.17657858], [11.58496713, 48.17654544], [11.58437956, 48.1764967], [11.5839813, 48.17646446], [11.58327376, 48.17640566], [11.58163454, 48.17627016], [11.5821184, 48.1736533], [11.58242543, 48.17229368], [11.58270896, 48.17106738], [11.58274079, 48.17090209], [11.58289575, 48.17008128], [11.58314914, 48.16932044], [11.58304468, 48.16903224], [11.58285988, 48.16887682], [11.58270392, 48.16830446], [11.58262988, 48.16776133], [11.58262413, 48.16714453], [11.5813283, 48.16709701], [11.58109996, 48.16708709], [11.57931637, 48.16711058], [11.57916801, 48.16711328], [11.57905338, 48.16667554], [11.57907092, 48.1665276], [11.57907742, 48.1664656], [11.57948158, 48.16403689], [11.57950318, 48.16396175], [11.57952763, 48.1638796], [11.57993949, 48.16287503], [11.57992765, 48.16279722], [11.57982608, 48.16212991], [11.57966719, 48.16113562], [11.58039957, 48.16107702], [11.58038748, 48.16099928], [11.58022912, 48.16002862], [11.58020298, 48.15986841], [11.58005361, 48.15891696], [11.58002298, 48.15873773], [11.57988851, 48.15795183], [11.5798651, 48.15781505], [11.57984616, 48.15768635], [11.57959079, 48.15574285], [11.57928764, 48.15468092], [11.58088598, 48.15448898], [11.5826827, 48.15414892], [11.58265252, 48.1540853], [11.58264182, 48.15406269], [11.58252626, 48.15383693], [11.58252361, 48.15383188], [11.58241601, 48.1535962], [11.58223424, 48.15321893], [11.58214808, 48.15323668], [11.58207812, 48.15308747], [11.58179042, 48.15247351], [11.58175896, 48.15240657], [11.58174317, 48.15233184], [11.58185781, 48.15230701], [11.58192239, 48.15216834], [11.5819861, 48.15212061], [11.58205425, 48.15210439], [11.58213165, 48.15210772], [11.58222072, 48.15213403], [11.58232893, 48.15221149], [11.58246965, 48.15218389], [11.58352141, 48.15197073], [11.58445878, 48.15182895], [11.58459406, 48.15179974], [11.58482673, 48.15176201], [11.58482882, 48.15176912], [11.58512971, 48.15172199], [11.58513091, 48.1517218], [11.58526291, 48.15170119], [11.58543114, 48.1520808], [11.58572721, 48.15233882], [11.58599046, 48.15248969], [11.58769871, 48.15327726], [11.58771676, 48.15327111], [11.58780758, 48.15324004], [11.58790716, 48.15320578], [11.58799705, 48.15312211], [11.58818408, 48.15286252], [11.58819238, 48.15285095], [11.58832755, 48.15301081], [11.5884637, 48.15312522], [11.58862684, 48.15324236], [11.58863224, 48.15325095], [11.58863046, 48.15326018], [11.58862935, 48.15326175], [11.58862802, 48.15326323], [11.58860854, 48.15327818], [11.58860416, 48.15329093], [11.58860777, 48.15330379], [11.58861879, 48.15331459], [11.58863535, 48.15332154], [11.58876945, 48.1533604], [11.58884022, 48.15338375], [11.58892767, 48.15340555], [11.58905554, 48.1534492], [11.58908894, 48.15345831], [11.58912488, 48.15346942], [11.58915518, 48.15347888], [11.589186, 48.15349132], [11.58927785, 48.15353294], [11.58932738, 48.15355633], [11.58935987, 48.15357633], [11.58938281, 48.15359863], [11.58940489, 48.15362677], [11.58945285, 48.15367956], [11.58948631, 48.1537152], [11.58960857, 48.15384197], [11.58967167, 48.15393249], [11.58972161, 48.15400434], [11.58984598, 48.15418826], [11.5899139, 48.15428652], [11.58991682, 48.15429076], [11.58996766, 48.15437087], [11.59000937, 48.15444908], [11.5900157, 48.15446529], [11.59002983, 48.15451238], [11.59005524, 48.15461375], [11.59005866, 48.15469119], [11.59006116, 48.15476639], [11.59004158, 48.15506698], [11.59000066, 48.15532794], [11.58998742, 48.15543915], [11.58997321, 48.15548559], [11.58994217, 48.15555148], [11.58985522, 48.15571447], [11.58984088, 48.15574167], [11.58981755, 48.15578539], [11.58977177, 48.15588399], [11.58970557, 48.15603459], [11.58957806, 48.15628754], [11.58947305, 48.15646292], [11.58948408, 48.15646107], [11.5894801, 48.15646851], [11.58945571, 48.15651404], [11.58942355, 48.15656858], [11.58950856, 48.15656762], [11.59061274, 48.15654252], [11.59097988, 48.15652555], [11.59127197, 48.15649099], [11.59154795, 48.15642363], [11.59167728, 48.15634083], [11.59173644, 48.15627985], [11.59178258, 48.15618892], [11.59186686, 48.15596475], [11.59209449, 48.15551534], [11.59237213, 48.15506224], [11.59244254, 48.15496787], [11.59286414, 48.15421705], [11.59335017, 48.15311363], [11.59341115, 48.15267339], [11.59374386, 48.15223031], [11.59407381, 48.15166671], [11.59455261, 48.15123596], [11.59524609, 48.15067146], [11.59675951, 48.1499856], [11.59795105, 48.14944209], [11.59816854, 48.14934619], [11.59823939, 48.14941948], [11.59825571, 48.14941217], [11.59866703, 48.14985192], [11.59863697, 48.14986405], [11.59927927, 48.15056925], [11.59966486, 48.15099057], [11.59969619, 48.15102495], [11.60082157, 48.15228055], [11.60111007, 48.15260191], [11.60185094, 48.15342772], [11.60202447, 48.15362112], [11.6033914, 48.15514549], [11.60450375, 48.15638554], [11.60478329, 48.15669716], [11.60490439, 48.15683222], [11.60499211, 48.15693006], [11.60508142, 48.15702952], [11.60537576, 48.15735793], [11.60598464, 48.15803877], [11.60648071, 48.15859233], [11.60943782, 48.16189088], [11.60966186, 48.16214085], [11.60979821, 48.1622934], [11.61384994, 48.16681223], [11.61445132, 48.16748273], [11.6148166, 48.1679717], [11.61544779, 48.1688229], [11.61545604, 48.1688348], [11.61548676, 48.16888033], [11.61556248, 48.16889804], [11.61562264, 48.16890788], [11.61570807, 48.16893544], [11.61577238, 48.16898208], [11.61577871, 48.16898021], [11.61580396, 48.16898399], [11.61589319, 48.16908309], [11.61595487, 48.16915149], [11.61602876, 48.16923347], [11.61602353, 48.16925072], [11.61613236, 48.16935148], [11.61615065, 48.16937286], [11.61616337, 48.16939599], [11.61617018, 48.16942021], [11.61617088, 48.16944485], [11.61624299, 48.16952404], [11.61667151, 48.16999341], [11.61682536, 48.17015427], [11.61697294, 48.17030153], [11.61745195, 48.17074151], [11.61811058, 48.17134535], [11.61833982, 48.17156966], [11.61907771, 48.17239448], [11.61928266, 48.17270783], [11.61997657, 48.17354049], [11.62068621, 48.17432661], [11.62075646, 48.17440904], [11.62202593, 48.1758189], [11.62310415, 48.17701907], [11.62392169, 48.17792641], [11.62474999, 48.1788453], [11.62571888, 48.1799205], [11.62636873, 48.18063979], [11.62643173, 48.18059548], [11.62651026, 48.18055207], [11.62695811, 48.18030423], [11.6269938, 48.18028292], [11.62705238, 48.18024794], [11.62724801, 48.18013015], [11.62731495, 48.18008988], [11.62734898, 48.18007039], [11.62738599, 48.18004858], [11.62753453, 48.17996106], [11.62761044, 48.17991618], [11.62765931, 48.17988739], [11.62778512, 48.17981328], [11.6279094, 48.17973992], [11.62795194, 48.17971494], [11.62797961, 48.17969849], [11.62826493, 48.17953009], [11.62837308, 48.17946624], [11.62844598, 48.17964327], [11.62855292, 48.17981861], [11.62889268, 48.18030982], [11.62895042, 48.18037664], [11.62898053, 48.18047233], [11.62903962, 48.18072224], [11.62978872, 48.18163743], [11.63002324, 48.18185586], [11.63018677, 48.18208774], [11.63026575, 48.18208143], [11.6303868, 48.18219407], [11.63049156, 48.18229119], [11.63055752, 48.18235235], [11.63061125, 48.18240216], [11.63066228, 48.18244947], [11.63070208, 48.18248646], [11.63087034, 48.18258978], [11.63107703, 48.18275389], [11.63129028, 48.18289274], [11.63153139, 48.18306615], [11.6313244, 48.18322134], [11.63103656, 48.18333878], [11.63109602, 48.18341306], [11.63108306, 48.18341851], [11.6311108, 48.18343334], [11.63116358, 48.18346139], [11.63123162, 48.18349766], [11.63113363, 48.18352935], [11.63109926, 48.18354021], [11.63097548, 48.18358001], [11.63078432, 48.18364145], [11.63074914, 48.18365276], [11.63057132, 48.18370993], [11.63050087, 48.18363436], [11.62945697, 48.18402243], [11.62960212, 48.18420201], [11.62956073, 48.18421662], [11.62925744, 48.18432928], [11.62935085, 48.18443259], [11.62940516, 48.18449264], [11.62940983, 48.18449752], [11.6294221, 48.18451258], [11.629522, 48.18463406], [11.62955412, 48.18467347], [11.6299621, 48.18517057], [11.63056462, 48.18600757], [11.63114983, 48.18678569], [11.63178065, 48.18760433], [11.63235167, 48.18839646], [11.63285873, 48.18920168], [11.63336149, 48.1900453], [11.63385031, 48.19088487], [11.6343501, 48.19173902], [11.63482684, 48.19256073], [11.6353284, 48.19341782], [11.6358137, 48.19425336], [11.63629063, 48.19509643], [11.63668409, 48.19579676], [11.63676306, 48.19593865], [11.63722669, 48.19678932], [11.63769106, 48.19764114], [11.63810732, 48.19848917], [11.63834626, 48.19927456], [11.6385143, 48.20014682], [11.63852372, 48.20117285], [11.63854549, 48.20208068], [11.6386846, 48.20287518], [11.63912043, 48.20376498], [11.63968635, 48.20460803], [11.63977715, 48.20471186], [11.63991482, 48.20485901], [11.64007762, 48.20503295], [11.64041489, 48.20538887], [11.64047529, 48.20543613], [11.64072789, 48.20563382], [11.64127943, 48.20607051], [11.64235412, 48.20669602], [11.64274951, 48.20687383], [11.64319909, 48.2070756], [11.64351021, 48.20721742], [11.64460805, 48.20771289], [11.64510946, 48.2079609], [11.64560837, 48.20820755], [11.64670319, 48.20879765], [11.64754244, 48.20936], [11.64759575, 48.20939579], [11.64761707, 48.20940975], [11.64762545, 48.20941629], [11.64801961, 48.20972424], [11.64803569, 48.20973713], [11.64804959, 48.20974831], [11.6480683, 48.20976333], [11.6480724, 48.2097736], [11.6482878, 48.21005516], [11.64838175, 48.21017375], [11.64848823, 48.21030169], [11.64883223, 48.21074888], [11.64958753, 48.21174935], [11.64975892, 48.2117572], [11.65015985, 48.21250323], [11.65049499, 48.21337769], [11.65066046, 48.21425012], [11.65072479, 48.2151353], [11.65065223, 48.21602464], [11.65050545, 48.21694311], [11.65050579, 48.21700952], [11.64843142, 48.21781741], [11.64823528, 48.21789549], [11.64819434, 48.2179116], [11.64810103, 48.21794822], [11.64791661, 48.21802048], [11.6475447, 48.21816675], [11.64747259, 48.21819512], [11.64712966, 48.21833003], [11.64708398, 48.218348], [11.6468095, 48.21845593], [11.64677862, 48.21846591], [11.64674715, 48.21847614], [11.6458305, 48.21877364], [11.64529187, 48.21896546], [11.64280708, 48.21988112], [11.64272244, 48.21996812], [11.64262141, 48.22006875], [11.64252499, 48.2201351], [11.64244106, 48.22018278], [11.64243329, 48.22021711], [11.64243627, 48.22023304], [11.64248972, 48.22033025], [11.64293013, 48.22051525], [11.64300936, 48.2206233], [11.64301864, 48.22064544], [11.64284916, 48.2206941], [11.6427255, 48.2207296], [11.64263136, 48.22075668], [11.6406409, 48.22132846], [11.64049564, 48.22136953], [11.6404812, 48.22137425], [11.64036307, 48.2214073], [11.64033556, 48.22141468], [11.64024131, 48.22144135], [11.63915131, 48.2217509], [11.63902133, 48.22202906], [11.6388243, 48.22237638], [11.63869545, 48.22265154], [11.63866705, 48.22270865], [11.63858366, 48.22288676], [11.6385449, 48.22296954], [11.6385137, 48.22308096], [11.63847687, 48.22320838], [11.63847611, 48.22322097], [11.63847044, 48.22331656], [11.63846492, 48.22341017], [11.63846631, 48.22365123], [11.63838909, 48.22382375], [11.63825388, 48.22416372], [11.63827334, 48.22438241], [11.63825961, 48.22463934], [11.63830686, 48.22475191], [11.63854855, 48.22495655], [11.63885214, 48.22516286], [11.63917749, 48.22538048], [11.63945196, 48.22564349], [11.63947465, 48.22570571], [11.63928846, 48.2257741], [11.63909639, 48.22585791], [11.63899583, 48.22596099], [11.63816854, 48.22609703], [11.63729854, 48.22620696], [11.63668462, 48.22631005], [11.63666479, 48.22627688], [11.63565395, 48.22650748], [11.63467018, 48.22678898], [11.63376821, 48.22702038], [11.63314245, 48.22719294], [11.63306367, 48.22721463], [11.63303332, 48.22722298], [11.63290928, 48.22706951], [11.63270287, 48.2271238], [11.63269465, 48.22712594], [11.63265538, 48.22713624], [11.63263054, 48.22714276], [11.63260688, 48.22714897], [11.6323703, 48.22721114], [11.63234638, 48.22721743], [11.63232215, 48.22722379], [11.63212574, 48.22727538], [11.63206867, 48.22729037], [11.63199897, 48.22730867], [11.63184145, 48.22735034], [11.63127429, 48.22749366], [11.6311317, 48.22752969], [11.63103136, 48.22755503], [11.63030608, 48.22773826], [11.62857488, 48.22819238], [11.62859718, 48.22825332], [11.62695421, 48.22866071], [11.62550628, 48.22903202]]]}}]}